MFCCs_13,MFCCs_22,MFCCs_15,MFCCs_11,frogs
0.329664037471724,-0.0764279441324062,-0.154499703829632,-0.129723464155117,LeptodactylusFuscus
-0.183984621167532,0.0406983725915405,0.0964678210893913,0.105577037518506,Ameeregatrivittata
0.10642933910117,0.0016455069286383,-0.0290994192710554,-0.0675511649034147,HypsiboasCordobae
0.399834399671466,0.224480338898023,-0.301441829560031,-0.286385733904962,AdenomeraHylaedactylus
0.294741513911667,0.232870952207288,-0.342273145970337,-0.309715958491488,AdenomeraHylaedactylus
-0.166552169148858,0.0995411562714256,0.262871297729978,0.0988118232157045,AdenomeraHylaedactylus
-0.160116255742876,-0.161209721610992,0.24342773439831,0.0593781473477168,HypsiboasCinerascens
0.379899294933624,0.170882936787309,-0.215027337653196,-0.337693933907332,AdenomeraHylaedactylus
0.351986581691637,0.234333713379823,-0.313327068702476,-0.277644178609861,AdenomeraHylaedactylus
0.44911337266354,0.222807514375927,-0.33676312504993,-0.374536549591532,AdenomeraHylaedactylus
-0.0139992046983426,-0.0723757788470169,0.148164779886558,-0.0488621004535811,Ameeregatrivittata
0.0484615834177491,0.0201659887217544,-0.0117993237585413,-0.066083787746083,ScinaxRuber
0.157684272258346,-0.0254703263168607,-0.069516644168143,0.021855162593514,LeptodactylusFuscus
-0.257622156219641,-0.017275043145891,0.313970418683992,0.170315067044312,AdenomeraAndre
-0.20939106147094,-0.0746972806363328,0.260682217030576,0.226103804767151,HylaMinuta
0.31593706236735,0.230602167596425,-0.321174896265292,-0.278270391354168,AdenomeraHylaedactylus
-0.18958676031927,-0.103840314922106,0.257579632223783,0.201351229667236,HylaMinuta
0.383458859287961,0.258562985093237,-0.362057816775957,-0.299934203566633,AdenomeraHylaedactylus
0.0707763776154503,0.0337366984408074,-0.0802061385330241,0.0315498073508709,HypsiboasCordobae
0.220982716329011,0.110980187424438,-0.238793282152671,-0.236759570827131,AdenomeraHylaedactylus
-0.294787236181611,0.0239532155904461,0.36519766401558,0.220569447476672,AdenomeraAndre
0.100866954922667,0.0053686084670703,-0.109342825218071,0.0641430535255735,HypsiboasCordobae
0.428336912954645,0.153909017453965,-0.26176770258703,-0.348445170399999,AdenomeraHylaedactylus
-0.121867280080823,0.0057743482315229,-0.0066471589865111,0.222316492034201,AdenomeraAndre
0.0638811075541133,0.0734423545536335,-0.107509838073474,0.0581469598022439,HypsiboasCordobae
0.0991267904327618,0.0543425523513285,-0.0443588785030117,-0.0782572652375452,HypsiboasCordobae
0.0816743994067545,0.0849006468111331,0.0047028620772689,-0.087259646072274,HypsiboasCordobae
0.0840846641033125,-0.0276135136249052,-0.0682067765045727,0.0475057986110306,HypsiboasCordobae
0.159303795460875,0.115454611357799,-0.167575929894789,-0.230171439287056,AdenomeraHylaedactylus
0.285291591332687,0.209750780394457,-0.239797779567857,-0.259154146986077,AdenomeraHylaedactylus
-0.295043811694022,0.0636037478796739,0.338269075044604,0.25404092830491,AdenomeraAndre
0.286697381225008,0.179867436146864,-0.183859829099652,-0.25825528238322,AdenomeraHylaedactylus
0.313217721313502,0.209495199504746,-0.278647371936352,-0.279553078549837,AdenomeraHylaedactylus
0.329575864630984,0.153154543115975,-0.246166792144842,-0.257098446336412,AdenomeraHylaedactylus
-0.105466789172007,-0.0366692642705687,0.0303906355581803,0.27919649927775,AdenomeraAndre
0.373723436246771,0.225952786580963,-0.275465338188439,-0.216591738935844,AdenomeraHylaedactylus
-0.215000270598298,-0.018751926814404,0.356646502721423,-0.0404671601272533,AdenomeraAndre
0.265726018137378,0.188063608053831,-0.265190263799515,-0.164685589211606,AdenomeraHylaedactylus
0.371235242241555,0.186313106459046,-0.244806134578732,-0.415966445078551,AdenomeraHylaedactylus
0.0009971328084568,-0.0164752150377397,0.0166165824047615,0.0484635068103047,Rhinellagranulosa
-0.121966185446442,0.0678161121128984,0.0866343860529923,0.241767138994847,AdenomeraAndre
0.31355738042751,0.185533198515966,-0.286931078475264,-0.282478883679922,AdenomeraHylaedactylus
0.317094100621196,0.166496889114849,-0.333724316417366,-0.264949383133107,AdenomeraHylaedactylus
-0.223963457247386,-0.264981170019665,0.281475417854353,0.0194634795387056,HypsiboasCinerascens
-0.165751058167824,0.0509921882181881,0.377850341786796,-0.0198550982366354,AdenomeraAndre
0.139091836739874,-0.0072421359095012,-0.125908064803231,0.0922017525077924,HypsiboasCordobae
0.355460870082875,0.148935672452449,-0.227077596943867,-0.360602539415568,AdenomeraHylaedactylus
-0.258946236648683,-0.0448481677008195,0.12101286111248,0.194488904635832,Ameeregatrivittata
0.0800337813450314,-0.0044865983004993,-0.0840360073324537,0.0477703573555883,HypsiboasCordobae
0.179380733228019,0.177461504890202,-0.187532725446906,-0.176946259345335,AdenomeraHylaedactylus
0.338080374224532,0.174340425575338,-0.284241153628443,-0.225285109178504,AdenomeraHylaedactylus
0.292831692827806,0.221458150696503,-0.213299527911783,-0.230164102928371,AdenomeraHylaedactylus
-0.0156901634141533,0.0058845033881859,-0.0990571285763715,0.0502442834189895,Ameeregatrivittata
0.267371349861722,0.189876279706909,-0.256199478277515,-0.158520616308737,AdenomeraHylaedactylus
0.281385090480859,0.200650670464919,-0.272539712011656,-0.248212990399358,AdenomeraHylaedactylus
0.383820300056741,0.205743393795042,-0.30991347407535,-0.297225158155778,AdenomeraHylaedactylus
-0.090832042279181,-0.188877789692896,0.242888275976711,-0.0518713933542923,HypsiboasCinerascens
0.0851752139056421,-0.0106689833733598,-0.142262943487816,0.0908004169146877,HypsiboasCordobae
0.396114596464166,0.221454595761375,-0.374124839272497,-0.25211772819085,AdenomeraHylaedactylus
0.29880394281203,0.260137909926515,-0.259120719054146,-0.263657894323724,AdenomeraHylaedactylus
0.116029481318987,0.155482860054864,0.106573016190841,-0.111731561950791,Ameeregatrivittata
0.0992239107606952,-0.0216881983802322,-0.122889910254418,0.0665060241772088,HypsiboasCordobae
0.474233580708898,0.206407529821905,-0.414132144114213,-0.311098758739716,AdenomeraHylaedactylus
0.0499520876663141,0.0628639631703225,-0.0080578223666572,-0.0350893884214308,HypsiboasCordobae
-0.177708120948575,-0.198014034928416,0.182382403287644,-0.183235873571377,HypsiboasCinerascens
0.333282035938064,0.246264705803848,-0.242518510157392,-0.28596828572547,AdenomeraHylaedactylus
0.336145693734192,0.206413765544142,-0.294299289097015,-0.286035224842554,AdenomeraHylaedactylus
0.168851867707354,-0.0318683074657774,-0.0014727111802172,-0.16474224533742,HylaMinuta
0.270079494522387,0.225253428447822,-0.246122940275322,-0.304561909560497,AdenomeraHylaedactylus
0.361616385234335,0.18459916385608,-0.251161823696771,-0.308686515432663,AdenomeraHylaedactylus
0.323738598338809,0.0867939405216486,-0.161921294607412,-0.224897988670338,HypsiboasCordobae
-0.0010319416096476,-0.0994825083826029,0.145871948680867,-0.117313568084224,HypsiboasCinerascens
0.117209978874381,0.0103718710774661,-0.166711172851354,0.0424073271493411,HypsiboasCordobae
-0.334227403142131,0.031255371175569,0.111168865528776,0.280665246033394,AdenomeraAndre
0.233760541557299,0.123077891261834,-0.205144856561384,-0.297596765703952,AdenomeraHylaedactylus
0.236595900301866,0.185896379461071,-0.235551864076153,-0.230742525099574,AdenomeraHylaedactylus
0.21108302013045,0.225750166884529,-0.208885854911777,-0.152357316251037,AdenomeraHylaedactylus
0.149234848671085,-0.004605865587966,-0.101077661895785,-0.0782824486267741,HylaMinuta
-0.194586473861166,0.0345631905129444,0.0891616070565196,0.29284254216049,AdenomeraAndre
0.230843071020311,0.224843450855883,-0.193068402706516,-0.170750481955121,AdenomeraHylaedactylus
-0.076990470391428,-0.142762482378818,0.196522007224072,-0.0876060866131373,HypsiboasCinerascens
-0.0324477257092115,0.0387821507398198,-0.0706847594623611,0.13458937490503,Ameeregatrivittata
0.098843556015708,0.0717529725428286,-0.074102588552714,-0.117440136130821,HypsiboasCordobae
-0.257492207317535,-0.0629238810877936,0.0791302391076531,-0.101421594340807,AdenomeraAndre
0.3609057919604,0.179046112808183,-0.313748667682829,-0.307370024330208,AdenomeraHylaedactylus
-0.0038467286762586,0.0214446326434836,-0.0450372420826739,0.138541787834374,Ameeregatrivittata
-0.119918704521853,-0.0328565437605736,0.224501062894184,0.107777372200236,OsteocephalusOophagus
-0.0922451335918544,-0.0690848612530992,0.154979787511416,-0.0714781128669269,Ameeregatrivittata
0.110152702060439,-0.0199890471656216,-0.128403350388,0.104782236991485,HypsiboasCordobae
0.268939933484185,0.13581592086252,-0.20127514263091,-0.246550202476749,AdenomeraHylaedactylus
-0.1197137922232,-0.0144580842877558,0.183794774032225,0.0897496950120885,HylaMinuta
-0.234773057112482,0.027058176551963,0.10975567866649,0.204872331974799,Ameeregatrivittata
0.403702879525755,0.190758295602551,-0.324575390255394,-0.239664677748795,AdenomeraHylaedactylus
0.150149847502397,-0.0962607565733113,0.0598989577356121,-0.0067010371240481,HypsiboasCordobae
0.246786360644311,-0.132854258211118,-0.18337317525143,-0.154754872015908,LeptodactylusFuscus
0.33242903820339,0.155488914696659,-0.343080838003462,-0.231307199291831,AdenomeraHylaedactylus
0.300443321514156,0.193675912650778,-0.293657996286797,-0.287665288560207,AdenomeraHylaedactylus
0.0009017643384108,-0.021620321137924,-0.0888122190808638,0.22793178081975,AdenomeraAndre
0.304771998789909,0.224175334825901,-0.327996773445843,-0.20468137960638,AdenomeraHylaedactylus
0.328423720203602,0.199877669493122,-0.2962805498985,-0.339342292944637,AdenomeraHylaedactylus
0.0379314360998312,-0.0500505902991596,-0.0794015962467429,0.153298164071393,Ameeregatrivittata
0.130484917810671,-0.0166203737531468,-0.0986930336900721,0.0645784612338373,HypsiboasCordobae
-0.0784643331838673,0.0163928403202075,0.040771873147017,0.321926122094073,AdenomeraAndre
0.292332147292811,0.117159083663167,-0.261624403201948,-0.223024055156793,AdenomeraHylaedactylus
-0.163354941027255,-0.180163056956421,0.284209741705608,-0.0066862667527829,HypsiboasCinerascens
-0.017732868529281,0.0035862566142211,0.0250623754447561,0.0701341942086751,Rhinellagranulosa
0.199539899391634,0.084988474687361,-0.162289725536976,-0.127910971773978,HypsiboasCordobae
-0.108483301736954,0.0414065000169413,0.274031459627288,-0.257410335134169,Ameeregatrivittata
0.0271391560140945,-0.0279568618253649,0.204877084964955,-0.133480780142311,HypsiboasCinerascens
0.293887794477316,0.208144342466083,-0.242048363465855,-0.261935332745676,AdenomeraHylaedactylus
0.338251461312583,0.164899757765392,-0.342199690638432,-0.315147167584234,AdenomeraHylaedactylus
0.245485707570619,0.214100260849422,-0.189670504209554,-0.230217386089773,AdenomeraHylaedactylus
-0.113774690026793,-0.171761332575409,0.245185383454388,-0.0281138736756641,HypsiboasCinerascens
0.3976382730155,0.2013599959316,-0.307293705670499,-0.342999473129487,AdenomeraHylaedactylus
0.246974833568095,0.184505152773609,-0.130674937944186,-0.139815672195891,AdenomeraHylaedactylus
0.292940324769075,0.206456503678741,-0.204917437802692,-0.243511261142121,AdenomeraHylaedactylus
-0.0043182306075664,0.0173850257580839,0.0085816094951561,0.0700554545121336,OsteocephalusOophagus
0.370687999820497,0.175989194540711,-0.278216432225057,-0.358990581904596,AdenomeraHylaedactylus
0.322614778301369,-0.132244972860377,-0.1257343201262,-0.183809477962411,LeptodactylusFuscus
-0.0492343317977856,-0.0150916544143964,0.181543072081265,-0.0763340975441805,Ameeregatrivittata
0.0873812111954082,0.0334631553823995,-0.0079996811716059,-0.0843792063105043,HypsiboasCordobae
0.348457114432296,-0.167671022104982,-0.209544499454054,-0.146047902463383,LeptodactylusFuscus
-0.13974246785988,-0.173766612061599,0.296773176123972,-0.0467283366019773,HypsiboasCinerascens
-0.0066714723901428,-0.197266274576551,0.0991388868062182,0.17557022181663,HylaMinuta
0.418992216187047,0.191310990200602,-0.336249281670111,-0.40150531727544,AdenomeraHylaedactylus
-0.119540578144056,-0.0750478496151813,0.0321746470281995,0.205783631208821,AdenomeraAndre
0.0735224237753224,0.0557128376530815,-0.0073795373908516,-0.082989394151991,HypsiboasCordobae
0.102932151702017,0.0463166156461768,-0.0439961225454812,-0.0944652321691169,HypsiboasCordobae
-0.0748349278515061,-0.0735741835852612,0.191271711905991,0.0416681108872837,Ameeregatrivittata
0.109869669047671,0.0804501365619227,-0.0319625858986387,-0.094701552502599,HypsiboasCordobae
0.372066546242927,0.153818502608084,-0.34093828620047,-0.241960421768185,AdenomeraHylaedactylus
0.168612775824796,0.12581867830491,-0.104927338891341,-0.175878318816668,AdenomeraHylaedactylus
-0.180475525196294,-0.0652699687527601,0.128043842019912,0.0902345006242048,Ameeregatrivittata
-0.23863554884881,0.0476338418211778,0.174775974129715,0.273688010037538,AdenomeraAndre
-0.0784165777863527,0.0195058541115685,0.0490936760581103,0.185596549499709,AdenomeraAndre
0.152585038968127,0.326186762008469,-0.0629429170884961,-0.255341367076676,AdenomeraHylaedactylus
-0.125504598671268,-0.115747136721273,0.224876721701229,0.0667175950996627,HypsiboasCinerascens
0.306879083782792,0.141882664289677,-0.281582788897953,-0.3145992138179,AdenomeraHylaedactylus
0.288131007192099,0.186084425278449,-0.222698354751652,-0.276988436359385,AdenomeraHylaedactylus
0.380233782959182,0.165075520975893,-0.230383578599084,-0.326613266834936,AdenomeraHylaedactylus
0.29889429434865,0.27334467957074,-0.311222366759676,-0.232753888708535,AdenomeraHylaedactylus
-0.176270805884302,-0.153039338726876,0.154704063763206,-0.0951937667262004,HypsiboasCinerascens
0.277604248502472,0.281882675553207,-0.309017768317757,-0.168126451773081,AdenomeraHylaedactylus
0.405548699028487,0.275735702334735,-0.358084213834521,-0.304651103568813,AdenomeraHylaedactylus
0.110846577662125,0.0338749358926175,-0.1215645290816,0.103171320060721,HypsiboasCordobae
0.282928393243115,0.187775200141902,-0.30616634208768,-0.259914089300806,AdenomeraHylaedactylus
0.366892759253446,0.181574477785855,-0.316081228679783,-0.342275342741487,AdenomeraHylaedactylus
0.263486138082384,0.176476215337635,-0.187059181519625,-0.199222056135969,AdenomeraHylaedactylus
0.230033205251407,0.202241331411059,-0.318588382482269,-0.15982658843411,AdenomeraHylaedactylus
0.262862522869717,0.285270372759877,-0.23856503317825,-0.140475361214513,AdenomeraHylaedactylus
-0.11184002477206,-0.0581198440295149,0.0253502736365615,0.206726606603826,AdenomeraAndre
0.337658055550101,0.196554403131106,-0.268671576716149,-0.389549519933511,AdenomeraHylaedactylus
0.1200925015439,0.0328322344472298,-0.124645796990716,0.0613868545533402,HypsiboasCordobae
-0.122851822593313,0.0420532349995747,0.050035799372566,0.288184788076465,AdenomeraAndre
0.0040093012743518,-0.0069606472375525,-0.0437349318099236,0.260273387698441,AdenomeraAndre
0.386306048119387,0.234977849665853,-0.318212494353516,-0.383236898148923,AdenomeraHylaedactylus
0.347571081791358,0.248591328884238,-0.311011450501121,-0.277560827937467,AdenomeraHylaedactylus
0.0777418890450962,0.0091128930127872,-0.0837151236214765,0.0385493934971618,HypsiboasCordobae
0.131590380369128,0.0233482117076001,-0.136138349841886,0.0055888021912648,HypsiboasCordobae
-0.0994281603793822,-0.113182434868603,0.227243407039408,0.0258446886233856,Ameeregatrivittata
0.372340668765025,0.170054935100092,-0.215592519332235,-0.301922159419902,AdenomeraHylaedactylus
0.37849742099853,0.188262989588786,-0.352984929067729,-0.300300631019901,AdenomeraHylaedactylus
0.343078527706251,0.181470731594668,-0.254135116708053,-0.303948349429044,AdenomeraHylaedactylus
-0.123750256572412,0.0284181788543373,0.0915636497240551,0.214961378338999,AdenomeraAndre
0.23375626118988,0.224849503440517,-0.26768068126808,-0.238560398054044,AdenomeraHylaedactylus
0.426687255072073,0.158051411413607,-0.374860863636235,-0.334999374554937,AdenomeraHylaedactylus
-0.164674783657148,-0.101892211308697,0.0307668920332035,0.0385448334583175,ScinaxRuber
0.336342443938224,0.253270439713365,-0.268613874174972,-0.233110398747396,AdenomeraHylaedactylus
0.130033391559591,-0.106742175740752,-0.0617747701631302,0.0614558494030726,HypsiboasCordobae
0.0841968658688422,0.0126263959401141,-0.0613748478585916,-0.0923810245849128,HypsiboasCordobae
0.438507775746871,0.176398306557871,-0.308978440762718,-0.400671792859621,AdenomeraHylaedactylus
-0.0124183094310042,-0.0462515772371349,0.0634699992192923,0.0348809185064276,HypsiboasCinerascens
0.341084102026748,0.16154507065587,-0.270126600744926,-0.27143408685348,AdenomeraHylaedactylus
-0.308191569753545,-0.0435709659270557,0.300230985290198,0.163710002958199,AdenomeraAndre
0.179464804268735,-0.0585865083094526,-0.07261857553662,-0.0682083611684855,HylaMinuta
0.34823095776902,0.0833766030078562,-0.215489407499226,-0.231595473963088,AdenomeraHylaedactylus
-0.0081986899464691,-0.0442279542634404,0.190710677871216,-0.0546573231241421,Ameeregatrivittata
0.414553840939049,0.209193745581671,-0.339118445693017,-0.335186234898586,AdenomeraHylaedactylus
0.0893477466761762,-0.0245752335230805,-0.0850330453313686,0.110279145625812,HypsiboasCordobae
0.465308824570454,0.255262290044206,-0.331758641218546,-0.286543001630537,AdenomeraHylaedactylus
0.255758476027706,-0.0582806479033412,-0.125746260014169,0.0267258530453632,HypsiboasCinerascens
0.408059307643003,0.229220725255961,-0.403118724299696,-0.332724434916169,AdenomeraHylaedactylus
0.110541010474199,-0.0259655493977541,-0.11637938357584,0.0853400284585724,HypsiboasCordobae
0.254044002731826,0.17510604538626,-0.223967904718144,-0.195499257590543,AdenomeraHylaedactylus
0.0819993412813554,0.0686162691898378,-0.0144466696624112,-0.090637543664474,HypsiboasCordobae
0.368483030054127,0.260228438779465,-0.284896364004686,-0.309969275843748,AdenomeraHylaedactylus
0.163229856895897,0.237834908195711,-0.207761191290806,-0.136611459448363,AdenomeraHylaedactylus
0.313289399381417,0.240357171788308,-0.253321050552173,-0.321429243027317,AdenomeraHylaedactylus
-0.0442336952346818,-0.0513625016561819,0.205708656982249,-0.0631644415311157,Ameeregatrivittata
0.137214685801944,0.049210030837779,0.0262104528752866,-0.0628227326797158,HypsiboasCordobae
0.368529501807469,0.164380169743159,-0.278849852763259,-0.395219352680149,AdenomeraHylaedactylus
-0.202800722130594,-0.0818987560876008,0.237801762526042,0.125196108421406,AdenomeraAndre
0.351542035590273,0.207020589452981,-0.322184016991871,-0.230724506311968,AdenomeraHylaedactylus
0.235825085170038,0.254113226031198,-0.190627299464545,-0.22133552908063,AdenomeraHylaedactylus
0.0423026505505172,-0.106174029305007,-0.0350546614173982,-0.0699686390605214,HylaMinuta
0.0419688479126265,0.0184520805848594,-0.139468352924395,0.112469467135753,HypsiboasCordobae
0.310251370070439,0.0885313227022237,-0.199692258205864,-0.381959683259645,AdenomeraHylaedactylus
0.270299841873142,0.213519426861344,-0.202098432104663,-0.285821144591819,AdenomeraHylaedactylus
0.201447745731647,0.116577943829066,-0.192064976697529,-0.232120630160154,AdenomeraHylaedactylus
0.332464643362036,0.216979265811831,-0.283064175992268,-0.35078897317738,AdenomeraHylaedactylus
-0.100930521288175,-0.161032042764166,0.192260884972004,-0.0766733900360629,HypsiboasCinerascens
0.061231215453987,0.0661480765406844,0.0144611353270529,-0.0386451353600667,HypsiboasCordobae
0.131385813303447,-0.01681458521453,-0.116458371759196,0.0421915208587233,HypsiboasCordobae
0.107511858594009,0.0313128273694828,-0.0436810074520393,0.120103598661862,Rhinellagranulosa
0.016366122200376,0.0465485362044986,0.135009598266896,-0.0631789205970071,Ameeregatrivittata
0.225119923288363,0.152279519038375,-0.194631467105588,-0.162018852213587,AdenomeraHylaedactylus
-0.107321084181899,-0.171626059236692,0.213919851316699,0.0175468708665848,HypsiboasCinerascens
-0.0347194124590517,-0.10481758113903,0.144847658388716,-0.05151355633492,Ameeregatrivittata
0.0981820663193737,0.0462229006000619,-0.126909785510017,0.0601177769179135,HypsiboasCordobae
-0.0060242275541811,0.0030013571486828,0.002085752866528,0.136730176336203,ScinaxRuber
0.32916670615903,0.189261021579897,-0.268441434167759,-0.291168555916181,AdenomeraHylaedactylus
-0.187438937079763,-0.0622994608303373,0.320996852184605,0.119344705129983,AdenomeraAndre
0.0631303567356523,0.0412466129263358,-0.0910424277354167,0.0758960331775778,HypsiboasCordobae
0.0656595330593794,0.0644525191011782,-0.0094259140317142,-0.0281869544904108,HypsiboasCordobae
-0.317686366795609,0.123456545186841,0.351074334588446,0.242735754890081,AdenomeraAndre
0.289590585647331,0.130697029780197,-0.174523263586397,-0.319670335231277,AdenomeraHylaedactylus
0.385681096386958,0.186817612761428,-0.371889757272398,-0.370564484051252,AdenomeraHylaedactylus
0.264543226128952,0.185032319855825,-0.179422715284204,-0.18680856157161,AdenomeraHylaedactylus
0.21520846501298,0.112528977277337,-0.197766260848544,-0.35555295298492,HypsiboasCordobae
0.316150579449672,0.253082886327403,-0.275914575790902,-0.199640540356649,AdenomeraHylaedactylus
0.0844925647448412,0.0640378906445855,-0.0611859375333311,-0.0570923991626168,HypsiboasCordobae
0.303056225751084,-0.0728957151073942,-0.148535229447775,-0.214189584216831,LeptodactylusFuscus
0.219110704525399,0.0120069909555859,-0.232086419850822,0.0116390904717124,HylaMinuta
0.370075504677623,0.204445185188648,-0.292597454301514,-0.267857562056167,AdenomeraHylaedactylus
0.351246344971846,0.238114399645605,-0.318169909552811,-0.330553094670432,AdenomeraHylaedactylus
-0.265781169259542,0.103637191394704,0.221783718490843,0.219708599057176,AdenomeraAndre
0.192699488492858,0.213585327898753,-0.166676863783096,-0.121675663228146,AdenomeraHylaedactylus
0.214011121057702,0.109774359153723,-0.111740573790212,-0.280645520711038,AdenomeraHylaedactylus
-0.0915137399417368,-0.141354694197098,0.189963344913297,0.0400459300726526,HypsiboasCinerascens
0.240722361751675,0.108355208918017,-0.143479993108844,-0.172277100699679,AdenomeraHylaedactylus
-0.24360930909014,-0.0787721193006851,0.157804206183898,-0.0310200666461084,AdenomeraAndre
-0.0462977098032584,-0.0818764067013427,0.163978353989205,-0.0343003166154805,Ameeregatrivittata
0.099362389758885,-0.0067241195426608,-0.1473308668981,0.078222502201651,HypsiboasCordobae
0.238791396485706,0.148374913109612,-0.220662482731645,-0.189003831625295,AdenomeraHylaedactylus
0.300983211808679,0.24858932745449,-0.304784920907336,-0.204917611426523,AdenomeraHylaedactylus
0.375000560462594,0.230709641590665,-0.355466971526356,-0.309908198912258,AdenomeraHylaedactylus
-0.244509334799528,-0.0389867238141828,0.350844515486274,0.196881386240331,AdenomeraAndre
0.44519063686492,0.173791622806894,-0.243083853387024,-0.349671665588147,AdenomeraHylaedactylus
0.186002011736226,0.216069691229157,-0.179674983290864,-0.147008907742022,AdenomeraHylaedactylus
0.324229937180212,0.214798047671156,-0.301320618852145,-0.258598560711742,AdenomeraHylaedactylus
0.014101147838819,-0.0346299628078321,-0.0724342313743228,0.218499905380705,AdenomeraAndre
-0.0286909382051127,0.0190333348742923,-0.0101331336286074,0.0368709726071694,ScinaxRuber
0.15590734677337,0.161325843943062,-0.170885332376601,-0.110266175629453,AdenomeraHylaedactylus
0.303709391792436,0.241101674713851,-0.25209394879804,-0.266789554824475,AdenomeraHylaedactylus
0.308744824559362,0.207392810460209,-0.230296131075749,-0.283917939408208,AdenomeraHylaedactylus
0.200085444044592,0.213486264038101,-0.185656023862953,-0.116914110533415,AdenomeraHylaedactylus
0.178397126419494,-0.136436878792915,-0.151485616942025,-0.0159454798876424,HylaMinuta
0.0798307313765875,0.0462229362516323,0.0046616044438355,-0.113929370617953,HypsiboasCordobae
0.181013636038729,0.176631638497358,-0.133176226540825,-0.152338870056103,AdenomeraHylaedactylus
-0.0699264129767961,-0.103295948144312,0.158962603863149,-0.0893375188646925,HypsiboasCinerascens
0.263649556140195,-0.0213435614441822,-0.0031926114528447,-0.178861661497223,HypsiboasCordobae
0.0914191737321906,0.046558336195084,-0.0602033177992198,-0.0545918208926008,HypsiboasCordobae
0.186332299697373,0.177906989080936,-0.244190856552833,-0.182981830987631,AdenomeraHylaedactylus
0.373193892964702,0.216581922996278,-0.303842894081973,-0.306388826651836,AdenomeraHylaedactylus
0.11709078452114,0.003594666545979,-0.0300060743556289,-0.071542539335232,AdenomeraAndre
0.443016967276739,0.182731432972746,-0.287535942355945,-0.311198831139309,AdenomeraHylaedactylus
-0.267119282877306,-0.0276054452785319,0.31118835704436,0.240963485126881,AdenomeraAndre
0.24565622020803,0.160734815690959,-0.214989478711518,-0.309175977931428,AdenomeraHylaedactylus
0.263651120135578,0.176484166063402,-0.307124668405856,-0.25916750858168,AdenomeraHylaedactylus
0.412861879325625,0.266394790772323,-0.42642864112008,-0.359193740745409,AdenomeraHylaedactylus
0.26949462977791,0.16176945301766,-0.217616902443736,-0.299716468788551,AdenomeraHylaedactylus
0.375497017082225,0.167633029243917,-0.211264392166837,-0.252345630207196,AdenomeraHylaedactylus
0.308930348216293,0.221435547414523,-0.292574792396929,-0.320226369388385,AdenomeraHylaedactylus
0.352123406550612,0.122095188172744,-0.1988318609312,-0.348933589123092,AdenomeraHylaedactylus
-0.128514177653321,0.0719878925579954,0.0479194038843843,0.292636190041286,AdenomeraAndre
0.220409849300557,0.190654816978662,-0.16956876913697,-0.271301675086581,AdenomeraHylaedactylus
-0.106426170945567,-0.0291701387811,-0.025184513457447,0.15394896380247,AdenomeraAndre
0.362577930442608,0.137577279873132,-0.204281887916105,-0.316412042970376,AdenomeraHylaedactylus
0.0653144935438518,0.0024965788028191,-0.0894768582606396,0.0914510549671145,HypsiboasCordobae
0.303918027271011,0.247598509337095,-0.297136596947186,-0.294139660131403,AdenomeraHylaedactylus
0.323691940412055,0.220391386218642,-0.281398457209279,-0.317265956803361,AdenomeraHylaedactylus
0.0686315446421167,0.0804824633906396,0.0001920783218654,-0.0633003330107408,HypsiboasCordobae
-0.0762256454365822,-0.0233536587047012,0.152915795857127,-0.0085996762559176,Ameeregatrivittata
-0.13343838040258,-0.10624318848934,0.147531446729756,-0.0447447268635177,HypsiboasCinerascens
0.303630716849353,0.187096948619002,-0.248358031157702,-0.299148865910004,AdenomeraHylaedactylus
-0.0215300796546353,-0.0957404086328922,0.0892196597253016,-0.0649476917811648,HypsiboasCinerascens
-0.214319193199802,0.0193586128681577,0.241823671577452,0.268369306586762,AdenomeraAndre
0.37695380428823,0.17870174580173,-0.265509683107917,-0.302913483561746,AdenomeraHylaedactylus
0.325138663313564,0.193902091579644,-0.285172885889382,-0.326663607247725,AdenomeraHylaedactylus
0.38835175133889,0.257845238343612,-0.3509624112672,-0.277169923218006,AdenomeraHylaedactylus
0.0715350860282623,0.0218519082495325,-0.0284293368272976,-0.0408955097914222,HypsiboasCordobae
-0.137964312719039,0.0231674442046711,-0.214675130185306,0.180402262637838,Ameeregatrivittata
0.312655595648718,0.252785201879102,-0.313683987283493,-0.198194091253962,AdenomeraHylaedactylus
0.0468915641958736,-0.0266389462631852,-0.0050985349554074,-0.0093356842155279,OsteocephalusOophagus
0.365643827444632,0.171212360398278,-0.214955327366805,-0.304217151820797,AdenomeraHylaedactylus
0.248012393251023,0.238070950149444,-0.190430299339088,-0.187707214663161,AdenomeraHylaedactylus
0.384666331654494,0.179121739346421,-0.233064442230116,-0.269043046715354,AdenomeraHylaedactylus
0.156104534974454,0.0252684701334034,-0.122802773256874,-0.142089593536757,HypsiboasCordobae
0.0324927644032334,-0.0477313332865547,-0.100194287702596,0.0768903506394893,HypsiboasCordobae
-0.509935829179811,0.237200510347184,0.444608646560773,0.417670371365682,AdenomeraAndre
0.0464556132222786,0.0539400186130711,-0.0387677069437621,-0.0726057148665681,ScinaxRuber
0.264688122883488,0.13888209966739,-0.158933298267289,-0.316523093149819,AdenomeraHylaedactylus
0.384413560038062,0.240696622855881,-0.219328172109729,-0.284977154474313,AdenomeraHylaedactylus
0.356173483885093,0.0964586515077734,-0.232200619837185,-0.246047850376113,AdenomeraHylaedactylus
-0.0393650913535767,0.0229995174290263,-0.0420944600401784,0.142753983401514,Ameeregatrivittata
0.389315614530893,0.131670145754509,-0.230067005268197,-0.302626006075453,AdenomeraHylaedactylus
0.347104312958111,0.163203149029651,-0.248211557756739,-0.265949750540546,AdenomeraHylaedactylus
0.38737196400278,0.140581675435994,-0.317095064103751,-0.372041969793753,AdenomeraHylaedactylus
0.0912429465807146,0.0202385699115844,-0.0934990760131451,0.0634891096118827,HypsiboasCordobae
0.332916383677191,0.131123633721723,-0.20482931161856,-0.352240790060247,AdenomeraHylaedactylus
0.330552650577078,0.241840805252622,-0.286158229183708,-0.294723641155231,AdenomeraHylaedactylus
-0.226811391566208,-0.0121830560221559,0.102042193522406,-0.114486214566417,AdenomeraAndre
0.101277884595991,0.0890406581534654,-0.0182805004468013,-0.072548020133827,HypsiboasCordobae
0.220755890690225,0.122544688447869,-0.0307367948494105,-0.17556838745264,HypsiboasCordobae
-0.143032917955795,0.0074736683295944,0.106981972397489,0.254501793954255,AdenomeraAndre
0.310782252101956,0.201523618196906,-0.279158730852443,-0.245600352294892,AdenomeraHylaedactylus
0.0861401483928906,-0.0641277210774204,-0.0602868815772504,-0.0825790068531471,HylaMinuta
-0.161300340891962,0.0623306178117661,0.0673005401435204,0.237364942956248,AdenomeraAndre
0.223293017597108,0.134508485200762,-0.122739224707348,-0.191256192215652,AdenomeraHylaedactylus
0.306749933391143,0.143710665662801,-0.286802910621757,-0.320658479490221,AdenomeraHylaedactylus
0.247352195495587,0.14825303014998,-0.164308497628944,-0.221983699321766,AdenomeraHylaedactylus
0.292408281382621,0.237440082196417,-0.30930763658862,-0.270979297681201,AdenomeraHylaedactylus
-0.318515960453111,0.059823802690137,0.401664572818389,-0.0227916864982086,AdenomeraAndre
0.245944790974305,0.159533378885732,-0.18875602726835,-0.173057309375616,AdenomeraHylaedactylus
0.350340490814924,0.173799968511005,-0.264753722156409,-0.316319723114644,AdenomeraHylaedactylus
0.103908278100681,0.0259553229487481,-0.0900934637033354,-0.0814022683373399,HypsiboasCordobae
0.425198332837968,0.157261676974079,-0.25934277371894,-0.284340297597414,AdenomeraHylaedactylus
-0.0899273033596699,-0.174426447816244,0.176812131099132,-0.0183125821727637,HypsiboasCinerascens
0.0537275396570506,-0.000659113782673,-0.0676226860978696,0.0406557841916047,HypsiboasCordobae
0.156998967238213,-0.132283674144769,-0.0516521968656815,-0.212631283288647,LeptodactylusFuscus
0.253298528757572,0.0444424147113013,-0.257641613965428,-0.154435866521258,HylaMinuta
0.2309794010089,0.146513262817316,-0.154615732928392,-0.275058411662585,AdenomeraHylaedactylus
0.248508249130008,0.16504167448037,-0.183641696012809,-0.180208463703611,AdenomeraHylaedactylus
-0.145796260845524,-0.174044951225305,0.153160008438245,0.10010674475028,HylaMinuta
0.36886245519579,0.181207860024576,-0.249208386346293,-0.360196823797808,AdenomeraHylaedactylus
0.100340966869081,0.0069095113151613,-0.120419513768716,0.082372602354007,HypsiboasCordobae
0.272813534824299,0.196728359578162,-0.233824619040709,-0.230098839908547,AdenomeraHylaedactylus
0.265424341214479,-0.0059418153434322,-0.162656415815102,-0.0951894539978004,HypsiboasCordobae
0.367252745546197,0.292813070087494,-0.261562199035027,-0.305465872924553,AdenomeraHylaedactylus
0.282074375311463,0.218272676327666,-0.200892650146824,-0.255292275926401,AdenomeraHylaedactylus
0.0451307485850936,0.0194992839654333,-0.0817022882678733,0.0572328677181477,HypsiboasCordobae
0.324661201622881,0.186065922009876,-0.26854658202626,-0.327039537542689,AdenomeraHylaedactylus
0.267897210739839,-0.159903437363284,-0.0906636672048013,-0.235507020922954,LeptodactylusFuscus
0.137325853099318,0.200648432503956,-0.111687725868182,-0.0847627863490492,AdenomeraHylaedactylus
0.0427465500496706,-0.0024070462224399,-0.0354123066892377,0.0856443553518043,Ameeregatrivittata
0.303887216259812,0.193365126067547,-0.275106468724771,-0.229649542862238,AdenomeraHylaedactylus
0.270136798370678,-0.11207901025313,-0.135854060033853,-0.201689628009565,LeptodactylusFuscus
0.193092907832925,0.154883177532235,-0.21440346355289,-0.148747215289245,AdenomeraHylaedactylus
0.351749002720843,0.180095492798195,-0.294376832422062,-0.230065059264961,AdenomeraHylaedactylus
-0.0406724815358036,-0.011990727860847,-0.0060758088475626,0.0314914312494432,ScinaxRuber
0.271772665496734,0.165583462372929,-0.231519438197101,-0.250686280987948,AdenomeraHylaedactylus
-0.366089484394022,0.0007452941075462,0.247163348047348,0.474573221847987,AdenomeraAndre
0.352712118066624,0.234161822210821,-0.277445103806203,-0.267735340306879,AdenomeraHylaedactylus
0.237112260527545,0.247060737751962,-0.234122867477283,-0.146538775578604,AdenomeraHylaedactylus
0.233498677420342,0.215618012152248,-0.204337929808288,-0.178417524964018,AdenomeraHylaedactylus
0.35848747256192,0.201019474617764,-0.241370700478595,-0.243765979425037,AdenomeraHylaedactylus
0.22268003236421,0.0091883033952258,-0.182018146536208,-0.247095443878448,HylaMinuta
-0.104268256737811,-0.0857197404957358,0.172784054708585,0.0568371519120951,Ameeregatrivittata
0.223558423768959,-0.0206192676942988,-0.0919564656653042,-0.067136055799094,HypsiboasCordobae
0.0811602202688418,-0.035767253370474,-0.0729402170558121,0.0358187073812743,HypsiboasCordobae
0.345537589745636,0.106829742685957,-0.19594759705236,-0.374617110946842,AdenomeraHylaedactylus
0.260839484655828,-0.0197443916565627,-0.11574418848019,-0.0888013013291014,LeptodactylusFuscus
-0.21765669716005,0.0142903832961369,0.101779869626282,0.243553390751847,Ameeregatrivittata
0.336628591850908,-0.0917563245540253,-0.192404508353875,-0.241184281707943,LeptodactylusFuscus
0.387499316387902,0.194244886988671,-0.255424013832357,-0.334386083852945,AdenomeraHylaedactylus
0.361714180799241,0.207814375933151,-0.304988254332288,-0.298852656801706,AdenomeraHylaedactylus
0.25009903711681,0.194362885809556,-0.321554655534215,-0.121696982035567,AdenomeraHylaedactylus
0.303619569083646,0.164535722767825,-0.269373761603008,-0.229269094276309,AdenomeraHylaedactylus
-0.0115012700721927,-0.185484793892378,-0.0133851507674941,0.196989604957233,HypsiboasCinerascens
0.145233591241264,0.117156676398398,0.0467628833307649,-0.0947683035138675,Ameeregatrivittata
0.0573519173376088,0.0712810493633529,-0.0187239810810882,-0.0279287939079786,HypsiboasCordobae
0.0135071448761575,0.0068343273249208,0.0165071840330497,0.0441748871648377,Rhinellagranulosa
0.245748034368398,-0.0441437348667022,-0.197332671701405,-0.0817292121716095,LeptodactylusFuscus
-0.0015141314041919,-0.027907802017116,0.038531281594397,0.0301321396689595,OsteocephalusOophagus
-0.199468496212192,0.031257637942614,0.0798631612253472,0.173370426840842,Ameeregatrivittata
0.328380828367229,0.212759347220702,-0.286304684563701,-0.217796601678334,AdenomeraHylaedactylus
-0.005309555935853,0.0041696998405752,0.0246044705827529,0.0660709676324009,Rhinellagranulosa
-0.160083079442443,0.0360128619018825,0.080447048828928,0.156966693053772,Ameeregatrivittata
0.288049052057514,0.177190018537336,-0.185230850731726,-0.232825488327138,AdenomeraHylaedactylus
-0.0083036650955162,0.047889103296402,0.0057627423360286,0.0780551200596368,HylaMinuta
0.349113516217838,0.264485367117538,-0.365261430044995,-0.21668209630524,AdenomeraHylaedactylus
0.17761799049191,0.0887158791223743,0.0999699568699305,-0.128368127027407,HypsiboasCordobae
0.0178228666068357,0.0580538932315793,0.0412867889890387,-0.018399456500618,HypsiboasCordobae
0.354186729538892,0.225500730966294,-0.306922694209972,-0.28484811410584,AdenomeraHylaedactylus
0.105970172607376,-0.0065382456107094,-0.0987267269779104,0.0600951574634874,HypsiboasCordobae
-0.0681883545852329,0.0266895510280248,-0.0523904666231159,0.226092443792159,AdenomeraAndre
0.261638818294982,0.198429069514779,-0.193242128480586,-0.250388813290766,AdenomeraHylaedactylus
0.255551920412837,0.184357740548217,-0.211276562803119,-0.270430391612836,AdenomeraHylaedactylus
0.372220401463225,0.194368869747032,-0.265783832323241,-0.323040573267505,AdenomeraHylaedactylus
-0.154393171224723,0.0126173065863526,0.0588161418581373,0.29422868238967,AdenomeraAndre
-0.0151566890701131,-0.0212353260404344,0.153102629661464,-0.0229810090964117,Ameeregatrivittata
-0.0891269306656378,-0.0250508016133523,-0.0325622263980806,0.200459272576646,AdenomeraAndre
0.41182126886118,0.246783865816015,-0.389642904945151,-0.306054139405312,AdenomeraHylaedactylus
0.344143810634598,0.195781666601498,-0.317317968898536,-0.283752200993224,AdenomeraHylaedactylus
0.175025782338748,0.132357695018688,-0.14814148091587,-0.18962003520004,HylaMinuta
0.345687173451925,0.169450477667366,-0.192684679582261,-0.35295458316287,AdenomeraHylaedactylus
-0.0833960712216681,-0.257225040789103,0.283671599671833,-0.0611337683948593,HypsiboasCinerascens
0.350714173298842,0.187512336014264,-0.308512876128024,-0.283946882963663,AdenomeraHylaedactylus
0.298878683995864,-0.0729886468520737,-0.146371727108174,-0.238608387362051,LeptodactylusFuscus
0.378318167850625,0.131698821611418,-0.193032809538978,-0.335220274678561,AdenomeraHylaedactylus
0.0753706626058826,-0.0132844840820606,-0.106057220826743,0.101967093806809,HypsiboasCordobae
0.115761674974729,-0.0479331693922555,-0.125976713324379,0.0313426594430444,HypsiboasCordobae
0.450014721735026,0.255008973915096,-0.321962023401294,-0.210946831405812,AdenomeraHylaedactylus
0.116311250197864,0.069187683757516,0.13203054603208,-0.0688713508349121,Ameeregatrivittata
0.357837969249448,0.222241982205537,-0.277150103357708,-0.311388625924159,AdenomeraHylaedactylus
0.264709271518255,0.120718180677359,-0.149309587978731,-0.265684710055268,AdenomeraHylaedactylus
-0.0669641692133819,0.041430144873631,-0.124202047157938,0.220719777912002,Ameeregatrivittata
0.0499070535584668,-0.0449819791328961,0.202097728726217,-0.103264793927682,OsteocephalusOophagus
-0.183374114595978,-0.148850654986047,0.229957146044526,0.1286549016774,HylaMinuta
0.248225097253988,0.220383133448989,-0.266646735416943,-0.221977823292142,AdenomeraHylaedactylus
0.300085810659819,0.200010559055747,-0.212703826242461,-0.249481858618792,AdenomeraHylaedactylus
0.424088004655426,0.0449802723160506,-0.265078142368972,-0.322844589464735,AdenomeraHylaedactylus
-0.249975988624096,-0.0111409901422738,0.185376378147561,0.17908236533948,Ameeregatrivittata
0.0905609421121795,0.151412590216837,-0.107013001892525,-0.0834251186666347,HypsiboasCordobae
0.0786994560330275,0.0114512768791283,0.273551176954393,-0.215206798312732,AdenomeraAndre
0.22125923781956,0.18196918637602,-0.136403611514431,-0.208829835156267,AdenomeraHylaedactylus
0.0541421815830299,0.023719450690061,-0.0335757683211237,-0.0022926823302924,OsteocephalusOophagus
0.0712340476567173,0.0734106162867498,-0.0275712970929395,-0.0893129962264082,HypsiboasCordobae
0.322814858590393,0.114792265104106,-0.200190635617801,-0.348390151537342,AdenomeraHylaedactylus
0.234201790303838,0.157490885619059,-0.197896915085604,-0.268256185490246,AdenomeraHylaedactylus
0.40884017977118,0.178438048809201,-0.285758548968627,-0.361492996239168,AdenomeraHylaedactylus
0.393351414659658,0.162758931998318,-0.239327272921121,-0.255287041507503,AdenomeraHylaedactylus
0.207398257971758,0.162868656149613,-0.189881329376805,-0.161409028009324,AdenomeraHylaedactylus
0.189218794402183,0.0884090851908368,-0.0106384008009865,-0.103924197447268,HylaMinuta
0.0413609550559815,-0.0096971717205119,0.0337315983096771,-0.0563992676578653,HypsiboasCordobae
-0.027220602064557,-0.0144757677637857,-0.069729632955683,0.131667518219126,Ameeregatrivittata
-0.36196179954695,-0.0139411087380774,0.0993578233414186,-0.102124140330142,AdenomeraAndre
0.398855996380236,0.174602950871375,-0.27936720771589,-0.325701065976793,AdenomeraHylaedactylus
0.279480405929695,0.172966931575379,-0.161060661662248,-0.231547636596766,AdenomeraHylaedactylus
-0.23867083041217,0.133674868831401,0.075482899477162,0.330364286275198,Ameeregatrivittata
0.33237217379983,0.24971585850972,-0.307283716116805,-0.303356446809785,AdenomeraHylaedactylus
-0.0638072092122683,-0.0822731064584145,0.173970444188385,-0.0359334005778106,HypsiboasCinerascens
0.343213413866641,0.216614956269513,-0.285771271899113,-0.289458783955425,AdenomeraHylaedactylus
0.0675948356943716,-0.0114830771557054,-0.103734564943895,0.0466997298271674,HypsiboasCordobae
0.271396100562552,-0.175302336473236,-0.116536077753128,-0.207830144268198,LeptodactylusFuscus
0.260962944197497,0.183067187722458,-0.201321096214584,-0.21092413691274,AdenomeraHylaedactylus
0.3662985544257,0.206558435628212,-0.315692571738399,-0.300476287673253,AdenomeraHylaedactylus
0.0389245922640695,0.0352908693209295,-0.018816087059202,-0.0765457749387278,ScinaxRuber
-0.115669271930969,0.033338910798108,0.0211469518433563,0.277022965016227,AdenomeraAndre
0.328148395608317,0.181563596123246,-0.185592090148264,-0.301898073720096,AdenomeraHylaedactylus
0.0899975639811514,0.0278007258471709,-0.108157630910853,0.0533247865968216,HypsiboasCordobae
0.206283148689347,0.143911650173386,0.172125527806638,-0.0862383855590643,Ameeregatrivittata
0.331749080673064,0.14288323938731,-0.184566083080201,-0.31398256139081,AdenomeraHylaedactylus
0.227783102904111,0.0377476873341961,0.187319476778862,-0.13074780512267,HypsiboasCordobae
0.399471674846468,0.254989236531021,-0.261331873939003,-0.281718579551879,AdenomeraHylaedactylus
-0.0640110476363302,0.0136527530085441,-0.0434520052046255,0.228110771403725,AdenomeraAndre
0.29277588689979,0.22317241640009,-0.24030502828775,-0.20423342868946,AdenomeraHylaedactylus
0.0869351680956904,0.0526364463648926,-0.100335864359877,0.0395804142102735,HypsiboasCordobae
0.451067149381228,0.2383782769273,-0.351812097942968,-0.365401635896936,AdenomeraHylaedactylus
-0.0629195368212973,-0.033027306790062,0.194693106955137,-0.0622794929368398,Ameeregatrivittata
-0.0018398806002844,0.0270365672410753,-0.0553435136920519,0.216382300835075,HypsiboasCordobae
0.384978127675077,-0.0773821872089929,-0.184856203897355,-0.25126451802327,LeptodactylusFuscus
0.363084901725464,0.249621312240447,-0.337691528828506,-0.286131356824958,AdenomeraHylaedactylus
0.293440650495542,0.24616192251326,-0.318516523240236,-0.319305043123675,AdenomeraHylaedactylus
-0.11873691869619,-0.223253535682737,0.285432629385454,0.0241225101172979,HypsiboasCinerascens
0.0754154972239873,0.046943582117958,0.0129936297891179,-0.0641217456593522,HypsiboasCordobae
0.383195718914569,0.163988594656584,-0.258230135778039,-0.350246117302512,AdenomeraHylaedactylus
-0.427359769263443,-0.151406049604997,0.334826522858754,0.192968968462634,HypsiboasCinerascens
0.398980714208462,0.235568071144865,-0.320276693696556,-0.237552903523926,AdenomeraHylaedactylus
0.374953697412165,0.211566596437972,-0.247176920012268,-0.332747130994977,AdenomeraHylaedactylus
0.117708281178246,0.0802301829518832,-0.0544369644500801,-0.124580129399629,HypsiboasCordobae
0.266848783676653,0.170196699286622,-0.236461229245221,-0.167601859496694,AdenomeraHylaedactylus
0.342163832850021,0.217260985233253,-0.306737523704963,-0.309763923796972,AdenomeraHylaedactylus
0.171632073412312,0.182850137571807,-0.149184000474929,-0.128634370963026,AdenomeraHylaedactylus
-0.186710813223657,-0.178404909736674,0.325058027016657,0.0303601226183681,HypsiboasCinerascens
0.146940675891614,0.0790599042154255,0.206683183468227,-0.163986565718208,Ameeregatrivittata
0.173535136637126,0.0805099664118305,0.0725476332640224,-0.0364956421737959,Ameeregatrivittata
0.371058444556903,0.180510348264486,-0.370282513555787,-0.280186078591214,AdenomeraHylaedactylus
-0.0242720720650272,-0.0114742000225645,-0.0698902236477359,0.0225254342531418,ScinaxRuber
0.182744202980483,0.0315872719567504,-0.0402219662733421,-0.246976911997074,AdenomeraHylaedactylus
0.0962535601650077,-0.005447838542779,-0.0287926575243178,0.0109302270997174,OsteocephalusOophagus
-0.0166803668184643,0.0093306558732386,0.0239925703023098,0.0670051244842923,Rhinellagranulosa
0.322603187847894,0.200299291336719,-0.227656138848429,-0.319243703291434,AdenomeraHylaedactylus
0.241486828550646,0.0732565449811881,-0.162867068877567,-0.23859689567104,AdenomeraHylaedactylus
0.363475493312312,0.224937036305286,-0.324541674795967,-0.331388627147188,AdenomeraHylaedactylus
0.240826228375673,0.191557608122559,-0.184616218271546,-0.125694778823077,AdenomeraHylaedactylus
-0.0586657449238048,-0.140833586518547,0.211561105356686,-0.0398182397966182,HypsiboasCinerascens
0.0730157149048353,0.0712058545989686,-0.0017868048853203,-0.054434097803958,HypsiboasCordobae
0.342870453009452,0.197666140015144,-0.312101205351941,-0.245051583622124,AdenomeraHylaedactylus
-0.119101192114766,-0.160739054889562,0.23868799303631,0.0022196232639553,HypsiboasCinerascens
0.0817561373853256,0.0608087112269984,-0.0309879353949665,-0.0690942946768962,HypsiboasCordobae
0.479227056692721,0.310042336043207,-0.289289722961594,-0.409276772632317,AdenomeraHylaedactylus
0.315524183165357,0.17356004316564,-0.253257219629652,-0.217358031922341,AdenomeraHylaedactylus
-0.0233799778600727,-0.0893223152515576,0.223304963124929,-0.0812771673957978,HypsiboasCinerascens
-0.220448523936602,0.0248366206962169,0.161865725134343,0.14787360769605,Ameeregatrivittata
0.342617298197178,0.215730051571216,-0.287632713823912,-0.280780062817799,AdenomeraHylaedactylus
-0.234184232021056,-0.0572680803383255,0.311221220205249,0.0610020664937331,AdenomeraAndre
0.369655756873023,0.218899290106406,-0.180795890586391,-0.308647485088044,AdenomeraHylaedactylus
0.260220437886078,0.195664043032279,-0.227177986046203,-0.238274832102682,AdenomeraHylaedactylus
-0.290060867162843,0.0411171773356066,0.0661114479422354,0.208525376620866,Ameeregatrivittata
0.334206533249665,0.219785121680582,-0.263284947332938,-0.283869028263332,AdenomeraHylaedactylus
-0.0589338280931629,-0.0516474519801942,0.178719267455802,0.0452980517092147,Ameeregatrivittata
0.341120110616953,0.172030945690192,-0.238137803384045,-0.304993186386607,AdenomeraHylaedactylus
0.276885803516945,-0.0555266926226469,-0.123263931596517,-0.152665976216703,LeptodactylusFuscus
0.41546787884699,0.266158761700482,-0.31392669246827,-0.316250227605995,AdenomeraHylaedactylus
0.0524538487961446,-0.0101381650437824,-0.0580733235504704,-0.0578256582452622,HypsiboasCordobae
0.454597053623912,0.161919597815239,-0.299762171245759,-0.3577399305345,AdenomeraHylaedactylus
0.431187454300153,0.281626344831898,-0.349735180806838,-0.205699505730405,AdenomeraHylaedactylus
-0.0631861052109203,-0.231391382147204,0.163836553849957,0.0610915083920773,HylaMinuta
0.326834130736182,0.186630171908304,-0.199413261568813,-0.308628210822942,AdenomeraHylaedactylus
-0.12442333367925,0.0067518260068106,0.0658261708334949,0.194839569324268,AdenomeraAndre
-0.0583368586661826,0.0074602373932218,-0.0183809398754341,0.137924575928862,Ameeregatrivittata
-0.0705579009693549,-0.164125839168189,0.0948685654666351,0.123309640656855,HylaMinuta
0.107237845934398,-0.0274949915320802,-0.0893896504317171,0.0708388433295371,HypsiboasCordobae
0.0278523638732101,0.0088617810474209,-0.0561915140584917,0.0620339198803848,HypsiboasCordobae
0.0869846143901458,0.0079878422931212,-0.138016761286262,0.052969455891474,HypsiboasCordobae
0.375883713710911,0.181899043103534,-0.269812808240979,-0.371660829726137,AdenomeraHylaedactylus
0.39331419307917,0.194027252264823,-0.29426159164144,-0.318992903287195,AdenomeraHylaedactylus
0.377004489552423,0.153403667451733,-0.421410215220794,-0.388435336362532,AdenomeraHylaedactylus
0.310513729004644,0.220272078834418,-0.359903194607102,-0.295321401082134,AdenomeraHylaedactylus
-0.105666584669686,-0.241137790372945,0.190672855309754,0.0950215274386872,HypsiboasCinerascens
-0.187376298800186,-0.178010660263181,0.270758269889998,0.0025742020881823,HypsiboasCinerascens
0.275829607755522,0.202064992226132,-0.254500260388091,-0.329835220178241,AdenomeraHylaedactylus
0.169254533401607,0.0083297386278762,-0.132569524600395,-0.181592068052683,HylaMinuta
-0.106401953037341,-0.0260140334296342,0.222332073540427,0.0306712125572658,Ameeregatrivittata
0.211307432753864,-0.054811097136531,-0.169871117854157,-0.117879964823318,LeptodactylusFuscus
0.29576412866622,0.218993453068949,-0.231213110903205,-0.30604478608144,AdenomeraHylaedactylus
-0.0541786720007886,-0.147745211717815,0.125398541838609,-0.0648945528662882,HypsiboasCinerascens
0.366046654560204,0.165743724205151,-0.320553539250009,-0.258549645933491,AdenomeraHylaedactylus
0.20907925465835,0.0201509614222734,-0.132955906660907,-0.173317599478986,HylaMinuta
0.226726106666725,0.10754362048068,-0.172209338304935,-0.168740240958083,AdenomeraHylaedactylus
-0.0252810346080299,0.0018113714757821,0.0359228553080688,0.0754643152118831,Rhinellagranulosa
0.374188414941421,0.172231836063919,-0.297348138039121,-0.341737007873068,AdenomeraHylaedactylus
0.0922033085036289,-0.02881058616291,-0.076215408575095,-0.0528368153271418,HylaMinuta
0.156619202442888,0.150904429926532,-0.044840513073527,-0.11308760070012,HypsiboasCordobae
0.134628979521953,-0.0062387490813252,-0.157313474842708,0.0405436458803124,HypsiboasCordobae
-0.0439509956578389,-0.0639499300435678,0.23521881057666,0.0185492895199224,Ameeregatrivittata
-0.108267354776133,-0.225502296745805,0.328142272710961,0.0465890033569167,HypsiboasCinerascens
0.158720545483555,-0.0076298917481344,-0.0473695215806066,-0.119415688713511,HypsiboasCordobae
-0.207347082241217,0.0801910426798119,0.0549393604785997,0.262898692999589,AdenomeraAndre
-0.33082157952476,0.157671047555279,0.268865683046937,0.417583149494707,AdenomeraAndre
0.398408383761687,0.141270206357608,-0.26025520630971,-0.28646238324093,AdenomeraHylaedactylus
0.0602187434241808,0.0224439901297216,-0.0988237255481125,0.1010930727349,HypsiboasCordobae
0.261625730111836,0.129268982423227,-0.162418648985343,-0.254922569469224,AdenomeraHylaedactylus
-0.448097841484888,-0.0388643964374523,0.352311955685783,0.275499765117272,HypsiboasCinerascens
0.395536914317005,0.204461985158024,-0.384840306007041,-0.267161540888835,AdenomeraHylaedactylus
-0.160800573080349,-0.0445151405266294,0.0754618770398886,0.220113372337164,AdenomeraAndre
0.0925616729819262,0.0076167425546056,-0.11593843094838,0.0514006241897532,HypsiboasCordobae
0.223525467438101,0.115721557888199,-0.153191267269156,-0.197880847758808,AdenomeraHylaedactylus
0.0593844546410578,0.0132271116552971,-0.0791430225477331,0.0106827756286361,HypsiboasCordobae
0.0247593468149451,0.0288235599661378,-0.0246956745212454,-0.0750402907748861,ScinaxRuber
0.306018598543798,0.218396065684292,-0.317812298324244,-0.240422279354172,AdenomeraHylaedactylus
0.496961871303643,0.210281223667741,-0.435858981739992,-0.468530816465847,AdenomeraHylaedactylus
0.20099840689619,0.110369561873981,-0.148178758201862,-0.195350163447586,AdenomeraHylaedactylus
-0.0348707432129384,0.0089364889088594,0.001021665417487,0.0297199676056277,ScinaxRuber
0.34378905894936,0.127118183540496,-0.228829672520514,-0.272337952318334,AdenomeraHylaedactylus
-0.259520591784217,-0.221487075199906,0.186354696649027,-0.160995570415094,HypsiboasCinerascens
0.10184844781034,0.0923209169871387,0.160671939052007,-0.0505538184059006,Ameeregatrivittata
-0.166894561221255,-0.0042611837698426,0.137003941301322,0.168671562639723,Ameeregatrivittata
0.110107559619151,0.0491702669919803,-0.131275892351812,0.0336826310782436,HypsiboasCordobae
0.208118303182364,0.18332651305603,-0.114046577883817,-0.184300050450155,AdenomeraHylaedactylus
0.0361827714795936,0.132798274951793,-0.0789204373194135,-0.0689014701593394,HylaMinuta
0.470487673006491,0.147291795011534,-0.36578687801907,-0.377523297055312,AdenomeraHylaedactylus
0.107418819648209,0.0125734909604703,-0.100638402670081,0.0134185723893877,HypsiboasCordobae
0.384615209685879,0.238342944677226,-0.249588332840062,-0.274624714068189,AdenomeraHylaedactylus
0.444544020566093,0.128840132203136,-0.336151769585917,-0.398208052658143,HylaMinuta
0.309719443942706,-0.0949391771917673,-0.165340602984171,-0.271440760978046,LeptodactylusFuscus
0.0381645327592583,0.0352847900381112,-0.0835438958138985,0.149910679094117,HypsiboasCordobae
0.298506346740479,-0.0767763135156812,-0.164905679632177,-0.163734827077877,LeptodactylusFuscus
0.365984400015236,0.180302961593686,-0.223519995634004,-0.2883309576404,AdenomeraHylaedactylus
0.273326280054092,0.20973096050696,-0.282759462999765,-0.219093950133747,AdenomeraHylaedactylus
0.181806538307191,0.238457194900575,-0.209346360729554,-0.202549881186699,AdenomeraHylaedactylus
0.318052472610804,0.185341196910272,-0.227750353894654,-0.289770928413681,AdenomeraHylaedactylus
0.264190119901736,-0.133626821234735,-0.330935399032208,-0.256473781222433,HypsiboasCordobae
0.279685431629767,0.209588897110924,-0.344988572486383,-0.233268783008697,AdenomeraHylaedactylus
0.0727752795170145,0.0046436090440425,-0.0799454270770797,0.0194018396286057,HypsiboasCordobae
-0.256739895160639,0.0444903663342381,0.167308957735968,0.111760249198178,Ameeregatrivittata
0.277559192690278,0.207557990068679,-0.190049527475086,-0.205501017964015,AdenomeraHylaedactylus
0.0605313356033364,-0.006970287577832,-0.0487673586102101,0.0332005660205077,ScinaxRuber
-0.224654019515251,0.0061185987055722,0.13364959446159,0.148765937424674,Ameeregatrivittata
0.0483493517406604,0.0233585399854418,-0.0662516623887117,0.046614404245793,HypsiboasCordobae
0.294782952392851,0.241643753689716,-0.276032994841099,-0.297102046997099,AdenomeraHylaedactylus
0.337829144901416,0.271354503378885,-0.330874304685786,-0.308556821740833,AdenomeraHylaedactylus
-0.236964000545569,0.0026900836118887,0.128700768447863,0.160789395990826,Ameeregatrivittata
0.195699858310674,0.2067147396798,-0.169882175575264,-0.116273967767276,AdenomeraHylaedactylus
0.396603853475257,0.162515133260684,-0.260100890774456,-0.351821566308578,AdenomeraHylaedactylus
0.267578690473334,0.201532768936765,-0.16643159241278,-0.157615427056962,AdenomeraHylaedactylus
0.34793524778784,0.175484024583044,-0.280088611667427,-0.320870923667091,AdenomeraHylaedactylus
0.265344486147095,0.096821914062462,-0.271439648633239,-0.21181978730245,HypsiboasCordobae
0.0479158248068344,-0.0257003770779072,-0.102524403704431,-0.249006845358406,ScinaxRuber
0.359091164809788,0.193754859373927,-0.229996548543635,-0.247879194583128,AdenomeraHylaedactylus
0.0962177094368672,0.011896633617194,-0.0739782436700331,-0.0922268388556307,HypsiboasCordobae
0.250830644745574,0.135911710302364,-0.233758321345385,-0.271832426486275,AdenomeraHylaedactylus
0.0617210232076396,0.113813744415268,-0.0236728327537208,-0.109359638412877,HylaMinuta
0.339624061791102,0.206350112859917,-0.241599153180569,-0.206560547604516,AdenomeraHylaedactylus
0.237069498220461,0.239355015736148,-0.168978519911438,-0.187787047381452,AdenomeraHylaedactylus
-0.0045793797556237,0.0003474001464086,0.001680753240481,0.0683728792174093,OsteocephalusOophagus
0.0493199225203713,0.04797484471276,-0.0018275994516962,-0.0344347217361446,HypsiboasCordobae
-0.0388427395087296,-0.0496869078367698,0.20837380004938,-0.0598271967699816,Ameeregatrivittata
0.219592384171981,0.207359651791177,-0.246808334295351,-0.187540407012602,AdenomeraHylaedactylus
0.0679232930685913,-0.0218968696490737,-0.082341343068029,0.0676854306129574,HypsiboasCordobae
0.203351953371955,-1.55218784631592e-06,-0.123704584964238,-0.0454102336705847,LeptodactylusFuscus
0.284475028312972,0.182701368351019,-0.324178679562503,-0.315633522810914,AdenomeraHylaedactylus
-0.284295627742142,0.0201974191793426,0.123804303704357,0.25002257321823,Ameeregatrivittata
0.0093804548118119,0.0308967265643762,-0.055568398215916,0.0596427444060997,HypsiboasCordobae
0.353675555758762,0.146974984456438,-0.287057842097286,-0.301776737173064,AdenomeraHylaedactylus
0.338150316163841,0.0683904010017113,-0.234438001793723,-0.300078224259692,HypsiboasCordobae
-0.172804453360913,-0.259738066242453,0.243385193308674,0.0589380537256681,HypsiboasCinerascens
0.35908906691154,0.244662880991729,-0.330338843659932,-0.352315632733652,AdenomeraHylaedactylus
-0.0117143110087486,-0.026383360810647,0.0249347759694089,0.0866500873167865,HypsiboasCinerascens
-0.205662424619086,0.0220975387467297,0.142644114697004,0.307566041343281,AdenomeraAndre
0.112722218356251,0.0221775326463632,-0.0963249777313999,0.0462574022047479,HypsiboasCordobae
0.308817459775196,0.106623000146522,-0.260249970458192,-0.252713623220482,AdenomeraHylaedactylus
0.109939395233161,0.0319990299543542,-0.0625120494318589,-0.0820583602540679,HypsiboasCordobae
0.293466425290629,0.212125140643142,-0.301731186366127,-0.225831422334093,AdenomeraHylaedactylus
0.268045215696111,0.205076588903933,-0.237492528663728,-0.228256224815308,AdenomeraHylaedactylus
-0.0882923205193638,-0.193611379475271,0.155236855132801,-0.0856953138708439,HypsiboasCinerascens
-0.22515066348847,-0.0491699591493033,0.104658983277914,0.202741048546821,Ameeregatrivittata
0.214373764571519,0.205801181869072,-0.190209754040125,-0.189935492164806,AdenomeraHylaedactylus
0.0333441316880323,0.0095821792751207,0.026798560912347,0.0776146521658484,Ameeregatrivittata
-0.0968831401090443,-0.0463524934124076,-0.0075629495461097,0.279013372363556,AdenomeraAndre
0.356063339589104,0.21395459204068,-0.348552817173822,-0.235300534257026,AdenomeraHylaedactylus
-0.119440869575081,-0.139802804303918,0.377863143445908,0.0134791916881519,HypsiboasCinerascens
0.317841115933895,0.198794543733932,-0.258441127489071,-0.262947090575174,AdenomeraHylaedactylus
-0.147417037565414,-0.228808499117425,0.250713468717257,-0.156684427419882,HypsiboasCinerascens
-0.0436015268430364,0.0247044019005493,0.19818972109381,-0.100092994183084,Ameeregatrivittata
0.255432594399228,0.199295168143421,-0.277945859253595,-0.218175363479471,AdenomeraHylaedactylus
0.077130272577733,-0.0638810939754397,-0.0781922719946629,-0.0801338498955576,LeptodactylusFuscus
0.140479069378484,0.0343163312360227,-0.0825506340555002,-0.157868865941688,HylaMinuta
0.329925543609779,0.217911849874215,-0.220526349788369,-0.258980479363928,AdenomeraHylaedactylus
0.236160353884005,-0.0100306818364026,-0.139590701336494,-0.0888922109321988,LeptodactylusFuscus
0.160087401400348,0.149725832247984,-0.141798894757727,-0.0842512691396177,HypsiboasCordobae
0.358872538310142,0.218475258254187,-0.300609054397925,-0.302142959013027,AdenomeraHylaedactylus
-0.0805845137586991,-0.0432479886877698,-0.026915062987128,0.240292636412131,AdenomeraAndre
-0.198491236364738,-0.0803965722107587,0.305248438529961,-7.89717641022959e-05,HypsiboasCinerascens
-0.0060509528143838,-0.0771528347816235,0.0805694744900558,-0.0454907584316634,Rhinellagranulosa
0.235061476660884,0.141491817754711,-0.143703662939616,-0.191923115621957,AdenomeraHylaedactylus
0.338582596772765,0.17462932127862,-0.25521732998465,-0.320423661622682,AdenomeraHylaedactylus
0.460521533953956,0.199618130793868,-0.284424392298636,-0.346634205437059,AdenomeraHylaedactylus
0.296455645505599,0.222750805688109,-0.26548085289786,-0.27767938929397,AdenomeraHylaedactylus
0.258870520886921,0.253283112400346,-0.318878201340162,-0.215930592931751,AdenomeraHylaedactylus
0.151210564287204,0.0639891787066577,0.0654786906214724,-0.0889169882307303,Ameeregatrivittata
0.34381750733367,0.219371592371278,-0.329989060833806,-0.267652600511505,AdenomeraHylaedactylus
-0.139726988540318,-0.0293205777715226,0.180459266155177,0.0832142277491955,HylaMinuta
0.165078289751008,0.129012797266299,-0.0724878694037703,-0.0510669897443664,HypsiboasCordobae
0.0331040596239992,0.0244486847306403,-0.133869994635372,0.148420432554868,HypsiboasCordobae
0.322111955570499,0.192780510228222,-0.231132198653477,-0.347242939130577,AdenomeraHylaedactylus
0.303296201271483,0.171015937413552,-0.284376750903178,-0.272503192807872,AdenomeraHylaedactylus
-0.159105339197325,-0.119483804142036,0.183579633257981,0.0365966459150002,Ameeregatrivittata
0.388117862069758,0.263873597016672,-0.348820149541054,-0.36494441507336,AdenomeraHylaedactylus
0.231585811123629,0.219319524298218,-0.214201296519285,-0.174086211468383,AdenomeraHylaedactylus
-0.0508971971504792,0.0429027079131986,0.0158296114216061,0.219450813514544,AdenomeraAndre
-0.238316632133623,-0.0460493309851052,0.120863533005137,0.175786386353208,Ameeregatrivittata
0.0709305240529007,0.0461773358641609,-0.009682637664867,-0.0747616801790061,HypsiboasCordobae
0.0810789086000347,0.0044400730415503,-0.071976166729764,0.0215462480375848,HypsiboasCordobae
0.372042204747892,0.2054394212613,-0.268817246548468,-0.312564335053517,AdenomeraHylaedactylus
-0.44495490669954,0.228147489230361,0.395516062388768,0.523032830793899,AdenomeraAndre
0.265945148026005,0.216901921012638,-0.233102724714918,-0.271953459638808,AdenomeraHylaedactylus
-0.199453787993131,0.084526263961841,0.20891444563263,0.007409759825866,AdenomeraAndre
-0.204844214865498,-0.110999904004702,0.191764257309005,0.0150518843402616,HypsiboasCinerascens
0.297026949354763,0.222824345738528,-0.272369524168237,-0.222231248581791,AdenomeraHylaedactylus
0.393165783678148,0.169970673331974,-0.26640420434736,-0.257182117881176,AdenomeraHylaedactylus
0.0502320044692778,0.047256780433451,-0.0010549904790638,-0.0497056097407676,HypsiboasCordobae
0.945709943123683,0.164608629200268,-0.717155589773686,-0.728735883920237,AdenomeraHylaedactylus
0.452572449323181,0.163138070625854,-0.415370897137758,-0.312878100221834,AdenomeraHylaedactylus
0.186335304523628,0.200901254197125,-0.22354609438983,-0.168148411113465,AdenomeraHylaedactylus
0.196159398280553,0.0002270109025825,-0.115378247008942,-0.189363742390034,HylaMinuta
-0.104191700355368,-0.0225304018120835,0.0777051403405225,-0.0631530680586491,HypsiboasCinerascens
0.131676611292761,0.125383418462128,0.190762979056538,-0.0477516935189505,Ameeregatrivittata
0.32030981477979,-0.0614304438903251,-0.25504517968306,-0.158334368566199,LeptodactylusFuscus
-0.301872672957514,0.0643830906532828,0.250580712962787,0.245493084074546,AdenomeraAndre
0.41855341763971,0.279804398351494,-0.343879280806466,-0.192730277799749,AdenomeraHylaedactylus
0.0423776685514979,0.0258757888140783,0.0100280757129243,-0.0152130438910666,HypsiboasCordobae
0.367213478962852,0.174438217140773,-0.30200251293059,-0.161837636960882,AdenomeraHylaedactylus
0.301635977434583,-0.018762808631796,-0.169152674830719,-0.126149054159862,LeptodactylusFuscus
0.285899310963291,0.188710335750412,-0.230874992354636,-0.289154252638598,AdenomeraHylaedactylus
0.224931573270977,0.196190927938803,-0.137657071659699,-0.130604618743901,AdenomeraHylaedactylus
0.43543364462833,0.180689750657349,-0.32417881311296,-0.35777200720949,AdenomeraHylaedactylus
0.194685667705702,0.20041177015032,-0.148397993061786,-0.215156727782842,AdenomeraHylaedactylus
0.153115353542457,0.0927939724852779,0.120407878511403,-0.0802274951984506,Ameeregatrivittata
0.306347713166257,0.196934942258819,-0.258107844932437,-0.250049885981505,AdenomeraHylaedactylus
0.0990370957344594,0.0418431697453573,0.277188666502362,-0.249838728993579,AdenomeraAndre
0.313384864130108,0.196123967964455,-0.289081765633352,-0.253730738274644,AdenomeraHylaedactylus
-0.0621704849056111,0.0059963094730234,-0.0086166606389192,0.247586619072053,AdenomeraAndre
0.358771212045622,0.211907995736425,-0.27906006979508,-0.356585413739471,AdenomeraHylaedactylus
-0.110671825530079,0.011848940986643,0.111247060765335,0.187672327746771,AdenomeraAndre
0.472390856460809,0.221830896673419,-0.241575835735509,-0.286286943418403,AdenomeraHylaedactylus
0.353819952417188,0.211168484193946,-0.364399059453984,-0.235290973701477,AdenomeraHylaedactylus
0.131298894296514,-0.134770401728266,-0.118752775640792,0.0811821970828959,HypsiboasCinerascens
0.330047604141836,0.0958889603115025,-0.28725872774156,-0.390720618701512,AdenomeraHylaedactylus
0.232626253294385,0.187748944252538,-0.241693952646803,-0.252598933847193,AdenomeraHylaedactylus
0.0674115668583806,0.0653310820310399,-0.0198495912881337,-0.0512773886178998,HypsiboasCordobae
0.115526092972239,-0.0312901130827093,-0.129017666869962,0.0555479852043367,HypsiboasCordobae
-0.041714701208402,-0.0763549793698846,0.159571947037656,-0.0762414585542922,HypsiboasCinerascens
0.0635482055381376,0.0209444247081987,-0.0227644329234847,0.0061609610937288,OsteocephalusOophagus
0.0330773121971977,0.0249374419306097,-0.008250286613342,-0.0924887658397015,ScinaxRuber
0.239082004940956,0.198937573568917,-0.175859400584482,-0.219830980425848,AdenomeraHylaedactylus
0.286636232485581,0.212231638803248,-0.212863896324109,-0.214592691559025,AdenomeraHylaedactylus
-0.192593138825112,0.0260843432513199,0.100390711991287,0.219078346567433,Ameeregatrivittata
0.382188196059251,0.21855563373272,-0.340664068428975,-0.265511182515509,AdenomeraHylaedactylus
-0.121370516957497,-0.185464914951537,0.0482399115246634,0.180513107523333,OsteocephalusOophagus
0.407140880639012,0.274280590719303,-0.277098794841297,-0.305986794807912,AdenomeraHylaedactylus
0.421804167555552,-0.20854346061625,-0.290131912039932,-0.161909697987592,LeptodactylusFuscus
-0.270214337428759,-0.0455337291768831,0.206203715150378,-0.0083862553170966,HypsiboasCinerascens
-0.0075722060432815,0.000810305642613,0.0290840807652354,0.0774667462219251,Rhinellagranulosa
0.327224503751375,0.181583830413126,-0.2451551899741,-0.378846953871722,AdenomeraHylaedactylus
0.310094284565715,0.260348700452846,-0.275128343026191,-0.324460573177439,AdenomeraHylaedactylus
-0.0837460053008199,-0.0943578753926285,0.156252877098927,-0.0715371877991126,HypsiboasCinerascens
0.157979094866621,0.114442342231136,0.103152522014779,-0.117187936827893,Ameeregatrivittata
0.228282167955829,0.0400221021539507,-0.162141772964345,-0.134399566627928,HypsiboasCordobae
-0.160340397110971,-0.0015968304118973,0.105992420805846,0.127899145394345,Ameeregatrivittata
-0.118596126712109,-0.0375682774608463,0.266708876935898,0.0165253262762586,Ameeregatrivittata
0.31621644830367,0.212061148031244,-0.253843493915658,-0.326628458894928,AdenomeraHylaedactylus
-0.0336683546033509,-0.0429599916479154,0.191368935594177,-0.0781123903694441,Ameeregatrivittata
0.136481177650836,-0.0174218917483307,-0.13020595011717,0.0669013034263026,HypsiboasCordobae
-0.178330436221232,0.0474928355632991,0.0640152435395479,0.262115895612303,AdenomeraAndre
0.296839732517969,0.196228324761147,-0.20854711721705,-0.195358072732843,AdenomeraHylaedactylus
0.40500868661189,0.217846296010218,-0.320868858386884,-0.206299483840694,AdenomeraHylaedactylus
0.329864755614865,0.223778569499521,-0.330038390918903,-0.312787702903932,AdenomeraHylaedactylus
0.369374057842555,0.18115615715324,-0.338155380236596,-0.269527201404612,AdenomeraHylaedactylus
0.40306718348568,0.206005810694853,-0.272712343519091,-0.29653021711477,AdenomeraHylaedactylus
-0.0500739966952815,-0.127804870657683,0.139430579052893,-0.180658804130677,HypsiboasCinerascens
0.134741826041068,-0.0497494969941133,-0.123893476354735,0.073285999433348,HypsiboasCordobae
0.363418988511214,0.184590154928477,-0.241922669253408,-0.368445811513939,AdenomeraHylaedactylus
0.288285616034165,0.228559802227658,-0.234939442416366,-0.234760449477143,AdenomeraHylaedactylus
-0.213697643796436,0.0383335061410572,0.241457906081178,0.0413464260384598,AdenomeraAndre
0.0818665955693491,-0.0332602249794383,-0.122014745037771,0.0951536310809683,HypsiboasCordobae
0.243758582750352,0.200009157535845,-0.225747217108992,-0.182200726695686,AdenomeraHylaedactylus
-0.0637797132788108,-0.0305708028411251,0.153508862992499,-0.0788063564155669,Ameeregatrivittata
-0.1224479715842,-0.195810313171704,0.386526792296049,-0.0860251956158284,HypsiboasCinerascens
0.114731996101899,-0.0190405688837215,-0.121572812943249,0.0281155548626929,HypsiboasCordobae
-0.0805752895116419,0.0242646043448503,-0.0435761136391639,0.218116196001791,AdenomeraAndre
0.084069606240177,0.0350185204207157,-0.0458406092791439,-0.0488534796795158,HypsiboasCordobae
0.356587840543721,0.115506513563511,-0.157142678679745,-0.299385559320289,AdenomeraHylaedactylus
0.376456256677752,0.159494545963435,-0.25757938096816,-0.329764740169681,AdenomeraHylaedactylus
0.0429869081426796,0.0243092201851262,-0.0043016489256604,0.0009212135052226,HypsiboasCordobae
0.467975256794063,0.264748909909476,-0.342065792656447,-0.39856421835242,AdenomeraHylaedactylus
0.35853059281555,0.157239573397129,-0.256082366309342,-0.328925273870492,AdenomeraHylaedactylus
0.092417479009008,-0.0027442453741394,-0.101196683739482,0.0506919445459836,HypsiboasCordobae
0.0154172091535239,0.0289568575242994,-0.0140119208019496,-0.0842859097862015,ScinaxRuber
0.288253793109444,0.222016090041324,-0.27435936404003,-0.215924990271347,AdenomeraHylaedactylus
0.153831627600026,0.213869765929027,-0.110491023426811,-0.292763318256115,AdenomeraHylaedactylus
0.288270515967464,0.209490237306975,-0.289909051182548,-0.228533887263815,AdenomeraHylaedactylus
0.224125420827472,0.209867790096185,-0.171458294484222,-0.244320392844965,AdenomeraHylaedactylus
0.321884502735239,0.221006481187871,-0.283901692453212,-0.271718196373029,AdenomeraHylaedactylus
0.308187498670987,0.250280456940831,-0.186834157049413,-0.300267703666518,AdenomeraHylaedactylus
0.0206723126682472,-0.0001677132305036,-0.15984310695181,0.205191241044551,Ameeregatrivittata
-0.0298120981356902,-0.0135990951098068,0.0044931862933209,0.289224821978113,AdenomeraAndre
0.0185081513338735,-0.19160594740124,0.119236921156603,-0.0238328795400101,HypsiboasCinerascens
0.445116130146151,0.215593797707832,-0.320523049234769,-0.473440298614983,AdenomeraHylaedactylus
0.232565845974061,0.228133337801286,-0.195315851290605,-0.218061561185824,AdenomeraHylaedactylus
-0.0229480731714003,-4.06156036709741e-05,-0.0104397534562736,-0.001582143931122,ScinaxRuber
-0.0484082197591609,-0.0647634077788168,0.101882163616777,-0.0267668593334798,HypsiboasCinerascens
0.350644473426539,0.255950705626218,-0.326487579648798,-0.25826314587374,AdenomeraHylaedactylus
-0.123395361929052,-0.0750358350998935,0.181580500187952,0.136918474943881,Ameeregatrivittata
0.0845040618128469,0.0288604326272611,-0.11035664154149,-0.0221441584531354,AdenomeraHylaedactylus
-0.0925057743021213,-0.0756953142634691,0.122359092837781,0.2141916104241,OsteocephalusOophagus
-0.0233672515058764,-0.118428534323219,0.195776246972688,-0.0419736361489093,HypsiboasCinerascens
-0.101531070242038,-0.005870199298111,0.0874702816520886,0.289655507215889,AdenomeraAndre
-0.0041154823332496,0.0700084297708148,0.0546256827941066,0.240947901106088,AdenomeraAndre
0.0983368745900252,0.0713605925722679,-0.0249265744583386,-0.0754089163760005,HypsiboasCordobae
0.38115337503693,0.222982765294956,-0.338113273899358,-0.255050140191436,AdenomeraHylaedactylus
0.0345203634069206,0.0386107717218416,0.0416473363308746,0.0444265348951316,OsteocephalusOophagus
0.236231015343031,0.24976218568454,-0.257195983050042,-0.178384898118312,AdenomeraHylaedactylus
-0.303452408807173,0.0290893169405174,0.200903744699831,0.27185585640064,AdenomeraAndre
0.0731993789709787,0.0784853490303154,-0.0336234127661601,-0.0981366275391884,HypsiboasCordobae
0.291285824681497,0.205403911437658,-0.301327293733587,-0.265521498499871,AdenomeraHylaedactylus
-0.0557422072739622,-0.00994880942183,-0.0023929663494931,0.041404907403862,ScinaxRuber
-0.119103609714373,-0.0071527068222226,0.0431815977381164,0.262257407746198,AdenomeraAndre
0.317341310642043,0.121274392539625,-0.211449039834656,-0.244353048670986,AdenomeraHylaedactylus
0.366257219676257,0.16855413209869,-0.225781420814857,-0.337603581590826,AdenomeraHylaedactylus
0.400343602735685,0.255238915299088,-0.291999917484705,-0.266537471243659,AdenomeraHylaedactylus
0.225146582990512,0.166954025599438,-0.200642665641213,-0.245076574488849,AdenomeraHylaedactylus
0.324673626440673,0.174373757233384,-0.293772666368378,-0.24108939918123,AdenomeraHylaedactylus
0.253213103129741,-0.0662949000898017,-0.169652763737007,-0.150862350649777,LeptodactylusFuscus
-0.0605316905108228,-0.012622183216737,-0.0120082140476031,0.223089107156266,AdenomeraAndre
0.284850309963129,0.234331694437151,-0.231278513762301,-0.262685898929789,AdenomeraHylaedactylus
0.354479119298985,0.16214595293388,-0.292543575782776,-0.260582375200146,AdenomeraHylaedactylus
0.339944218891892,0.15748673070442,-0.268761177344862,-0.281662983956895,AdenomeraHylaedactylus
0.0955904833580112,-0.0553644053256007,-0.0726608726191504,0.0157692236261834,HylaMinuta
0.330390577238002,0.143967191541751,-0.242307430010644,-0.27849271610938,AdenomeraHylaedactylus
0.252131878625569,0.115117157170859,-0.16407544782167,-0.260713727161047,AdenomeraHylaedactylus
0.0697691791398341,0.0127936461232308,-0.0732994141830017,0.0303790445539019,HypsiboasCordobae
0.250858092865469,0.125287988897654,-0.165923542931968,-0.250249767658731,HylaMinuta
0.485080582569912,0.157128983312684,-0.41221571596566,-0.384437890484538,AdenomeraHylaedactylus
0.319083899165838,0.182757688884375,-0.269984841311865,-0.29035081694404,AdenomeraHylaedactylus
0.372779186356018,0.154177137966429,-0.282179411751137,-0.37753703520223,AdenomeraHylaedactylus
-0.0893819286506138,-0.0519549486287209,0.106935134646598,0.31321496251558,AdenomeraAndre
0.290868347155257,0.218056038719731,-0.264788057871117,-0.315732862906022,AdenomeraHylaedactylus
0.332001663720749,0.254869458143286,-0.231283555905719,-0.336230099665841,AdenomeraHylaedactylus
0.0456264946771376,0.0494474583839705,-0.0003246406954289,-0.0300498660089602,HypsiboasCordobae
0.0660960494171993,-0.0108197999913475,-0.110058697448093,0.11330016649646,HypsiboasCordobae
-0.0252064699683207,0.026170494840662,0.118983824047714,0.0216628735330311,HypsiboasCordobae
0.347345282974073,0.258036232911838,-0.31539561133439,-0.267384776100959,AdenomeraHylaedactylus
0.281446158353666,0.112058250222769,-0.220381722179325,-0.258546753061425,AdenomeraHylaedactylus
0.0435368483433667,0.0485037524860901,0.0027528625069397,-0.0395849724114918,HypsiboasCordobae
0.319341927882111,0.196163842242681,-0.279822112334171,-0.273284313992752,AdenomeraHylaedactylus
0.420859341542869,0.244598460903342,-0.378603563470585,-0.328587407185047,AdenomeraHylaedactylus
-0.0819417306188967,0.0129417864018372,0.0429924028595352,0.115004015962274,HylaMinuta
0.432723371985712,0.176972854955782,-0.393186283556162,-0.341521843358433,AdenomeraHylaedactylus
0.0694318213497365,0.0489635489276812,-0.0250467361473944,-0.0852055675875648,HypsiboasCordobae
-0.202371526601483,-0.144770079500662,0.212203890351161,0.121331325301711,HypsiboasCinerascens
-0.129575524047562,0.0126220824949479,0.0169847946723231,0.248048679057047,AdenomeraAndre
-0.014336435677207,0.0161652168678504,0.114617477599395,-0.0068126223240201,Ameeregatrivittata
-0.104801457813368,0.0299222919253266,-0.0239085374058977,0.281369729761583,AdenomeraAndre
0.04280173860312,-0.0881379916127778,0.205210339012314,-0.0577836368541645,HypsiboasCinerascens
0.265689351073012,0.186778047090119,-0.323334166248007,-0.271686855019898,AdenomeraHylaedactylus
0.017393435063304,-0.0708534778860274,0.135323809430003,-0.0293310882273836,HypsiboasCinerascens
0.376352651734609,0.220232131185956,-0.273791259958482,-0.198668075952596,AdenomeraHylaedactylus
0.364821280996958,0.164022024066839,-0.314601239349201,-0.240140389787796,AdenomeraHylaedactylus
0.226562322706696,0.208168528201254,-0.197115491067123,-0.136320961441002,AdenomeraHylaedactylus
0.372079459447645,0.189913599749174,-0.201849337213415,-0.292381732945595,AdenomeraHylaedactylus
0.443017883117773,0.156698532235313,-0.28308404203247,-0.368635710614938,AdenomeraHylaedactylus
-0.0222928381551716,0.0423569318835696,-0.0714976295967834,0.070704224451906,ScinaxRuber
0.269732704189796,0.17318600009124,-0.219841574936718,-0.245936387145901,AdenomeraHylaedactylus
0.392130524889929,0.146361540175167,-0.300936318655765,-0.27284887978672,AdenomeraHylaedactylus
0.0735827620414101,0.0275518375811558,-0.0531910404335623,-0.0312398825058346,HypsiboasCordobae
0.1265726803861,0.0658152952044984,-0.0695613393021634,-0.066004570505763,HypsiboasCordobae
0.350411673584243,0.193536865056944,-0.258783071760202,-0.340050972971989,AdenomeraHylaedactylus
0.318480456924081,0.252490780561799,-0.313207641236897,-0.338288056921553,AdenomeraHylaedactylus
0.220433613792236,0.107951393200181,-0.145337127722379,-0.0830807359436445,HylaMinuta
-0.178383890391755,0.0720646711822296,0.0519626707204067,0.26823423247079,AdenomeraAndre
0.351442538414338,0.16727863149122,-0.20631294366745,-0.249141601854016,AdenomeraHylaedactylus
0.243746597812785,0.236073200659326,-0.331874987021676,-0.122424061277263,AdenomeraHylaedactylus
0.420531339777941,0.143594021957374,-0.238398065273615,-0.338486693693314,AdenomeraHylaedactylus
-0.0683432752746903,-0.0900994476713157,0.292823666194287,-0.0365856552513236,HypsiboasCinerascens
0.355522673335817,0.222131536622353,-0.240516403604478,-0.290233890561796,AdenomeraHylaedactylus
-0.0686567607241665,-0.0343103292605112,0.14646580657889,-0.0037369057056338,Ameeregatrivittata
0.248189704001219,-0.173826857617385,-0.0662010777221495,-0.216368746071915,LeptodactylusFuscus
0.349401959659597,0.162059558282499,-0.348997521829361,-0.229641294598991,AdenomeraHylaedactylus
-0.0691464076275114,0.128358894146806,0.117432869641614,-0.0413945885579663,HypsiboasCordobae
0.295304040990024,0.138649616137934,-0.213066265078884,-0.235491166165494,AdenomeraHylaedactylus
0.398467815350877,0.242102299850214,-0.356188261665543,-0.341408219257276,AdenomeraHylaedactylus
-0.0730977029395464,-0.155651011072398,0.0860001077705004,0.166844533746289,HylaMinuta
0.236299545373486,0.186544882741763,-0.252059664974738,-0.200502648414842,AdenomeraHylaedactylus
0.0388046037075098,-0.0847611413847795,0.181052498920136,-0.0508953766906392,HypsiboasCinerascens
0.0319645281000766,0.0654646383111642,-0.0798890476806448,0.015171890622687,HypsiboasCordobae
-0.117784294281518,0.0092295019076469,0.0785796947795758,0.282367644445218,AdenomeraAndre
-0.45824268324492,0.227413391739076,0.445166848283865,0.402094226341783,AdenomeraAndre
-0.205029343470194,-0.0458850468731248,0.155261117514752,0.180718265606214,Ameeregatrivittata
0.109037371638258,0.0136780947571355,-0.0024123243100223,-0.0796839839823845,HypsiboasCordobae
-0.313192879102034,-0.0167207535908192,0.164394788394619,0.216434689105303,Ameeregatrivittata
0.299055058340069,0.210075395364568,-0.223774354658926,-0.272813882686318,AdenomeraHylaedactylus
-0.017951907010275,-0.0309570713414507,0.132898680760962,-0.0318473200004265,Ameeregatrivittata
0.397081208854832,0.207828764727215,-0.275917786537369,-0.243363771734418,AdenomeraHylaedactylus
0.325161941352932,0.194163790312646,-0.249101355446227,-0.195114953294263,AdenomeraHylaedactylus
0.273410813291035,0.226091513586779,-0.198949221367008,-0.329085948218411,AdenomeraHylaedactylus
0.1024002609878,0.0145540133463655,-0.142814348510715,0.0512150138694227,HypsiboasCordobae
0.221791018324733,0.118284503606219,-0.164296170520026,-0.17332041066048,AdenomeraHylaedactylus
-0.0964204185182728,-0.0871970760536575,0.210191962727765,-0.0257281991274683,HypsiboasCinerascens
0.308259610463008,0.171542703111723,-0.29611714227372,-0.280389316773719,AdenomeraHylaedactylus
0.382528047816402,0.195194620688682,-0.307184819266516,-0.23298478506624,AdenomeraHylaedactylus
0.179610026042196,0.0995727339990615,-0.158000022821334,-0.144030724478275,AdenomeraHylaedactylus
0.259518104325156,0.174095618171794,-0.227767299867126,-0.174506244119429,AdenomeraHylaedactylus
0.255595074015949,0.18280151252922,-0.197049584645931,-0.234428023829707,AdenomeraHylaedactylus
0.292466098742309,-0.113416464266801,-0.145071954327514,-0.158390271471091,LeptodactylusFuscus
0.283925796080739,0.124004767290798,-0.228360361638485,-0.344547223260577,AdenomeraHylaedactylus
0.0785102210409457,0.0371933832313068,-0.0163302809677384,-0.0351976500269681,HypsiboasCordobae
-0.209234692358209,-0.0179235526861174,0.109692375509823,0.209598474242193,Ameeregatrivittata
0.445355531045793,0.20539039180732,-0.308929378170686,-0.399361223308246,AdenomeraHylaedactylus
-0.163152562948277,-0.0451596212451803,0.210260094580116,0.0533596802206491,Ameeregatrivittata
0.371592433662034,0.196079105098355,-0.180495031349914,-0.226302781932973,AdenomeraHylaedactylus
0.29652718214621,0.250843615037489,-0.195852879557074,-0.206740620815307,AdenomeraHylaedactylus
-0.0915015241378633,-0.151215347257859,0.186666297027127,0.0279626713670078,HypsiboasCinerascens
0.0977885834955829,-0.0216018406501717,-0.100072992668533,0.0761619287173843,HypsiboasCordobae
0.299743502211333,0.253610705332935,-0.23099656899207,-0.332532848837528,AdenomeraHylaedactylus
-0.097056275332245,0.0369208227484565,-0.0085553775915637,0.191389335402478,AdenomeraAndre
0.288738869211481,-0.0200061837475386,-0.0893078370362466,-0.165300713483044,HylaMinuta
0.309857781318658,0.170357782409065,-0.199622115481864,-0.30733890213116,AdenomeraHylaedactylus
0.344288741614811,0.159669024737114,-0.257083876849912,-0.260037835037184,AdenomeraHylaedactylus
0.116046995699074,0.0703012305173098,-0.0218793180226308,-0.0976001516465487,HypsiboasCordobae
0.0838731081479703,0.0097670473339581,-0.147753237595711,0.0645186732574059,HypsiboasCordobae
0.365263319242411,0.199363418410109,-0.2687141728748,-0.321091315724373,AdenomeraHylaedactylus
-0.108668200958202,0.0336751387366307,0.106956198271636,0.287357991642717,AdenomeraAndre
0.260885403628148,-0.0486348522989397,-0.0752200118451379,-0.093868505590612,LeptodactylusFuscus
-0.0058219015504321,0.0558127240619955,0.0334564710053458,0.0084683205371563,HypsiboasCordobae
-0.0652985571356402,-0.0932027098851307,0.191757933783116,-0.051052945797813,HypsiboasCinerascens
-0.123918762922902,0.00178722803327,0.0434325211765211,0.262202147458344,AdenomeraAndre
0.0050842336579929,0.0204309665501054,0.0511912688353328,0.0074514938379833,OsteocephalusOophagus
0.252028106570045,0.210605204676634,-0.259378568632549,-0.257661356255796,AdenomeraHylaedactylus
0.392561597372583,0.220158405514712,-0.305300899997317,-0.290010563184012,AdenomeraHylaedactylus
0.421028564659016,0.220800497788048,-0.237204033682941,-0.398015150023634,AdenomeraHylaedactylus
0.377063171491602,0.167445768185054,-0.296745454546675,-0.325364924261081,AdenomeraHylaedactylus
-0.0673238004961268,-0.0256845084136055,-0.0230681274175735,0.164984030200199,HypsiboasCinerascens
0.0934519010916811,0.0429637844167616,-0.0202314237546626,-0.0694417600450253,HypsiboasCordobae
-0.0436058829260454,0.0551772274916909,0.202221788391986,-0.132060769944876,Ameeregatrivittata
0.0973310738704363,0.0343916167165787,-0.0084085066108665,-0.0561176040759939,HypsiboasCordobae
0.466974305658323,0.212551285690427,-0.358576700584508,-0.428109433531483,AdenomeraHylaedactylus
0.152124037272499,0.0942790113629095,-0.195739589608802,-0.24021933458807,AdenomeraHylaedactylus
0.358050753590674,0.17687860502296,-0.35183140959439,-0.243517360523934,AdenomeraHylaedactylus
0.372146747568622,0.176482968767586,-0.332516983041253,-0.29494905002352,AdenomeraHylaedactylus
0.0383434257133802,0.0543441628851334,-0.0055648005274792,-0.0329125928858883,HypsiboasCordobae
0.413404494021182,0.190457484009713,-0.322598685105433,-0.33086642308131,AdenomeraHylaedactylus
-0.0705167358512643,0.0340927927878365,0.0290978359242612,0.117863549662196,HylaMinuta
0.310592486239316,0.235008869967017,-0.281424949701575,-0.273009574649478,AdenomeraHylaedactylus
0.373136648403897,0.170921550518059,-0.274792569124061,-0.332513555931436,AdenomeraHylaedactylus
0.102847493234926,0.0571878046335559,-0.0042664279827718,-0.0799347276611939,HypsiboasCordobae
0.396390668631828,0.178383342531356,-0.280156824450233,-0.409681975626831,AdenomeraHylaedactylus
0.175254946709618,0.0605196343518954,-0.145257313999234,-0.178175002264391,HylaMinuta
0.0900910004145959,0.0058811942374479,-0.132491844490034,0.0368498528738613,HypsiboasCordobae
0.316207701587325,0.134317501027033,-0.1962752280772,-0.296643228875631,AdenomeraHylaedactylus
0.258970307812601,0.0852237532143967,-0.183733814851705,-0.254958951543131,AdenomeraHylaedactylus
0.154706791160411,0.168479023361462,-0.148040273650151,-0.159269469147506,AdenomeraHylaedactylus
-0.153119543398785,-0.0968953697801283,0.0229027369415642,0.0497923328176576,ScinaxRuber
0.400602243166631,0.257378115616743,-0.291288683063548,-0.38817443870553,AdenomeraHylaedactylus
0.0496945369234526,0.0662280085577886,-0.183836968550066,0.159024240748954,HypsiboasCordobae
0.106648658444748,0.171346097326999,-0.132366459971724,-0.165088116029136,AdenomeraHylaedactylus
0.180425543972916,-0.0746889268829519,-0.0914827450979771,-0.042318931719516,HypsiboasCordobae
-0.125083592919303,-0.0799377292366821,0.217020505043894,0.0806359414223202,Ameeregatrivittata
0.355830255078103,0.130200595335179,-0.21039551105617,-0.24405035502895,AdenomeraHylaedactylus
0.366700232827366,0.210953641613896,-0.181122270023454,-0.225214925729635,AdenomeraHylaedactylus
-0.0639935892167927,-0.0448480266502193,0.201244956201545,-0.0647079696636281,HypsiboasCinerascens
0.342180821446813,0.245349521529496,-0.353767729407112,-0.26348421439627,AdenomeraHylaedactylus
0.163969141830143,-0.055263074215527,-0.160624944174236,-0.0846693530900898,LeptodactylusFuscus
0.35796477801062,0.214483990386859,-0.28792825853208,-0.329450939362567,AdenomeraHylaedactylus
0.157218559434033,0.155334915501154,-0.0929968549495143,-0.140562548370702,HypsiboasCordobae
0.292359245122722,0.183987025587315,-0.211527478300773,-0.204673486836506,AdenomeraHylaedactylus
0.421951551661232,0.278954042024741,-0.438884222081601,-0.29313996560802,AdenomeraHylaedactylus
-0.0826309260211444,0.0657537069770948,0.243119776154903,-0.162197485529461,AdenomeraAndre
-0.0146983801878269,-0.0412018505498752,0.0061061512592259,0.168675810801692,AdenomeraAndre
0.0017601830203919,0.0047156468004981,0.0209598403550993,0.0579368201234537,Rhinellagranulosa
0.130677995231358,-0.0708289767093717,-0.0648771519196154,-0.0776525365220064,LeptodactylusFuscus
0.365829306688689,0.24965521928355,-0.303955226333664,-0.400130028100486,AdenomeraHylaedactylus
0.345209359911859,0.17285426242191,-0.300523302537829,-0.268576245912182,AdenomeraHylaedactylus
0.356105608865477,0.135891867322067,-0.215209191302932,-0.300528915458725,AdenomeraHylaedactylus
0.0906235888713173,-0.0170306914940362,-0.107916967617819,0.0591176888953921,HypsiboasCordobae
0.197989856327552,0.222749662840659,-0.232182297364392,-0.162872528453092,AdenomeraHylaedactylus
0.317380011147528,0.1623951200584,-0.229533142138111,-0.248051727759069,AdenomeraHylaedactylus
0.331775587424476,0.124243603361024,-0.361617120570431,-0.296203900974891,AdenomeraHylaedactylus
0.171399366891295,0.219212330251845,-0.157454349013261,-0.269201147639224,AdenomeraHylaedactylus
-0.156166572979759,-0.212337079720117,0.247736001667318,0.0193444775109897,HypsiboasCinerascens
0.374167046579443,0.153596288609729,-0.321132741726344,-0.289630476471005,AdenomeraHylaedactylus
0.204068680096012,0.122554678945003,-0.105715756395665,-0.253955508845227,AdenomeraHylaedactylus
0.17715079347166,0.188092692916613,-0.0938294248899035,-0.172642514088509,AdenomeraHylaedactylus
-0.115463828658728,-0.139424115639245,0.112663931354353,0.143635977167592,HylaMinuta
0.353551117485358,0.245913483949163,-0.281613559127195,-0.250143435956001,AdenomeraHylaedactylus
0.200757076633655,0.19484512301241,-0.220281078963273,-0.133595563688948,AdenomeraHylaedactylus
0.246340978917671,0.252984796024254,-0.219460612431009,-0.177901600713688,AdenomeraHylaedactylus
0.385758198699782,0.210291061177687,-0.377823137125457,-0.304252964925995,AdenomeraHylaedactylus
0.292399537434528,0.198875964054685,-0.318975602558609,-0.289283088531721,AdenomeraHylaedactylus
0.326531788728919,-0.124666515377471,-0.167315368694094,-0.314513533805157,LeptodactylusFuscus
0.275566637907758,0.207289554759607,-0.217077967007587,-0.185969332479533,AdenomeraHylaedactylus
0.269457270177315,0.230982898796076,-0.196679482257412,-0.274244908772629,AdenomeraHylaedactylus
0.3294232157021,0.124097196123392,-0.250378593075164,-0.265099758819734,AdenomeraHylaedactylus
0.323901061741069,0.214523415577014,-0.223332194442931,-0.233245863001485,AdenomeraHylaedactylus
-0.110940303542711,-0.176170692192493,0.174433503711477,-0.0342906702258378,HypsiboasCinerascens
0.320453421655128,0.227939407333304,-0.282028069254523,-0.281172566522284,AdenomeraHylaedactylus
0.232297246671612,0.185358027574392,-0.240266458534886,-0.148948342163859,AdenomeraHylaedactylus
0.298640984591954,0.208514876799673,-0.266773434798882,-0.288126489776985,AdenomeraHylaedactylus
0.405027747691313,0.255642301638173,-0.28970877139194,-0.215505256601105,AdenomeraHylaedactylus
0.079051555326617,-0.045499687388293,-0.154386757906086,0.0848230837889629,HypsiboasCordobae
0.236066961874147,-0.0436268407461193,-0.113662577013098,-0.146703699464658,LeptodactylusFuscus
0.0568972010545339,0.0846639863994088,0.005078717761084,-0.0385131310272242,HypsiboasCordobae
0.391861180186611,0.148129232867631,-0.31237527772427,-0.304279960128344,AdenomeraHylaedactylus
0.030436854935589,0.0174367384079366,-0.0824011063405828,0.104860241771681,HypsiboasCordobae
-0.225554062884512,0.0114329771088314,0.406152003354442,-0.0215154969298233,AdenomeraAndre
-0.15302187008617,0.0389044119569393,0.218511533405333,-0.0573385617367884,AdenomeraAndre
-0.153246332698858,-0.0902058450396786,0.0541506075859112,0.0462192387778265,ScinaxRuber
0.232395890346227,0.138812235557328,-0.0708264411901309,-0.243153703651597,AdenomeraHylaedactylus
0.0967547786584547,0.0784263505886417,-0.0200470945981245,-0.0841312837841223,HypsiboasCordobae
0.323277104317261,0.267309054890149,-0.174304430466603,-0.236337990836189,AdenomeraHylaedactylus
0.291367736485367,0.264079911806603,-0.381422973158502,-0.233143191522576,AdenomeraHylaedactylus
0.172559815155837,0.262438662756976,-0.178763477742467,-0.190101034433547,AdenomeraHylaedactylus
0.364091594189394,-0.119465307641713,-0.195125021899035,-0.253139303177663,LeptodactylusFuscus
0.0031549743972268,0.0265271999928114,0.0073575524349344,0.198315237531836,AdenomeraAndre
0.0757854888007732,-0.0389829016577916,-0.0913092617151078,0.0811565335483047,LeptodactylusFuscus
0.37265923887682,0.253573606272678,-0.302858982058796,-0.320857376148525,AdenomeraHylaedactylus
0.0505423902227713,0.0269478113289582,-0.0832416715862146,-0.0781566044068225,ScinaxRuber
-0.0606440361330539,0.0203842112954714,-0.0069794657843252,0.21065238557671,AdenomeraAndre
0.353946731578861,0.157587986354843,-0.251231320971728,-0.309205287977031,AdenomeraHylaedactylus
-0.106629679221962,0.0700958232902918,0.194410010438192,-0.081985800323964,HypsiboasCordobae
-0.0285494176070468,-0.0124682634179797,-0.010509462866977,0.0074697931290005,LeptodactylusFuscus
0.0744454284786989,0.0172548202351879,-0.10061481898851,-0.16307996345423,HylaMinuta
0.064824946770278,0.0407859891260282,-0.08770907866607,0.0520643311411838,HypsiboasCordobae
0.178247223924894,0.0986401474817208,-0.221418037557954,-0.261440953434184,AdenomeraHylaedactylus
0.282889132559023,0.218266644827721,-0.228943495242817,-0.271917519734592,AdenomeraHylaedactylus
0.357907638329228,0.126649823373773,-0.274741641551953,-0.310498844035163,AdenomeraHylaedactylus
0.0414814204535317,0.0174545719535807,0.0221652298454852,0.0237215411984125,OsteocephalusOophagus
0.32099476254734,0.221356750597465,-0.182337366447835,-0.303139160650825,AdenomeraHylaedactylus
-0.0838609668641779,0.0029473500429656,0.0816142891654448,0.186967599115463,AdenomeraAndre
0.410870413734326,0.156627695743868,-0.317524557920097,-0.317478350884044,AdenomeraHylaedactylus
0.0697672744602293,-0.0334621678958031,-0.022897358849648,-0.107798462941033,OsteocephalusOophagus
0.397547167105719,0.144992387611498,-0.277644066798507,-0.321481363631992,AdenomeraHylaedactylus
0.30355617384949,0.17147384203288,-0.220736055790862,-0.342503281483149,AdenomeraHylaedactylus
0.331508358267412,0.189415896016768,-0.208794902135866,-0.245697089282135,AdenomeraHylaedactylus
0.001876830169853,0.338614503112884,0.593678413586724,-0.594312033559358,AdenomeraAndre
0.28148157295087,0.229792419916263,-0.233617876824284,-0.184756351029651,AdenomeraHylaedactylus
0.268914537300261,0.2017766068046,-0.213809822538893,-0.250073835817011,AdenomeraHylaedactylus
-0.121985530781834,-0.0458702774369192,0.201644076490152,0.0190223537468495,Ameeregatrivittata
0.334848758021239,0.15254920695787,-0.201675551574383,-0.32028492223491,AdenomeraHylaedactylus
0.384880189299556,0.12389252237934,-0.305723319607072,-0.312198469812084,AdenomeraHylaedactylus
0.297687431402194,0.191610575210758,-0.292719899680136,-0.256325447209828,AdenomeraHylaedactylus
-0.0998878433815791,-0.171075449767846,0.311208351707458,0.0428028580563624,HypsiboasCinerascens
0.0820772031173306,0.111791748691097,0.133117663276331,-0.205823039000773,Ameeregatrivittata
0.0735983202762329,0.0283289159571681,-0.0283945499139597,-0.0726602131373728,HypsiboasCordobae
0.333083698455053,0.17257760038062,-0.226565912820047,-0.244770283543813,AdenomeraHylaedactylus
-0.0347125952774117,0.117863790379777,0.0358141269585812,-0.0123617674159498,HypsiboasCordobae
0.104914894090808,-0.0636125326859322,-0.0610439589056734,-0.121151270851742,HylaMinuta
0.0284169969529786,0.0227594603173339,0.012106729838814,-0.022720388143063,ScinaxRuber
0.382602453868221,0.182400183919781,-0.27084147977859,-0.347012758098226,AdenomeraHylaedactylus
0.418387246113255,-0.0512938566068404,-0.191096947113993,-0.324046076974453,LeptodactylusFuscus
-0.119343667649699,-0.27280428214727,0.310536790066213,0.0328494803724804,HypsiboasCinerascens
0.305669268721464,0.215197106316338,-0.167396232940289,-0.268098682490887,AdenomeraHylaedactylus
-0.369901902923582,0.0525704555118119,0.312071997773914,0.318131373383777,AdenomeraAndre
-0.144219343531423,-0.0885945454635991,0.220213157421927,-0.0828478411090995,HypsiboasCinerascens
0.27456743446136,0.232179566218413,-0.253475416467871,-0.158016933748979,AdenomeraHylaedactylus
-0.214307584441563,0.0378680539717119,0.0302362230497717,0.300267391409962,AdenomeraAndre
-0.135699309311598,0.0306985481900703,0.0508602156837,0.237156600740915,AdenomeraAndre
-0.281291498820288,0.0030981069829833,0.124032441310599,0.225126250442143,AdenomeraAndre
0.370212255652707,0.203166043726789,-0.278396093325617,-0.305049765341703,AdenomeraHylaedactylus
0.286355723094992,0.208189255807316,-0.221505604339084,-0.226796023884392,AdenomeraHylaedactylus
0.399063923314804,0.236505115007661,-0.342716599375458,-0.272564578658602,AdenomeraHylaedactylus
0.279182935851362,0.193029498299726,-0.310515588599147,-0.241629130548279,AdenomeraHylaedactylus
0.363146873054557,0.198271498789327,-0.245821457252419,-0.273921662524267,AdenomeraHylaedactylus
0.29113699309805,0.212637703085155,-0.313372377634707,-0.277940658828089,AdenomeraHylaedactylus
-0.16244204135426,0.0297987302588737,0.059475944805897,0.191294140532416,AdenomeraAndre
0.274873747053617,0.115658479548612,-0.174879793781597,-0.237658861537945,AdenomeraHylaedactylus
0.349802146334578,0.181372002641248,-0.208965421961953,-0.304067763423771,AdenomeraHylaedactylus
-0.0364141479816037,-0.180107479933732,0.215666586654347,0.0243803420605881,HypsiboasCinerascens
-0.191044180215749,-0.244375037684187,0.328980718348272,-0.0129952538651514,HypsiboasCinerascens
0.230930137207476,-0.11004926958614,-0.0573783024508548,-0.158585735465264,LeptodactylusFuscus
0.0614586856542797,0.033653930514218,-0.0062598783187197,-0.0552855521294731,HypsiboasCordobae
0.387397313540843,0.201602683798816,-0.276390751613091,-0.421857087738397,AdenomeraHylaedactylus
0.137133011741373,0.101084414350616,-0.170798706072811,-0.100797426605452,HypsiboasCordobae
0.212169786934821,0.202658914761074,-0.323001500313885,-0.249299515726809,AdenomeraHylaedactylus
-0.119805820049482,-0.0044375155561153,0.0711297230541149,0.221362388805886,AdenomeraAndre
0.256125762166356,-0.154338303761573,-0.146891964029484,-0.164482597496459,HylaMinuta
0.362452855836257,0.135975269827315,-0.276831216273806,-0.356949826982026,AdenomeraHylaedactylus
0.268343560457901,0.113518503415896,-0.143763918415097,-0.246822270976469,AdenomeraHylaedactylus
0.328594540831728,0.226080301835008,-0.361274940571916,-0.330922948872485,AdenomeraHylaedactylus
0.349262505337401,0.226727711234791,-0.332344320218426,-0.315756742858054,AdenomeraHylaedactylus
0.105125108569891,-0.0071876255413139,-0.123471858276122,0.0677424595378121,HypsiboasCordobae
-0.28388443578516,0.0137865813089108,0.119784740601275,0.172537834672504,Ameeregatrivittata
0.198931067728328,0.204897938967544,-0.184716923904642,-0.148042562250863,AdenomeraHylaedactylus
0.0527306677263879,0.0634150493714464,-0.0027698154472025,-0.0794565492544175,HypsiboasCordobae
-0.16650686538883,-0.0129403420747951,0.0755695503414047,0.278096328528235,AdenomeraAndre
-0.167805604875017,-0.121693057529913,0.0089491561337474,0.0606279409328431,ScinaxRuber
-0.166322039080373,0.0281494659570404,0.141511970755522,0.177453080427444,Ameeregatrivittata
0.0627244673526493,0.0325106279460481,-0.0369109459507677,-0.0393669861603058,HypsiboasCordobae
-0.292375482357574,0.028329280491295,0.207432199675348,0.245282259294747,Ameeregatrivittata
0.321897357918719,0.095271408562603,-0.404250797354238,-0.273389014939919,HylaMinuta
0.0104743784067041,0.0137338451541009,-0.0654518482977026,0.11192295875154,Ameeregatrivittata
0.293838396490033,0.17734952193693,-0.252994972298689,-0.264891738979686,AdenomeraHylaedactylus
-0.237247605231953,0.0344173983672993,0.0980831990270832,0.170274792005518,Ameeregatrivittata
-0.0397308121886886,-0.0290771432040205,0.044838763194049,0.245265313755318,AdenomeraAndre
0.158653948926489,0.116425947351604,-0.0839524945534431,-0.147076482559524,HylaMinuta
-0.0407200405788564,-0.0831322480664053,0.125273471926264,-0.0739083961402192,HypsiboasCinerascens
-0.009774726353118,0.0236792495338021,-0.0299354873411491,0.0847326310332027,ScinaxRuber
0.419909126206602,0.262471258200462,-0.321640134214996,-0.233244223290105,AdenomeraHylaedactylus
-0.14137254865114,-0.0521859147002968,0.171412512148683,0.0952680788687307,HylaMinuta
0.09702224088793,0.058015872593456,-0.0024504871609258,-0.068290315394542,HypsiboasCordobae
0.131632073394592,0.115482242087048,0.0589579191025416,-0.0408390848225822,Ameeregatrivittata
-0.0065029636507877,-0.0077743122403385,0.038390718046115,0.289945786591534,AdenomeraAndre
0.294068243846622,0.166291887770358,-0.264192744692002,-0.257049530963845,AdenomeraHylaedactylus
0.374481957799853,0.207534599839693,-0.303116141497666,-0.357351503583642,AdenomeraHylaedactylus
-0.0787772086223744,0.0762471113017665,0.0867175153507424,0.292322732345838,AdenomeraAndre
0.222885043663781,0.182495328982634,-0.244694061066608,-0.131034075498582,AdenomeraHylaedactylus
0.102782345914432,-0.136254889730545,0.0778047592237792,-0.134430045511547,HypsiboasCinerascens
0.0124054863187812,0.132252817669508,0.141795144402186,-0.161767379985717,HypsiboasCordobae
0.335646474629186,0.204859142154544,-0.256901752317411,-0.286708266393759,AdenomeraHylaedactylus
0.0731567588218993,0.0838959094972856,-0.013829662203223,-0.102099559401768,HypsiboasCordobae
-0.0718753604188046,-0.191066589136527,0.0893452686676069,0.174097729061849,HylaMinuta
0.378078636586042,0.177182647100603,-0.213256782792993,-0.272384508226658,AdenomeraHylaedactylus
-0.162794216375674,0.0162259450069673,0.108101889862519,0.159603799023614,Ameeregatrivittata
0.137098223869249,0.0193859005476114,-0.146282703299464,0.0472068555620898,HypsiboasCordobae
-0.063629176353789,-0.0692981792351246,0.178695973057568,0.11782967069222,Ameeregatrivittata
0.0240573039586626,0.0181398992187554,-0.0841174404235296,0.0975983108591935,HypsiboasCordobae
0.132037657378946,0.173061579313267,-0.170741762629199,-0.169653585852058,AdenomeraHylaedactylus
-0.198031546160086,0.0261458776077054,0.156533886351634,0.174277980721751,Ameeregatrivittata
-0.0712508168185707,-0.0687747726821267,0.163062399829465,-0.0226611299810105,Ameeregatrivittata
0.252401759479917,0.197494823473127,-0.143767827990722,-0.24917992418433,AdenomeraHylaedactylus
0.298404024317624,0.0984079399033788,-0.22247938457301,-0.240732598884318,HylaMinuta
0.217550049099491,0.220010110356462,-0.1856245600381,-0.183440355913431,AdenomeraHylaedactylus
0.197806469060655,0.146769247337674,-0.142312430543477,-0.254386278234017,AdenomeraHylaedactylus
0.172923704408377,0.0691190208363884,0.247203823435311,-0.251201315595392,AdenomeraAndre
-0.0798325281193804,-0.0451774371838507,0.191750178178272,-0.0177117587815292,Ameeregatrivittata
0.356882301315438,0.144861188141538,-0.249633613417281,-0.313397230026246,AdenomeraHylaedactylus
0.356435366090231,0.136250113626514,-0.29448710760182,-0.400964554918357,AdenomeraHylaedactylus
0.411584068065258,0.137929261155132,-0.33850567683771,-0.402626918633445,AdenomeraHylaedactylus
-0.164392684682483,0.0210122387613112,0.108305366650441,0.33663257484418,AdenomeraAndre
-0.243089660733779,0.0154934230635568,0.133715633923946,0.139732310584722,Ameeregatrivittata
0.320192651895914,0.167107917826699,-0.234941232387555,-0.189799888516084,AdenomeraHylaedactylus
0.0908054782487534,-0.0026236078877362,-0.0988306492889115,0.0568415705859627,HypsiboasCordobae
0.429547586173434,0.160901081573076,-0.229385582690865,-0.344103882088739,AdenomeraHylaedactylus
0.28521790139215,0.113435846403282,-0.200428607838934,-0.236918496693462,AdenomeraHylaedactylus
0.362642798992248,-0.0720315631729426,-0.134887210790448,-0.264399190030075,LeptodactylusFuscus
0.0924379877645021,-0.0378115796984833,-0.101612376858681,0.0791582827738757,HypsiboasCordobae
-0.126552134455635,-0.0106252708968201,0.130259831731043,0.0612690685701511,Ameeregatrivittata
0.0210774207160446,0.0448393925125421,-0.0601415381655541,-0.262249407088663,HypsiboasCordobae
0.331254200332941,0.186767301581514,-0.27132784330334,-0.311131068831609,AdenomeraHylaedactylus
0.265680855540164,0.215608141200536,-0.423621466372124,-0.183179817317011,AdenomeraHylaedactylus
0.380767824096664,-0.128625514921124,-0.222235344013679,-0.147824362752702,LeptodactylusFuscus
0.41790916757718,0.116532090760061,-0.268633351797722,-0.336497509558644,AdenomeraHylaedactylus
0.247278315163093,0.141039059140822,-0.235597960108121,-0.350999392706373,HypsiboasCordobae
0.438689862106266,0.233900249766918,-0.260233254207389,-0.243396166448924,AdenomeraHylaedactylus
0.19121898855559,0.106298483844083,-0.155102550625008,-0.178795852499288,AdenomeraHylaedactylus
0.388648876607253,0.195131613919252,-0.266301956033095,-0.291167520489755,AdenomeraHylaedactylus
0.368181585116255,0.203116852803773,-0.296444914766686,-0.300436568021493,AdenomeraHylaedactylus
0.276284147303218,0.189308164530244,-0.279245675558844,-0.164176962564334,AdenomeraHylaedactylus
0.277143551822162,0.184439968223166,-0.265539574056274,-0.223420606591951,AdenomeraHylaedactylus
0.414209028206847,0.20083066943199,-0.302171129343174,-0.333914616843516,AdenomeraHylaedactylus
0.228620161175225,0.018445778868924,-0.187076828236368,-0.221345250053522,HylaMinuta
-0.191658275521304,0.0047919656918288,0.0546721627038934,0.165717872947235,Ameeregatrivittata
-0.0050710458764817,-0.0461893362641766,0.171194059865168,-0.0394458199285786,Ameeregatrivittata
0.0952309282280835,0.0045947795534552,-0.112218317892661,0.0668492146037823,HypsiboasCordobae
-0.143568556140612,0.0063227725215655,0.178584919917899,0.211768403228877,Ameeregatrivittata
-0.0266750328974961,0.038203554769746,0.205564206688667,-0.105179085416171,Ameeregatrivittata
0.0385889239703477,0.0360401801682013,0.0159716695963422,-0.0444177540297235,HypsiboasCordobae
0.269756462360718,0.226573610943959,-0.249028296965066,-0.270027736818463,AdenomeraHylaedactylus
0.146709611328472,0.0039930578083913,-0.0713344205431432,-0.106004291820387,HylaMinuta
0.332784508628728,0.197905155205514,-0.26341584480663,-0.238360868315672,AdenomeraHylaedactylus
-0.157827204196014,-0.193899955423268,0.264200225136036,0.0083256546597623,HypsiboasCinerascens
0.0834070448965816,0.0470160179462776,-0.0139635258276249,-0.0493658807791434,HypsiboasCordobae
-0.137197039935727,-0.204969556760323,0.3317281016096,0.093565798680799,HypsiboasCinerascens
0.257839387605227,0.190748737126428,-0.261238420167981,-0.260991483677779,AdenomeraHylaedactylus
-0.175616863529198,-0.110590264938584,0.182835146717137,0.022309805022546,HypsiboasCinerascens
0.363938370743411,0.208959817994683,-0.257457533579846,-0.262256623909372,AdenomeraHylaedactylus
-0.25098127568612,0.0214193585161363,0.184266221124725,0.264184230179013,AdenomeraAndre
0.175843255519113,0.194784501353321,-0.191063734865189,-0.210315391955342,AdenomeraHylaedactylus
0.358370144254987,0.219262320368893,-0.306514023737484,-0.278645160612028,AdenomeraHylaedactylus
0.348303099640273,0.226189968459608,-0.357299580062307,-0.25824918862598,AdenomeraHylaedactylus
-0.226855349826132,-0.26037169892273,0.308399438116419,0.0400873903498626,HypsiboasCinerascens
0.237994732260597,0.175474666635233,-0.186197680906884,-0.232906250176901,AdenomeraHylaedactylus
-0.164214629075943,-0.172897444438996,0.166403805947874,0.106304801254817,HylaMinuta
0.324816910217083,0.137917267017107,-0.254627335082712,-0.278810623029264,AdenomeraHylaedactylus
0.421554400493475,0.258867168123458,-0.308218810834961,-0.31240422754474,AdenomeraHylaedactylus
0.289025291979832,0.18536115597725,-0.260202579750194,-0.317334406347081,AdenomeraHylaedactylus
-0.141944231383076,-0.0547632817467363,0.19822809782597,0.0249404404088335,Ameeregatrivittata
0.120841901472743,0.0541098186737366,-0.0857185376873124,-0.0999719511573062,HypsiboasCordobae
0.0616037355716399,0.052181169263382,-0.0130100026031409,-0.0182416367767883,HypsiboasCordobae
-0.0534337939245217,-0.0606688644486726,0.0959699846839717,-0.134247331348323,HypsiboasCinerascens
-0.022867761389447,-0.25772078923521,0.106174333803144,0.0840707411514518,HylaMinuta
0.290060140065041,0.275443407519158,-0.253735477410669,-0.25511015801753,AdenomeraHylaedactylus
0.161176613034238,0.132193845055509,-0.118100921700253,-0.176653754931537,AdenomeraHylaedactylus
0.235491778376373,-0.0604628973729507,-0.223418679168813,-0.147895434673617,LeptodactylusFuscus
0.0244865440430123,-0.0262790649861534,0.316900593608312,-0.187996590576623,AdenomeraAndre
-0.123887400685065,0.0515183550106587,0.0852152302599547,0.313786983747938,AdenomeraAndre
0.297663462170083,0.174650088125868,-0.230738463913814,-0.222444959995147,AdenomeraHylaedactylus
0.0576592936586654,0.0152317860330699,0.051723307447388,-0.0758170797713871,Ameeregatrivittata
0.311575125971053,0.230277640025863,-0.265768422496585,-0.308791923916617,AdenomeraHylaedactylus
0.338663823580143,0.200260258677849,-0.283196818941706,-0.282792995408946,AdenomeraHylaedactylus
0.160838324641372,0.154974054588725,-0.067678670236381,-0.136514625197104,HypsiboasCordobae
-0.0280917287481747,-0.0179892936821982,0.0365032516601159,-0.0016044036535715,LeptodactylusFuscus
0.374014522140846,0.225659924693879,-0.276868706156898,-0.292624903789437,AdenomeraHylaedactylus
0.0383178351109235,0.0143462917502668,-0.018897705782652,-0.0536881789379106,ScinaxRuber
0.103379682144401,-0.0273587193085208,-0.130747134914719,0.0575480593172349,HypsiboasCordobae
0.354367250645802,0.156573507505309,-0.201939421412845,-0.274651144398282,AdenomeraHylaedactylus
-0.159983723665623,-0.0786481577758013,0.0133673949005793,0.0998809802541969,ScinaxRuber
0.219463189850051,0.166850570855044,-0.18122208937611,-0.167899972250657,AdenomeraHylaedactylus
0.238239326695644,0.160405801040073,-0.105374347111789,-0.0868769133601726,HypsiboasCordobae
0.379317008307762,0.134378210292061,-0.374848655804981,-0.30324298211101,AdenomeraHylaedactylus
0.287540536349201,0.129883516920589,-0.185818562265337,-0.242376449008029,AdenomeraHylaedactylus
-0.225763258487254,0.0220159034964192,0.0086481462643388,0.32675122310438,AdenomeraAndre
0.176722509560866,0.0058048488523202,-0.0506961800459499,-0.0440240430982077,LeptodactylusFuscus
-0.146681177041035,0.0362025100395693,0.134284621374338,0.268187891848443,AdenomeraAndre
-0.0476989150683085,-0.0428593063763717,0.184979852886331,-0.0112692993302102,Ameeregatrivittata
-0.0524499942660852,0.0328296230811192,0.0164518742926571,0.0606847779026473,HylaMinuta
0.217313287157462,0.206744329240724,-0.2686206187047,-0.194741743004832,AdenomeraHylaedactylus
-0.0621469506859208,-0.0003127474582383,-0.0245938204955955,0.108607950796642,ScinaxRuber
-0.0728544960066514,-0.173401787447923,0.132768477006206,-0.0948627395746802,HypsiboasCinerascens
0.0440960178142654,-0.0081657165537109,-0.0726184805001232,0.0516366742069011,HypsiboasCordobae
0.0458552803966318,-0.129488689710934,0.14646261201471,-0.100319087824472,HypsiboasCinerascens
0.238873058597405,0.0849521374001761,-0.238447955575759,-0.152185806499784,HypsiboasCordobae
0.404841243898712,0.305111129444309,-0.320332322593576,-0.369007409943468,AdenomeraHylaedactylus
-0.170786187333603,0.0854733365136225,0.133565042917737,0.235432996966839,AdenomeraAndre
0.135133536144879,0.235090516095618,-0.0922702199716419,-0.161050510589467,AdenomeraHylaedactylus
-0.251629271139502,0.0764856435793038,0.216558958944576,0.262418595709278,AdenomeraAndre
0.417944373447905,0.249493041760345,-0.307529852340252,-0.247742764176885,AdenomeraHylaedactylus
0.275781051605606,0.0001668258940557,-0.230779670279084,-0.198054785386515,HylaMinuta
-0.202380510695883,0.0333336952490614,0.115321908107201,0.0721974950104576,Ameeregatrivittata
0.198477540489805,-0.12402398555432,-0.0709370359768286,-0.12408084769854,LeptodactylusFuscus
-0.094165181330841,-0.02024428384161,-0.0663548616287777,0.206715333670832,Ameeregatrivittata
0.173050653670207,0.224227221945511,-0.121285003666778,-0.151328051566344,AdenomeraHylaedactylus
0.106564188777154,0.0517546032266017,-0.0495167408028673,-0.0540446926703087,HypsiboasCordobae
0.307148558596961,0.117669631861394,-0.274170575227001,-0.241869112804124,AdenomeraHylaedactylus
0.35717105941763,0.224806209788747,-0.261927147002356,-0.407416786879959,AdenomeraHylaedactylus
0.305347426929236,0.247204682620115,-0.301142477558126,-0.271851986333539,AdenomeraHylaedactylus
0.403279138932412,0.130196091176969,-0.313028801839071,-0.25913819674105,AdenomeraHylaedactylus
0.75128457154042,0.209796118127277,-0.412392949744512,-0.901988854570569,AdenomeraHylaedactylus
-0.0735523223332257,-0.068800197296662,0.184547726638888,-0.0246100127288855,Ameeregatrivittata
0.216781512534835,0.121848440930874,-0.159077625206379,-0.179541408735124,AdenomeraHylaedactylus
0.423662319543661,0.200566768004705,-0.258333688027262,-0.440497243705924,AdenomeraHylaedactylus
0.316102895929669,0.208166618322148,-0.322194196098816,-0.247666787416572,AdenomeraHylaedactylus
0.369393347311832,-0.0139398338934295,-0.206728114342221,-0.228538772402099,LeptodactylusFuscus
-0.106756186260182,-0.196390820786627,0.290470305137519,-0.0198953837948408,HypsiboasCinerascens
-0.284510712204643,0.150308954822876,0.254748980988172,0.314331608607458,AdenomeraAndre
0.408408366570438,0.183864724861238,-0.33488707649204,-0.32517324772841,AdenomeraHylaedactylus
0.201420905858079,0.124718600870649,-0.194544233063175,-0.173755884147531,AdenomeraHylaedactylus
0.239108036296498,0.202166200667724,-0.187240112480498,-0.237576378572789,AdenomeraHylaedactylus
0.362272059159045,0.169869749815411,-0.197053164536381,-0.328269308256923,AdenomeraHylaedactylus
-0.21823073615015,-0.0413009524607758,0.158541478657014,0.106909136244332,Ameeregatrivittata
0.234665234130488,0.184799717387956,-0.189793072501194,-0.237044634506707,AdenomeraHylaedactylus
0.0867696034350385,-0.0156589271248494,-0.172507008671703,0.130045411377429,HypsiboasCordobae
0.0672818508953458,0.0559334798281526,0.0145683368924801,-0.0457061003800436,HypsiboasCordobae
-0.0551158290793071,-0.0270579158399651,0.210453942786533,-0.145029100799193,Ameeregatrivittata
-0.127413034892063,0.0800570484075962,0.0303518018769982,0.292978135288948,HylaMinuta
0.335589678892994,0.151553815512499,-0.330097706804221,-0.374016821760997,AdenomeraHylaedactylus
0.357735558603474,0.206909004758924,-0.3528101490882,-0.320667784324339,AdenomeraHylaedactylus
-0.102476548062545,0.0128180157370487,0.11091621056009,0.0287118425098356,ScinaxRuber
0.0187018204654894,0.0719994299343977,-0.0036363705222202,0.0027152279421935,HypsiboasCordobae
-0.115133158602329,-0.0152311337774966,0.160971341588402,0.085312743638955,Ameeregatrivittata
-0.350685407932299,0.0346900269772589,0.307164378885136,0.244707102383138,AdenomeraAndre
0.351849607605701,0.202935318975047,-0.237056180410804,-0.368905870465616,AdenomeraHylaedactylus
-0.113039392934878,0.0295123005178278,0.021547714733768,0.125582401749892,AdenomeraAndre
0.418304658153903,0.165223675075092,-0.356127818866374,-0.263082539382983,AdenomeraHylaedactylus
0.379318261265061,0.159912339341612,-0.263782094996871,-0.258356287809523,AdenomeraHylaedactylus
-0.173716355897418,0.0516378380007267,0.303180013361515,-0.0521158021260046,AdenomeraAndre
0.295371839444354,0.192905028340483,-0.148221354060859,-0.324030393907703,AdenomeraHylaedactylus
-0.0109933443425276,0.0031489634107614,0.0025874145194938,0.0311732175294174,ScinaxRuber
0.191933174023305,0.168488630756883,-0.14955975724388,-0.155743461300088,AdenomeraHylaedactylus
0.228897606869387,0.0402486389013199,-0.0042965357029301,-0.0616578271249481,Ameeregatrivittata
-0.207650091868246,-0.119421691620471,0.178221941378108,0.15680285611348,HylaMinuta
0.373585502431213,0.208298436252986,-0.331569953078809,-0.241768885996297,AdenomeraHylaedactylus
0.373654370163196,0.188763117607593,-0.208321834730143,-0.357295082915924,AdenomeraHylaedactylus
-0.0476464802133448,-0.0054958341533355,-0.0256567901139635,0.0436960196932882,ScinaxRuber
-0.145894468831945,-0.0826252199223514,-0.0046475053664348,0.269324577401405,AdenomeraAndre
0.32904878193089,0.195938064162943,-0.312958996802955,-0.216872421021165,AdenomeraHylaedactylus
0.301272192801432,0.256025660636908,-0.304449241399005,-0.210737925463173,AdenomeraHylaedactylus
-0.0056242066273023,-0.0547486297242864,-0.0935193781742475,0.0847855657187889,HypsiboasCordobae
0.20339782721306,0.22624406766713,-0.252918733885618,-0.219671930091827,AdenomeraHylaedactylus
0.265092155411301,0.239876726648114,-0.200602505113788,-0.23587195557041,AdenomeraHylaedactylus
-0.224237025042706,-0.0279773314543593,0.306891586472061,0.0524622829697271,AdenomeraAndre
0.325296193876789,0.201737374774459,-0.195210283700024,-0.1597301761305,AdenomeraHylaedactylus
0.07936597031776,-0.0151761041983367,-0.102479923650728,0.11412536726777,HypsiboasCordobae
-0.0368143625417429,0.0194132009242178,-0.0516898492894117,0.212479863585358,AdenomeraAndre
0.0677835681210966,0.0593202114795216,-0.0151378047105107,-0.0405807733767644,HypsiboasCordobae
0.291830761716537,0.192882017569734,-0.277027214313891,-0.245507986680947,AdenomeraHylaedactylus
0.346977411962102,0.236796266088355,-0.281082227717506,-0.291419043316069,AdenomeraHylaedactylus
0.272334136223293,0.0558285654726949,-0.153214727847762,-0.321338001848799,AdenomeraHylaedactylus
-0.15312873233691,0.105590746029959,0.339094821641508,-0.11766394897721,AdenomeraAndre
0.110801865901312,0.0130673056167574,-0.114424352363463,0.0051596493146862,HypsiboasCordobae
-0.197639724368725,0.0474013822458732,0.0876093549063998,0.245330209289966,AdenomeraAndre
0.0018628734557833,-0.28626106262079,0.0470845568687429,0.0427976698824145,HylaMinuta
0.407925310652049,0.155351844189267,-0.269607341269905,-0.321022305863671,AdenomeraHylaedactylus
0.191130751875829,0.167169684234762,-0.154913027117795,-0.179634457840462,AdenomeraHylaedactylus
0.384210953497072,0.107927366012661,-0.280789947928805,-0.272975240427784,AdenomeraHylaedactylus
-0.078263374053337,0.0290749508241031,0.0438526211818866,0.219381606848049,AdenomeraAndre
-0.0483336761458817,-0.107560594271447,0.0175447543134658,0.0570875586624689,AdenomeraAndre
0.312414483905228,0.175910886984969,-0.225110421226814,-0.318523367494339,AdenomeraHylaedactylus
0.0798988778248469,0.0732839765093867,-0.105248331200265,0.063074291485295,HypsiboasCordobae
0.417968960664923,0.294113035214093,-0.275171422913655,-0.39552297424293,AdenomeraHylaedactylus
0.37175472988386,0.249633542990486,-0.287960979527733,-0.313608364373121,AdenomeraHylaedactylus
-0.24984666690615,-0.0208373380041911,0.176124412138052,0.282759132842408,Ameeregatrivittata
-0.146584529485818,-0.0940366604469654,0.156919397542216,-0.0271928722218921,HypsiboasCinerascens
0.440271031103019,0.30116009767537,-0.388960407791605,-0.346456101264418,AdenomeraHylaedactylus
0.217894453813773,0.218242019083371,-0.30384400593917,-0.140608119171517,AdenomeraHylaedactylus
0.35125291125592,0.171767279773718,-0.255209301072663,-0.291117321928241,AdenomeraHylaedactylus
0.245553092943602,0.229330867195837,-0.317759429514609,-0.158797360344264,AdenomeraHylaedactylus
0.374018709646541,0.278244960893358,-0.311196731511556,-0.328933699737163,AdenomeraHylaedactylus
0.275340747092335,0.224085764885973,-0.312150555443316,-0.1597315508236,AdenomeraHylaedactylus
0.192426947697659,0.0174698165431686,-0.0001665828563313,-0.27411342858151,HypsiboasCordobae
-0.29711908259924,-0.26041684459283,0.383238400880681,0.0409452372415661,HypsiboasCinerascens
0.312011735009775,0.160419766717871,-0.222582846790396,-0.313898602712199,AdenomeraHylaedactylus
0.303248120582895,0.119637205405892,-0.190140644041636,-0.271863661681278,AdenomeraHylaedactylus
0.276240207779916,0.168560185347201,-0.164223876926479,-0.183393049345136,AdenomeraHylaedactylus
0.175026480803552,0.167877621392741,-0.180552325174519,-0.221166261633207,AdenomeraHylaedactylus
0.16156848834823,0.0597574824942425,-0.0470033905566619,-0.082502439799984,HypsiboasCordobae
0.25532504989967,0.15898221729809,-0.292543623316174,-0.361741791274875,AdenomeraHylaedactylus
0.0498203296749122,0.0217154376198602,-0.119248729836135,0.115947332064347,HypsiboasCordobae
0.35497419857487,-0.111262128531557,-0.192243749534987,-0.262917613222482,LeptodactylusFuscus
-0.235030411597973,-0.21475319594993,0.181516492601738,0.0010183793496368,HypsiboasCinerascens
0.429138528133002,0.271839854592948,-0.392328914120538,-0.333477683830031,AdenomeraHylaedactylus
0.267117888422548,0.169474525827488,-0.22423603902011,-0.291990835885928,AdenomeraHylaedactylus
0.321213093967883,0.194798020200345,-0.274375922332507,-0.257155457657264,AdenomeraHylaedactylus
0.396806709349757,0.144720682669416,-0.305096358513642,-0.338083044917763,AdenomeraHylaedactylus
0.353431561910705,0.223217664661058,-0.309385782629961,-0.26232687919479,AdenomeraHylaedactylus
0.312392024709655,0.224579045897393,-0.211197517030746,-0.261065723424828,AdenomeraHylaedactylus
-0.0419459084609164,-0.0591187376609813,0.222042066836382,-0.143699120030444,HypsiboasCinerascens
0.0832535218683623,0.0354819464328564,-0.147807220706272,0.0811746202714803,HypsiboasCordobae
0.10181490173267,0.045070857946101,-0.121529231388539,0.0574189516844481,HypsiboasCordobae
0.155015551219217,0.141478914063979,-0.082489680501424,-0.241886317096264,HypsiboasCordobae
0.108608248226363,-0.040187851885764,-0.0611574967240592,-0.0491730740241925,HypsiboasCordobae
0.290984115783375,0.206794116491665,-0.195470183692915,-0.236477830269215,AdenomeraHylaedactylus
-0.167006330314675,0.0111965359780293,0.0964080985997117,0.245410374848985,AdenomeraAndre
0.0707755546469929,0.0838167588214559,-0.0016398538962773,-0.0631232982179847,HypsiboasCordobae
0.224017119708613,0.187067577104567,-0.18422684193909,-0.195498858727319,AdenomeraHylaedactylus
0.422760807156737,0.192080362734499,-0.280288338123461,-0.243426547619539,AdenomeraHylaedactylus
-0.147513565988528,0.0271297889026064,0.0802039423421593,0.28062156818882,AdenomeraAndre
0.0250598511422048,0.0413762535130969,0.0044007244194458,-0.029828761159212,HypsiboasCordobae
-0.0117161829697274,-0.0732881252933124,0.18295119929967,-0.0838435989794617,Ameeregatrivittata
0.404275687900866,0.263706977275143,-0.281493163041454,-0.307160990677832,AdenomeraHylaedactylus
0.0621328430383992,0.0072969069034064,-0.0660153856713091,0.0399451677993663,HypsiboasCordobae
0.0848719167763884,0.035495269143598,-0.104695420777601,0.0318313089860354,HypsiboasCordobae
0.36808862707035,0.166210260908292,-0.258213743293729,-0.296103717396999,AdenomeraHylaedactylus
0.397995370466696,0.18854468303709,-0.354534773167155,-0.299234401113444,AdenomeraHylaedactylus
-0.217986333424425,0.0625439114974056,0.239452472533043,-0.0288558954728018,AdenomeraAndre
0.156709426480952,0.0489155537333107,-0.0682771396998112,-0.247852698916353,AdenomeraHylaedactylus
0.099340058523314,0.0413925449947653,0.020087174912558,-0.0802782995027362,HypsiboasCordobae
0.40634680925177,0.26180461975265,-0.344415613995711,-0.28102551395798,AdenomeraHylaedactylus
0.409732078580234,0.181724278150093,-0.284101500435019,-0.282931415701742,AdenomeraHylaedactylus
-0.103095752458265,-0.0502374355535546,0.123459077229594,0.254955040657985,AdenomeraAndre
0.310548996198553,0.209867208141339,-0.257544345961276,-0.254253626984372,AdenomeraHylaedactylus
0.453921669670497,0.233101328883429,-0.359045366961386,-0.285200983720116,AdenomeraHylaedactylus
0.338683751143669,0.169543862733376,-0.210969310288765,-0.296062101106004,AdenomeraHylaedactylus
0.317560710610757,0.133678413602162,-0.247174966845328,-0.217642599207425,AdenomeraHylaedactylus
0.358247850482859,0.193022144232754,-0.258070247365236,-0.279817413198215,AdenomeraHylaedactylus
-0.134971742533898,-0.0308039710657755,0.196450867657044,0.0075207499948092,Ameeregatrivittata
0.213811805394494,0.151894133468804,-0.154952746775579,-0.292127877077527,AdenomeraHylaedactylus
-0.192218047101482,0.0676588380923716,0.112299044238476,0.261197579744905,AdenomeraAndre
-0.0743237016322732,0.0048764812862377,0.0647865208925157,0.266647583136803,AdenomeraAndre
0.37081627178657,0.173714092190009,-0.257604802109902,-0.292939440212001,AdenomeraHylaedactylus
0.214073074011349,0.239451662027216,-0.275681918379668,-0.261372179456711,AdenomeraHylaedactylus
0.356835480073751,0.29574886562509,-0.311930794413402,-0.295141593015414,AdenomeraHylaedactylus
0.0545909244988621,0.0493939846055311,-0.0753798923311144,0.118408846204019,LeptodactylusFuscus
0.321307696880737,0.233389041028655,-0.300637373264702,-0.362426475278297,AdenomeraHylaedactylus
0.279279761145239,0.254690971473966,-0.244378876663615,-0.305770362688867,AdenomeraHylaedactylus
0.258549675887713,0.201327550842287,-0.187644819168295,-0.181439015621438,AdenomeraHylaedactylus
0.338347866705187,0.14686161811021,-0.265710626429263,-0.271296971990964,AdenomeraHylaedactylus
0.0164963004486239,0.0619752441315314,0.177868098578972,-0.141803846206465,Ameeregatrivittata
0.0838997534445356,-0.0027608425037188,-0.110640030762406,-0.009570979138052,LeptodactylusFuscus
0.425304440184655,0.265097106112536,-0.383959162996333,-0.261038176470317,AdenomeraHylaedactylus
0.351597177382256,0.166935325591415,-0.309148591824612,-0.313449754193665,AdenomeraHylaedactylus
-0.105705788333501,0.0626860184426258,0.0893357709013413,0.310524511355701,AdenomeraAndre
0.505849171077326,0.226010951318059,-0.0443705105895493,-0.29457958733525,AdenomeraHylaedactylus
-0.134280118411546,-0.240189531311351,0.160734417194029,-0.0049827858839009,HypsiboasCinerascens
0.338626519883394,0.175540462713341,-0.326971875300406,-0.282826180580734,AdenomeraHylaedactylus
0.331738694674959,0.192091861645477,-0.293399975451609,-0.328313532094975,AdenomeraHylaedactylus
0.31126653600055,0.233547649806555,-0.239383352372163,-0.287601611985697,AdenomeraHylaedactylus
0.296397600245983,0.196255797477178,-0.25519518307663,-0.334227890100021,AdenomeraHylaedactylus
0.19693059373715,0.164186563290842,-0.169176878755915,-0.189759147841087,AdenomeraHylaedactylus
0.312922366263449,0.231212106962487,-0.253615703198728,-0.123849138462074,AdenomeraHylaedactylus
0.0622864996265657,0.0563063558791189,-0.0327310633791764,-0.0364670776084846,HypsiboasCordobae
-0.260294020784589,-0.0140661324907958,0.24484784273661,0.232918989456647,AdenomeraAndre
0.26776009449041,0.193658280398134,-0.11259120664465,-0.30878296267991,AdenomeraHylaedactylus
0.394557197497197,0.131197009998438,-0.285139460664944,-0.371453696617837,AdenomeraHylaedactylus
0.21587420714563,0.179286150811212,-0.137234418375836,-0.183902895671009,AdenomeraHylaedactylus
-0.12872671232939,-0.196326658931542,0.291757784519157,-0.0639243197048938,HypsiboasCinerascens
0.374142124312784,0.132744458878334,-0.252179910013348,-0.352822945626124,AdenomeraHylaedactylus
0.266477809115674,0.18114587248531,-0.172859776778415,-0.207427068823108,AdenomeraHylaedactylus
0.0450080023436412,0.0120037568501364,-0.0820312605225496,0.0604321462994726,HypsiboasCordobae
0.30745477773807,0.223476491315605,-0.353102908520246,-0.302514378963995,AdenomeraHylaedactylus
0.37918809536116,0.246339785317168,-0.259519469212081,-0.187895543089638,AdenomeraHylaedactylus
0.237748695930611,0.197574769766754,-0.247753127673813,-0.29409378923273,AdenomeraHylaedactylus
0.312821767441583,0.170682545063698,-0.249413994207241,-0.265699278427854,AdenomeraHylaedactylus
0.426139818587552,0.133844404682274,-0.369553084964921,-0.315697350499153,AdenomeraHylaedactylus
-0.0520596277635754,-0.107893957568543,0.202101342882012,-0.14211310238586,HypsiboasCinerascens
0.109856850340623,-0.0049669592213539,-0.123994682855232,0.105270236956369,HypsiboasCordobae
0.0462001129068707,0.0135570727345,-0.145095877816918,0.0656767553804598,HypsiboasCordobae
0.262618692121362,0.0952897980159008,-0.143137861760018,-0.217489196752475,AdenomeraHylaedactylus
0.317069048356336,0.222312854315659,-0.262778282529512,-0.229162093383133,AdenomeraHylaedactylus
0.338659772297409,0.127781895905128,-0.217395986150744,-0.314849451257905,AdenomeraHylaedactylus
0.0935324821226885,-0.0021347700386966,-0.0987743729339876,0.0333650991594759,HypsiboasCordobae
-0.159730750694756,-0.0337880906565526,0.20923224306432,0.0265961945293739,Ameeregatrivittata
-0.162836599182525,-0.169563966886483,0.250070086454325,-0.0294137863322352,HypsiboasCinerascens
0.250311621693373,0.171439867344965,-0.306248837747573,-0.169464693919276,AdenomeraHylaedactylus
0.0872033916213343,0.036390544323052,-0.118810680705687,0.0617369072090283,HypsiboasCordobae
0.27480586317205,0.106602924843412,-0.174450004311928,-0.298551428815728,AdenomeraHylaedactylus
0.39711056828659,0.189662581718767,-0.284708954734031,-0.261900603706507,AdenomeraHylaedactylus
0.338353943513488,0.218486932246493,-0.275901252058475,-0.292372578348213,AdenomeraHylaedactylus
0.0541721692604831,-0.0036459654146683,0.0247699835853346,-0.0779833997280658,HypsiboasCordobae
0.131728394749732,0.430737431594437,-0.127586222737539,-0.320576691403411,HypsiboasCordobae
0.37806261597454,0.224261962367118,-0.297233526328607,-0.270540437745521,AdenomeraHylaedactylus
-0.138451905933253,-0.231476414649473,0.176356833211087,-0.0327870012893981,HypsiboasCinerascens
0.301253837093232,0.220164669213978,-0.266261511340214,-0.302542980757058,AdenomeraHylaedactylus
0.25491973523876,0.150186085149542,-0.136831893323102,-0.242919434160244,AdenomeraHylaedactylus
0.380599205895615,0.211138299261292,-0.252736955463842,-0.264364346627249,AdenomeraHylaedactylus
-0.0226833600500236,-0.124058070728637,0.121818441918994,-0.107523692131875,HypsiboasCinerascens
0.306915612485206,-0.114302032619537,-0.137759917237585,-0.03868871897566,LeptodactylusFuscus
0.067986396660966,-0.0934671620243366,-0.0127433874062261,-0.054944888064819,HylaMinuta
-0.174461684863898,0.0263564910282537,-0.169291328253302,0.295118934324082,Ameeregatrivittata
-0.24499774576259,-0.0044190460766723,0.200557742610976,0.193731662013306,Ameeregatrivittata
0.330753471609877,0.15010834942581,-0.313425266804428,-0.300248034244726,AdenomeraHylaedactylus
0.384266958317548,0.244293184778507,-0.212558451192295,-0.367580027509088,AdenomeraHylaedactylus
0.337794770458988,0.142318477992503,-0.26658463127047,-0.298530666738114,AdenomeraHylaedactylus
-0.279807370967502,0.0126128978860611,0.125959868364182,0.20859832578096,AdenomeraAndre
0.188007890283393,0.209625453208119,-0.190704615646457,-0.229279295310443,AdenomeraHylaedactylus
0.288207785916372,0.171253216168437,-0.364882249883819,-0.16253628535043,AdenomeraHylaedactylus
0.123491446893463,0.0470210315369672,0.0290005456165036,-0.136299253381063,Ameeregatrivittata
0.250864772712445,0.172036613746488,-0.182114041985077,-0.254139737333952,AdenomeraHylaedactylus
-0.0169309572345166,0.110328581161389,-0.0211213499302095,-0.0862461475994791,HypsiboasCordobae
0.0979793788048473,-0.0099329504342477,-0.135692137517837,0.0193243022443306,HypsiboasCordobae
0.349903924745033,0.250658636565128,-0.252061965622592,-0.359841575521307,AdenomeraHylaedactylus
0.0785599364262625,0.0494290204455693,-0.0493463957087453,-0.100989507948535,HypsiboasCordobae
-0.133895832674465,-0.157097009674208,0.220683756846183,-0.0322313476679484,HypsiboasCinerascens
0.263946841003861,-0.0932828912872876,-0.135840358879079,-0.112585329322343,LeptodactylusFuscus
-0.009696670670161,-0.0583048791311837,0.130678255780176,-0.0293676156258716,Ameeregatrivittata
0.356751167743364,0.186654923622585,-0.26307786971682,-0.253769765029582,AdenomeraHylaedactylus
0.402665834367907,0.178144467460381,-0.183506021065349,-0.39117496256533,AdenomeraHylaedactylus
0.459691650365705,0.202045288596067,-0.225213142179418,-0.316552894628964,AdenomeraHylaedactylus
0.239740328859785,0.145507738597508,-0.165092045654818,-0.261539138543056,AdenomeraHylaedactylus
0.380159678595595,0.24904941585243,-0.341783986653569,-0.294604385976151,AdenomeraHylaedactylus
0.0684221401513471,0.0454249739492505,-0.0165823106713706,-0.0551418094151534,HypsiboasCordobae
-0.003542494442752,0.0422314754110914,-0.0065719718516088,-0.010242545489761,ScinaxRuber
0.282793188314511,0.130482807883811,-0.194162092864091,-0.25730739834217,AdenomeraHylaedactylus
0.426117000587844,0.249643528784409,-0.282360172709915,-0.392983745028141,AdenomeraHylaedactylus
0.0286070428358796,0.062440840430291,0.0017398996987552,-0.0353939846075557,HypsiboasCordobae
0.0779707194326385,-0.0158422187369741,-0.0193507126727682,0.035859341177029,OsteocephalusOophagus
0.40215751403297,0.15609647464543,-0.351872014834108,-0.243866163695022,AdenomeraHylaedactylus
0.281168371886837,0.0956024698915884,-0.16812564043961,-0.194812847776585,AdenomeraHylaedactylus
0.0726173858815407,0.0601755821402799,-0.010611828060731,-0.0615547534963314,HypsiboasCordobae
0.3718451969367,0.199286034924921,-0.192545351681629,-0.253403391678002,AdenomeraHylaedactylus
0.0995317730946913,-0.0026990677114609,-0.157787008067088,0.062094638625203,HypsiboasCordobae
-0.0023496594352989,0.001360979790483,0.0227788858713876,0.0688281453852548,Rhinellagranulosa
0.115216694023093,-0.0289581450681214,-0.115328542109939,0.0412585110016367,HypsiboasCordobae
0.348228867663532,0.174371140751375,-0.274914864791772,-0.314796741910428,AdenomeraHylaedactylus
0.299839232755,0.166512373378992,-0.169639689976266,-0.275285010705345,AdenomeraHylaedactylus
0.0594514711435226,-0.0330522055237454,-0.131810666239771,0.147916281218629,HypsiboasCordobae
-0.0264181419799116,0.0004668461557582,0.0328953026162777,0.0820121120459302,Rhinellagranulosa
0.274120029196185,0.201259906345525,-0.277009208494487,-0.219783151031127,AdenomeraHylaedactylus
0.0562600096608413,0.0192076424505385,-0.028240812228601,-0.042198859487568,ScinaxRuber
0.239978443427372,0.153938176977924,-0.148298865601604,-0.182494678137112,AdenomeraHylaedactylus
0.346199692829064,0.271276978681553,-0.274805639702298,-0.250373516847756,AdenomeraHylaedactylus
0.354973774393054,0.18133913146198,-0.260789574907598,-0.299686881579665,AdenomeraHylaedactylus
0.267486560383396,0.225288713154351,-0.27135666642319,-0.137542844535544,AdenomeraHylaedactylus
0.199425444127317,-0.0371578626385807,-0.078152819569218,-0.145467345447891,LeptodactylusFuscus
0.0281221229281819,0.120098488448559,-0.111670340415093,-0.182658942415354,HypsiboasCordobae
0.317088383196215,0.24993012481701,-0.22571738128569,-0.274674695525419,AdenomeraHylaedactylus
0.100944403391945,-0.0588195592970513,-0.0451221831571882,-0.143639275631777,LeptodactylusFuscus
0.0649377251951354,0.0543069557045303,-0.0105395336189829,-0.0278297768297301,HypsiboasCordobae
-0.499512513695865,0.175626955279062,0.44925838650349,0.424359669417566,AdenomeraAndre
0.378468581870944,0.19617326664656,-0.223206851342717,-0.32314996950976,AdenomeraHylaedactylus
0.103206516242306,-0.0529561210657639,-0.0303967814771978,0.0274993828501615,OsteocephalusOophagus
-0.0388580501012047,0.0229349835573782,-0.0212624188770932,0.0930913186589517,Ameeregatrivittata
0.339623597313668,0.147822598118406,-0.177722639849313,-0.354427822877897,AdenomeraHylaedactylus
0.0350552926547466,0.0558025286694093,0.0019407632582637,-0.0437190973463123,HypsiboasCordobae
0.067781130080123,0.0166798179678752,-0.0339031493382913,-0.0624388256756018,ScinaxRuber
0.314009402761955,0.20847434309392,-0.224442165697963,-0.292817057009313,AdenomeraHylaedactylus
0.114585127870241,0.167154344671099,-0.0487846050658655,-0.168746366141476,AdenomeraHylaedactylus
0.290173690371834,0.236862545751982,-0.251291263926462,-0.294051039522034,AdenomeraHylaedactylus
0.0669651336325393,-0.0266656503838325,-0.103877121333353,0.105724346917034,HypsiboasCordobae
0.392241096066401,0.169081340933006,-0.346644587913227,-0.33521987418191,AdenomeraHylaedactylus
0.339978431787406,0.197119913413033,-0.240695081070139,-0.232801025267667,AdenomeraHylaedactylus
0.0874009453541819,0.0173895684981809,-0.0786961243987314,0.0200789001109452,HypsiboasCordobae
0.0490061310136895,0.136609683107841,-0.0791228431396949,-0.0109613773966854,HypsiboasCordobae
-0.506296388017221,0.202310694838055,0.428755917503593,0.427412996852522,AdenomeraAndre
0.61413370542253,0.342928612389734,-0.514204271341843,-0.613416031038909,AdenomeraHylaedactylus
-0.0747851244945687,-0.0056574337126041,0.175111817930824,-0.03450464620234,HypsiboasCinerascens
0.390502488714668,0.207942136788572,-0.344329150114298,-0.350342783521954,AdenomeraHylaedactylus
-0.12984366528476,-0.0372662132518693,0.201886146777186,-0.0159647803541251,HypsiboasCinerascens
-0.153507914479267,-0.152297453951162,0.312470160158436,0.0399405025370249,HypsiboasCinerascens
0.321880060236681,0.152117606841663,-0.315831714001373,-0.334333120925767,AdenomeraHylaedactylus
-0.268279329921094,-0.00232471132065,0.0329514571655257,0.123743875503165,Ameeregatrivittata
-0.105630621922817,-0.176238062153386,-0.0332090603195056,0.0033595801019908,HypsiboasCinerascens
-0.2586408449212,-0.0214527686094735,0.0933855927364948,0.177665603018039,Ameeregatrivittata
0.353940362790436,0.227880825239503,-0.26306212209677,-0.261398525529934,AdenomeraHylaedactylus
0.35128021897608,0.250045470096179,-0.251910014763633,-0.294234004291683,AdenomeraHylaedactylus
-0.134669610772891,0.0439401941535208,0.0923235915423271,0.281014779865857,AdenomeraAndre
-0.28428970620861,0.0643680167233801,0.198508737217117,0.321417181554652,AdenomeraAndre
0.291033094730878,0.186981222302722,-0.24211022279088,-0.335582761598284,AdenomeraHylaedactylus
0.200836654933805,0.204414274618726,-0.0923613550045646,-0.117599902302786,AdenomeraHylaedactylus
-0.010608316602912,0.0649993779719725,-0.0415401886308754,0.11300011881137,HypsiboasCordobae
-0.171781386087857,0.04571011268181,0.141434837901662,0.135561204275748,Ameeregatrivittata
-0.261408383051171,0.0441412955678872,0.129785010958572,0.258757575831882,AdenomeraAndre
0.318072232570966,0.181658404728836,-0.126070640849265,-0.312112618947876,AdenomeraHylaedactylus
0.340151307942554,0.225918113290814,-0.334825538772851,-0.238953754454512,AdenomeraHylaedactylus
0.338313471821481,0.18878778372415,-0.273555028549335,-0.262722118497832,AdenomeraHylaedactylus
0.116962375691396,0.0263763281866954,-0.159791071356025,0.066430924262519,HypsiboasCordobae
0.256750357419411,0.219283076079722,-0.204800730412641,-0.341054493704594,AdenomeraHylaedactylus
0.322297298574957,0.193296895091583,-0.29510811765698,-0.234981839533176,AdenomeraHylaedactylus
0.0055622563604147,-0.215374264902804,-0.186232218196268,0.0724850625507073,HypsiboasCinerascens
-0.146994806405984,0.0358376182451137,0.0677708703387269,0.209254101216704,AdenomeraAndre
-0.277889731690464,0.179225909822144,0.19792815307595,0.343970537234645,HylaMinuta
0.350855814850861,0.271561931866292,-0.311916429102994,-0.265833051537815,AdenomeraHylaedactylus
0.396822869546252,0.190870637182536,-0.314599721193228,-0.300711546839136,AdenomeraHylaedactylus
0.251255533234953,0.175055744725486,-0.178410111380463,-0.211293940350013,AdenomeraHylaedactylus
0.422093964721078,0.137073421449741,-0.354996086446696,-0.296965100019706,AdenomeraHylaedactylus
0.288961113930145,0.174744689243409,-0.25257842722606,-0.230331384159103,AdenomeraHylaedactylus
0.351556954368012,0.208693618807814,-0.303089641391004,-0.267739700241283,AdenomeraHylaedactylus
0.292639971399763,0.158081610848092,-0.218350226492888,-0.280722567837204,AdenomeraHylaedactylus
0.0966102476114554,0.0585481213761868,-0.0287749315259565,-0.0715555840341857,HypsiboasCordobae
0.349236344555982,0.127765191214994,-0.238530855161709,-0.362411281636906,AdenomeraHylaedactylus
-0.179589111346368,-0.0035991980477475,0.18561159712858,0.142326038720653,Ameeregatrivittata
0.26084909444252,0.210851043743998,-0.191972549968798,-0.20680715406704,AdenomeraHylaedactylus
-0.428465439277892,0.110473067105866,0.294203345241043,0.385783704941054,AdenomeraAndre
0.357115505070809,-0.116929283558989,-0.169790543668382,-0.291252233705526,LeptodactylusFuscus
0.0710774009519528,-0.0174777604024102,-0.127596666668037,-0.131088968241243,HylaMinuta
-0.0113588365713337,-0.0231506502829835,0.0038482094278345,0.122969075523837,Ameeregatrivittata
0.267013717888314,0.131369784687854,-0.246965580303744,-0.250878528169701,AdenomeraHylaedactylus
0.0511679256332152,0.0529567580518074,-0.0132505057132299,-0.0582904215808451,HypsiboasCordobae
0.357000731455742,0.197023616942615,-0.2576089648356,-0.287547167498026,AdenomeraHylaedactylus
0.070057247169758,-0.0175245054373632,-0.0071485457195181,0.0448470995931938,ScinaxRuber
0.0076681721357555,0.0431190957603831,0.142002786626346,-0.118414047673704,Ameeregatrivittata
0.0026886622556569,0.0047900471370367,0.017335378041905,0.0577414589876135,Rhinellagranulosa
-0.056057783632889,-0.0535274669356688,0.172350810908844,-0.008966415783089,Ameeregatrivittata
0.28998099204146,0.162330528511053,-0.212578763704088,-0.278933365197877,AdenomeraHylaedactylus
-0.279052455721574,-0.120632766113418,0.359840386654787,0.0587945693462885,AdenomeraAndre
0.377954368037134,0.178174157064377,-0.351227729118529,-0.253491305081961,AdenomeraHylaedactylus
-0.309500649150224,0.0078993767217347,0.301339709925303,0.243581150483791,AdenomeraAndre
0.432397247941369,-0.0912719385198027,-0.196300334525213,-0.311590724778259,LeptodactylusFuscus
0.313772436468059,0.23578545678935,-0.230412175269454,-0.352392446086366,AdenomeraHylaedactylus
0.328149151764152,0.216934537483753,-0.263559332662063,-0.388590581762016,AdenomeraHylaedactylus
0.118754226000559,-0.0319680105645362,-0.132476471776396,0.0906740418696542,HypsiboasCordobae
0.0707792018696606,0.0384646237846747,-0.0503231540802223,-0.0271456529181947,HypsiboasCordobae
0.335126280591475,0.205726938225373,-0.302050778101793,-0.266280857683037,AdenomeraHylaedactylus
-0.2163660335993,-0.0732744071893023,0.361163381356017,0.0817903104592404,AdenomeraAndre
0.372097624574504,0.179873836067408,-0.318950883018796,-0.309501594893363,AdenomeraHylaedactylus
0.252337177829952,0.186428009506464,-0.207414796689274,-0.232029941277685,AdenomeraHylaedactylus
0.0150471680028485,-0.0192450256232843,-0.134370780197254,0.107541089099818,HypsiboasCordobae
0.321877957585666,0.203754742133935,-0.271381679117725,-0.316887755326859,AdenomeraHylaedactylus
0.244856269671891,0.142844544552086,-0.193530844478627,-0.231266354103595,AdenomeraHylaedactylus
0.414790871055361,0.158023465878735,-0.29527488204857,-0.372708487818441,AdenomeraHylaedactylus
0.225709373914554,0.223045700785944,-0.245701039126281,-0.299961433695459,AdenomeraHylaedactylus
0.212675330269633,0.162098766715946,-0.19823560297391,-0.0981336290344746,AdenomeraHylaedactylus
0.430764432164652,0.164731953191359,-0.305011758781315,-0.301064331406251,AdenomeraHylaedactylus
0.153505575990472,-0.0047088519425107,0.0209586940336912,0.127286707331441,Rhinellagranulosa
-0.218208903184646,0.0369238570006854,0.22844974209071,0.246525508142328,AdenomeraAndre
-0.135140923082367,-0.152902875997487,0.22247955048984,0.0021331196004417,HypsiboasCinerascens
0.0712512244937902,0.0236391567234805,-0.0522291578143403,0.014499195198775,HypsiboasCordobae
0.456560197928679,0.189336560237098,-0.313715213965125,-0.413193130427324,AdenomeraHylaedactylus
-0.0570019102887048,-0.0790628554173991,0.17122840506411,-0.0594286988439689,Ameeregatrivittata
0.256629569758043,0.111945866436195,-0.173275146497138,-0.19056974702285,AdenomeraHylaedactylus
0.379497309369276,0.194789403864329,-0.191089892760206,-0.371425042212007,AdenomeraHylaedactylus
0.0955370608837902,0.0134136217746188,-0.0750061322834051,-0.0232946441672098,HypsiboasCordobae
-0.160808355076725,-0.0839320814373515,0.181397357462398,0.185463474547371,HylaMinuta
0.475045003214437,0.189588206559046,-0.414772715549324,-0.257607474930558,AdenomeraHylaedactylus
0.113877812448945,0.0192832378552942,-0.130444299828342,0.06821128490234,HypsiboasCordobae
0.307594462456716,0.180621972924336,-0.239085783356479,-0.295206086657575,AdenomeraHylaedactylus
-0.0457376068531199,-0.100355764265003,0.0910407080943304,0.135584896331854,HypsiboasCinerascens
0.37463890206489,0.233822988555113,-0.317313727240902,-0.328434410937733,AdenomeraHylaedactylus
0.102847592657362,0.0056335010870523,-0.12715384660214,0.0398842834747491,HypsiboasCordobae
0.0704098486214263,0.0212248290690591,-0.106701142757985,0.073287669354558,HypsiboasCordobae
0.238514356982652,0.1470469603331,-0.198950009212609,-0.221164904189841,AdenomeraHylaedactylus
-0.215365971353451,-0.0446982831458099,0.350939557059947,-0.0384741020651954,AdenomeraAndre
0.240682258278313,0.160405594838113,-0.133030452944062,-0.205984875913061,AdenomeraHylaedactylus
-0.0351509303547028,-0.0464168501050249,0.0584262067002197,0.100877872664952,ScinaxRuber
0.12294991226193,-0.0137899141649673,-0.160945257774233,0.0519233181744994,HypsiboasCordobae
-0.0733819289712097,-0.157736856866365,0.216663239197307,0.0223542287242547,HypsiboasCinerascens
0.299412117166545,0.197143396534123,-0.231199535641994,-0.275163618283026,AdenomeraHylaedactylus
-0.12950459481759,0.0398500302976207,0.0516566246550815,0.305582343598211,AdenomeraAndre
0.373457203613553,-0.117230655748355,-0.107556089841402,-0.218237506361042,LeptodactylusFuscus
0.267442400245071,0.207299834920639,-0.204762909892147,-0.179441370686108,AdenomeraHylaedactylus
0.362541333197972,0.191517176392601,-0.317928319475801,-0.312508963359254,AdenomeraHylaedactylus
0.402122312912571,0.134950837948934,-0.311664483565758,-0.30806749521906,AdenomeraHylaedactylus
0.105016473593542,0.021936021023118,-0.125253272451556,0.0507185905335302,HypsiboasCordobae
0.366716488597579,0.218095295212599,-0.285718569600124,-0.295790896441886,AdenomeraHylaedactylus
-0.254381673273712,0.0035755056908653,0.0979169078909332,0.218352229311072,AdenomeraAndre
0.320070441073943,0.174678829166811,-0.1869815336949,-0.305363641297008,AdenomeraHylaedactylus
0.372428037403734,0.188185884052202,-0.274914231079514,-0.272317669928005,AdenomeraHylaedactylus
0.0883677620089218,-0.0155370636046737,-0.101720764084498,0.0701079134301739,HypsiboasCordobae
0.0706287881027469,0.0358598110381004,-0.0942326362144411,0.0346972229597283,HypsiboasCordobae
-0.162593550869306,-0.0079517508870952,0.121816696105292,0.144200354192954,Ameeregatrivittata
0.150803946002042,-0.0674431439565474,-0.110070166525695,-0.0470662594682777,OsteocephalusOophagus
-0.0545389666409202,0.0142710587449993,0.0768855559594249,-0.0279965384509593,LeptodactylusFuscus
-0.0465649635768565,-0.12144139304866,0.224246651726967,-0.0355488446829274,HypsiboasCinerascens
-0.402163869260759,0.154770163643429,0.322278850843018,0.393549325629552,AdenomeraAndre
0.44711773104291,0.170050867159023,-0.276700507764648,-0.378810523463672,AdenomeraHylaedactylus
0.108835160446856,-0.0202264090479462,-0.1258757541492,0.0603232148174562,HypsiboasCordobae
-0.132974131861134,-0.145614020640322,0.252606776143024,0.0100667101897247,HypsiboasCinerascens
0.434414689093657,0.21521363901103,-0.372511778884474,-0.259108433964079,AdenomeraHylaedactylus
0.133710536766462,-0.105359242704069,-0.0845056603158129,-0.162311791982693,HylaMinuta
0.372763887970103,0.182959238328298,-0.297892784601057,-0.319911384668152,AdenomeraHylaedactylus
0.198982937093601,0.0724842719495193,-0.0886800472429608,-0.228359565225116,AdenomeraHylaedactylus
0.0450425503696016,0.0457658634174625,-0.0593449667308685,0.0352519132188182,HypsiboasCordobae
0.374940351010818,0.25487615990097,-0.354153807372338,-0.177859859934876,AdenomeraHylaedactylus
-0.124671580516745,0.0453871944048405,0.29886775745168,-0.0713797291287435,AdenomeraAndre
-0.233502597430486,0.0053615585632583,0.347618231310086,-0.0379858736306856,AdenomeraAndre
0.261413253761588,0.190787551328546,-0.198319306541121,-0.230931460195035,AdenomeraHylaedactylus
0.0070048788588926,0.0124375875408955,0.147926826918723,-0.131217488602106,Ameeregatrivittata
0.0469376962148148,0.0164264935189058,0.0040515618635856,0.0445760701256543,OsteocephalusOophagus
0.344244386776275,0.109967313814346,-0.260297299728279,-0.267946860710401,AdenomeraHylaedactylus
-0.0681466549120459,-0.237036091233373,0.382354251928225,-0.048014596606863,HypsiboasCinerascens
-3.40915119059787e-05,-0.0377930189807146,0.0487878576361788,0.020914799925881,ScinaxRuber
0.0491587197317926,0.0449138955182911,-0.0636448854838075,0.0301133126369617,HypsiboasCordobae
0.0104021217967019,-0.0682263013670195,0.136685459155358,-0.185278326080732,HypsiboasCinerascens
-0.129763124939382,-0.246352857250642,0.256088507098086,0.0131250205084453,HypsiboasCinerascens
0.41426640564029,0.194220774817039,-0.329562855588328,-0.300989877085295,AdenomeraHylaedactylus
0.183243078820109,0.137367551336467,-0.0937422634298311,-0.195734720697789,AdenomeraHylaedactylus
0.332930802120954,0.200265069829919,-0.287479628616713,-0.239641761943191,AdenomeraHylaedactylus
0.368985585723751,0.137757060388016,-0.293895047956661,-0.279918323220213,AdenomeraHylaedactylus
0.0874954759294882,-0.0311640341379973,-0.0999722104923636,0.067457338450129,HypsiboasCordobae
0.397879611283107,0.204094625009183,-0.277439059504566,-0.255811846323173,AdenomeraHylaedactylus
0.249771711795291,0.254987684765526,-0.197646236185334,-0.132027230669016,AdenomeraHylaedactylus
0.392171826257842,0.234526740085848,-0.325519343939443,-0.362531826753904,AdenomeraHylaedactylus
0.405387355567594,0.180684279904121,-0.386067455834362,-0.360587641057506,AdenomeraHylaedactylus
0.394942186476191,0.200813905133196,-0.266558953717823,-0.353371601046538,AdenomeraHylaedactylus
0.369987482662396,0.197884649048593,-0.301057444338751,-0.266022130666989,AdenomeraHylaedactylus
0.0543838088401202,0.0577478447584823,0.108241791883762,-0.0872760282042969,Ameeregatrivittata
0.341777720696125,0.190804193674496,-0.343109146131154,-0.295062991346464,AdenomeraHylaedactylus
0.0735337455745553,-0.0038187257948519,-0.136238152419108,0.0732639513662406,HypsiboasCordobae
0.372014769297686,0.181510551341472,-0.286815404322174,-0.276622116107923,AdenomeraHylaedactylus
-0.172441187946612,0.0006624926902428,0.010701132315419,0.245894344063585,AdenomeraAndre
0.0722357531771549,0.0205783335218491,-0.0901845525512181,0.0794464987996905,HypsiboasCordobae
0.286611251114638,0.21422271785281,-0.212117149424648,-0.253405037735518,AdenomeraHylaedactylus
0.349893766842348,0.261817438596692,-0.222469644582557,-0.234978821495364,AdenomeraHylaedactylus
0.386037749099827,0.198177305522799,-0.322086009334783,-0.336804741677533,AdenomeraHylaedactylus
0.162699183026837,0.162296595800399,-0.121322059052579,-0.112697976154253,AdenomeraHylaedactylus
0.0312058732138759,-0.0864142239979134,0.1322182330167,-0.103449940647547,HypsiboasCinerascens
0.204114271040402,0.269989828531628,-0.269343107639396,-0.162301033061461,AdenomeraHylaedactylus
0.363023690364349,0.131707766425966,-0.188236201386941,-0.342795793168416,AdenomeraHylaedactylus
0.350941322865883,0.241485353961115,-0.313751613272565,-0.354755197207505,AdenomeraHylaedactylus
-0.0871022091579056,0.0285374027217152,0.029691907380019,0.252247265971313,AdenomeraAndre
-0.161660055214936,0.0175381836938223,0.0861536072433983,0.336957498096111,AdenomeraAndre
0.276821691484658,0.213157108901451,-0.222257522618769,-0.295287775970956,AdenomeraHylaedactylus
-0.105194636525006,0.0930701807625337,0.275087117097551,-0.084006669231668,AdenomeraAndre
0.0090619039134205,0.0384808767748829,-0.0808956766368608,0.0689650847564048,HypsiboasCordobae
0.0391455115128681,-0.0036487027804634,-0.0700902982930615,0.0915215789501555,HypsiboasCordobae
0.199308054933364,0.182685838440131,-0.202597680280365,-0.16876126126291,AdenomeraHylaedactylus
0.0687535624716641,0.103397308469909,-0.0423065061521287,-0.103085050948482,HypsiboasCordobae
0.396785867435298,0.182296200815595,-0.315251489800887,-0.325534906640019,AdenomeraHylaedactylus
0.249515557809025,0.166605678560685,-0.237557886484152,-0.319101669661714,AdenomeraHylaedactylus
0.314298761085519,0.138888613389637,-0.26558599651879,-0.260555056857722,AdenomeraHylaedactylus
-0.240567902804673,-0.0030209827251226,0.163518095828899,0.156432895958956,Ameeregatrivittata
-0.145668022572544,-0.0798599600215864,0.0242062688547355,0.0659046825316512,ScinaxRuber
0.25586084144979,0.231232498966718,-0.206743899052917,-0.256597753886706,AdenomeraHylaedactylus
-0.201102394951507,0.106581877551077,0.102107133752729,0.324784863199239,AdenomeraAndre
0.0878082043498128,0.101811944545425,-0.0208784900291067,-0.0414138985152281,HypsiboasCordobae
0.29190212104451,0.116941497548857,-0.239121322352572,-0.214505657452541,AdenomeraHylaedactylus
0.0811221460136139,0.0750418987679716,-0.0230644998423054,-0.0859404645422868,HypsiboasCordobae
-0.0577892414717078,-0.0446072123859105,0.13084787272897,0.0293341879574838,Ameeregatrivittata
-0.0475663691177745,-0.109908242136372,0.212136556616605,-0.0463158964055461,HypsiboasCinerascens
0.321549609276175,0.153133108827429,-0.162612343920905,-0.328542753493516,AdenomeraHylaedactylus
0.0873099578133618,0.0141997660088381,-0.102932064528873,0.0504878359575047,HypsiboasCordobae
0.331557980443131,0.10718658118793,-0.267892889308876,-0.39444379925729,AdenomeraHylaedactylus
-0.0119004822491826,-0.0632344212508009,0.156876711413425,-0.0342463682049854,Ameeregatrivittata
0.256083156563291,-0.0473812830048666,-0.145957407859096,-0.102994155401614,LeptodactylusFuscus
0.105984849105008,-0.0535203499247775,-0.1410322929801,0.0583666630862895,HypsiboasCordobae
-0.104750529245866,-0.0357637877576823,0.195456010764489,0.041425321785377,Ameeregatrivittata
0.29168669780068,0.186854124687093,-0.18470818312614,-0.308363499903168,AdenomeraHylaedactylus
0.422292619751783,0.217484988289551,-0.336820365496522,-0.329684948951048,AdenomeraHylaedactylus
-0.0825525878149247,-0.0479485088689593,0.180919768547592,-0.121911791880656,Ameeregatrivittata
-0.113054941587265,0.0270915879993584,-0.0638761967018723,0.167999493732664,Ameeregatrivittata
0.285452590872917,0.0142416544514121,-0.131545954446555,-0.405172408909207,HypsiboasCordobae
0.0723503799974344,0.0688609184276971,-0.0221086054114058,-0.0653892729441249,HypsiboasCordobae
0.245199855218986,0.230915430746034,-0.280186344042847,-0.151022373732211,AdenomeraHylaedactylus
0.229908378518198,0.114767104106444,-0.206165117088191,-0.179705008657114,AdenomeraHylaedactylus
-0.0478774672138977,0.0133991046719272,-0.0343244546123356,0.203249034603611,AdenomeraAndre
0.0777116429254614,0.0507879844317325,-0.0512335112344403,-0.0728850674834079,HypsiboasCordobae
-0.12561909804046,-0.21549316537684,0.212203456495962,-0.0692102348595883,HypsiboasCinerascens
0.406369944283139,0.139301501015993,-0.28548913238428,-0.428384753498979,AdenomeraHylaedactylus
0.230615391430339,0.184240657110959,-0.236092396757889,-0.253332234390653,AdenomeraHylaedactylus
0.209676448804362,-0.0348324010048847,-0.171764956269793,-0.102714658498892,LeptodactylusFuscus
-0.21750670792662,0.0139982486822129,0.0992749013303692,0.232869473730773,AdenomeraAndre
0.394581263571573,0.177734020083129,-0.314613901862136,-0.397866422051195,AdenomeraHylaedactylus
-0.104164635204082,0.0395284336779149,-0.0286039331447805,0.190130021135844,AdenomeraAndre
0.226275369510686,0.185980332183829,-0.221055624728092,-0.197591181284192,AdenomeraHylaedactylus
0.374690584232625,0.208784786376217,-0.308929862571743,-0.223812506667622,AdenomeraHylaedactylus
0.0618629945591766,0.0551489449027528,-0.0439725063793454,-0.0444791992530878,HypsiboasCordobae
0.0355640245996698,0.0661347192917136,-0.0258050056870004,-0.0149845792687153,HypsiboasCordobae
0.15086470676006,-0.0281620468531006,-0.147531745464734,0.0443286189799333,HypsiboasCordobae
0.360621020287004,0.132994952012843,-0.263585943731608,-0.290771803680937,AdenomeraHylaedactylus
0.477103151770025,0.162969167925816,-0.325300336771796,-0.315518038002814,AdenomeraHylaedactylus
-0.158227876589367,-0.148348106538673,0.349309821598272,0.0522395617593589,HypsiboasCinerascens
0.0785175002302731,0.0419137531176179,-0.109527756646197,0.0449668385529709,HypsiboasCordobae
0.178263775042828,0.207041572831196,-0.170673587685107,-0.14033268993218,AdenomeraHylaedactylus
0.272873894000443,0.180300874449534,-0.184968760987448,-0.273393564850466,AdenomeraHylaedactylus
0.0920194753717515,0.0153368279869729,-0.025048145784579,-0.0609466956416437,HypsiboasCordobae
0.225134122791079,0.144714293544224,-0.186525252462505,-0.242052849688156,AdenomeraHylaedactylus
0.297981416760202,0.194606741607389,-0.25401412818253,-0.165534185846158,AdenomeraHylaedactylus
0.335603627363811,0.11804394305563,-0.279296168557849,-0.302890707727477,AdenomeraHylaedactylus
-0.256453735944599,-0.0936434287902609,0.290886266630639,0.100454452882693,AdenomeraAndre
-0.105066433779551,-0.0932505516811762,0.181322583379978,0.0617771438774539,Ameeregatrivittata
0.0955252011661873,0.0914576457808232,-0.0345850769434071,-0.0930763819882595,HypsiboasCordobae
0.130404879964346,0.0676208338064362,0.109804242850409,-0.0808685951730646,Ameeregatrivittata
0.0951023279079197,0.026732048009552,-0.114698362128471,0.0800868950914041,HypsiboasCordobae
-0.351409371867379,0.0155402744605987,0.245632309218989,0.29415827016195,AdenomeraAndre
0.381104498616318,0.187854747468774,-0.339799331007288,-0.338693643261946,AdenomeraHylaedactylus
0.42538200747428,0.177674028090939,-0.262117724529258,-0.322713210868407,AdenomeraHylaedactylus
0.0964178105779637,0.0058346212066983,-0.116575117736332,0.0433899406448053,HypsiboasCordobae
0.401995997395097,0.22180744752423,-0.34864350663083,-0.308423686372827,AdenomeraHylaedactylus
0.0468123189050795,0.0171674424306592,-0.0179268812209996,-0.0659692319503522,ScinaxRuber
-0.34254003123914,-0.0375556214119573,0.369139680620835,0.273439234102152,HylaMinuta
0.338998405502146,0.192304816190658,-0.377590435632771,-0.332926749914151,AdenomeraHylaedactylus
0.32810369582382,0.224682382928404,-0.267700196621644,-0.335358534172425,AdenomeraHylaedactylus
-0.0587309459913365,-0.037327385703147,-0.0259332941979099,0.0053283484940181,ScinaxRuber
0.173748570784619,-0.117568017083316,-0.0320546263109921,-0.204978978008364,LeptodactylusFuscus
0.146480702505768,-0.0032724547340747,-0.150000159872733,0.0447552298579844,HypsiboasCordobae
0.136918562262598,-0.0209960061339045,-0.108736385087331,0.0258472649217821,HypsiboasCordobae
0.321684424617965,0.198018674708311,-0.259366648913412,-0.372180810175893,AdenomeraHylaedactylus
0.105764004486992,-0.0042121441378486,-0.12815005767532,0.0509125326603987,HypsiboasCordobae
0.0895541504135482,0.0502869192410092,-0.0090938252830036,-0.0956305300227653,HypsiboasCordobae
0.246282525615914,0.239478257956177,-0.189347167327409,-0.289336474017244,AdenomeraHylaedactylus
-0.179222441672686,-0.0156035980497062,0.137095916043402,0.183745774464289,Ameeregatrivittata
0.243963159222412,0.166338607271231,-0.33453372693653,-0.216032174859756,AdenomeraHylaedactylus
-0.0971876159259546,-0.232308679012004,0.222515196903799,-0.0372850088267602,HypsiboasCinerascens
0.401758142428782,0.226982489284971,-0.322854275900698,-0.237319846801711,AdenomeraHylaedactylus
0.494967053865193,0.185409527770855,-0.348027744288169,-0.377944720689621,AdenomeraHylaedactylus
0.339012754645562,0.244521156652329,-0.243127543673934,-0.23665719621044,AdenomeraHylaedactylus
0.0132006037366838,0.0643673833508707,-0.025097667264643,0.122922894021316,Ameeregatrivittata
-0.148167470871673,-0.0373064118254088,0.0003577988203993,0.190442980218165,AdenomeraAndre
-0.0768281193744006,0.0274025447851761,-0.0125509474715667,0.219501089413571,AdenomeraAndre
0.358565249971692,0.17768931312535,-0.238768195738719,-0.35175591686863,AdenomeraHylaedactylus
0.181928153068663,0.106631678895165,-0.162369437923759,-0.0049662860358,ScinaxRuber
0.349136338933215,0.222136106198533,-0.228392666688735,-0.33758803137007,AdenomeraHylaedactylus
-0.136000004400525,-0.0153485460143548,0.0812663383200418,0.387755992450382,AdenomeraAndre
0.139800872827091,0.0429115947031254,-0.0239960518911997,-0.0949656412064691,HypsiboasCordobae
0.159497360263102,-0.0268952613990192,-0.0916676423126053,-0.107458283831234,HylaMinuta
0.442897810339742,0.194839599772039,-0.403467163952639,-0.299196923698219,AdenomeraHylaedactylus
-0.159139287348738,0.0215004470967583,0.0577390506798306,0.259226495844536,AdenomeraAndre
0.342145498925888,0.239505937261954,-0.309822491571829,-0.331224743567276,AdenomeraHylaedactylus
0.356031434255205,0.150232583174394,-0.224146009886569,-0.288467928071132,AdenomeraHylaedactylus
0.237195567199546,0.0166013503546365,-0.168448974416758,0.0235291783615309,LeptodactylusFuscus
-0.0790410703599334,-0.0408681845012722,0.10020957729018,-0.0534031345911374,HypsiboasCinerascens
0.0541614511298271,-0.0007437350640563,-0.0863070633808991,0.0759227727278562,HypsiboasCordobae
0.0608468413854643,0.0808559938109785,0.0366135528484572,-0.0443896120621525,HypsiboasCordobae
-0.191896467388877,-0.0028664218025913,0.224298749024896,0.156215541027917,Ameeregatrivittata
0.326394860571761,0.236904207761886,-0.173728553901935,-0.217096936978532,AdenomeraHylaedactylus
0.0818839149073073,0.0671837270590201,-0.0197834199895518,-0.0934416844687095,HypsiboasCordobae
0.324857995765874,0.146221534820735,-0.184500596048983,-0.257780834025965,AdenomeraHylaedactylus
0.0827956896457298,0.0268020253913107,-0.0841241145454158,0.0183636907036602,HypsiboasCordobae
0.175784118610406,0.155854667099754,-0.167337664980769,-0.144332158209714,AdenomeraHylaedactylus
0.342790418520271,0.222658324943652,-0.277674852781681,-0.297624287267744,AdenomeraHylaedactylus
0.37337465718421,0.234720441626931,-0.257005988905322,-0.257282686160948,AdenomeraHylaedactylus
-0.0339338351193037,0.000904253902551,0.01367927817714,0.0228612466300607,ScinaxRuber
0.213909203918126,0.174400865117234,-0.205658574258243,-0.201692976908008,AdenomeraHylaedactylus
0.331599868644213,0.0263910576818264,-0.310451106683159,-0.225338074878206,HypsiboasCordobae
0.149911337497381,-0.101971987882581,-0.0346680778412978,-0.166480662525948,LeptodactylusFuscus
0.360004319675081,0.106234832292234,-0.150593573719017,-0.265136071799036,AdenomeraHylaedactylus
0.318821913809086,0.204443187710193,-0.321595841537318,-0.263245599541617,AdenomeraHylaedactylus
0.321544502524132,0.254633642321113,-0.263099520736076,-0.300163344522241,AdenomeraHylaedactylus
-0.356386755218161,0.100553010129215,0.268306031515023,0.412527820302174,AdenomeraAndre
0.162353360280361,0.129851245743071,-0.139054757737727,-0.180838882269802,HylaMinuta
-0.129618219406795,0.197678177397914,0.160856604556962,0.180858949672271,OsteocephalusOophagus
0.310117723143226,0.242090177111846,-0.291018367197494,-0.257421404594003,AdenomeraHylaedactylus
0.0384783183848783,0.0227797057664022,0.0454951873009959,0.0226944226915813,LeptodactylusFuscus
-0.0328571904176558,-0.0307176693941198,-0.0001327684366778,-0.0174103175269142,ScinaxRuber
0.371618231356611,0.104631749110947,-0.313429922143101,-0.259095363510842,AdenomeraHylaedactylus
-0.181695767587324,-0.227800896117573,0.36615895998588,-0.0123855100060827,HypsiboasCinerascens
0.326465446202777,0.118341130383085,-0.338398928218859,-0.291303242309963,AdenomeraHylaedactylus
-0.533182172977945,0.229878055917591,0.396415485692441,0.473903503508091,AdenomeraAndre
-0.0556768691231321,-0.222051706947703,0.143436475496976,0.0908416950880339,HylaMinuta
0.266275035657413,0.19794818323361,-0.273602644747214,-0.271236078929543,AdenomeraHylaedactylus
-0.098219446467248,-0.162417833192671,0.13724735020218,-0.0181484640764892,HypsiboasCinerascens
0.0062168642119064,-0.0012892900677637,0.0229257201394593,0.0572300735691937,Rhinellagranulosa
0.397689935891636,0.215149199284745,-0.312651387907448,-0.259221574463386,AdenomeraHylaedactylus
0.254460719523978,0.220388547965799,-0.173856188480836,-0.227517552700265,AdenomeraHylaedactylus
0.0965790251716322,-0.0709350200436265,-0.0544055344821197,-0.0589979296777004,HylaMinuta
0.0705652594643087,0.0364482886129606,-0.0188110995501279,-0.110484973813779,HypsiboasCordobae
0.321501507637615,-0.114776252689494,-0.159182897036914,-0.201004472381884,LeptodactylusFuscus
0.072925270301954,0.0580757466999145,-0.0438681586751308,-0.0531410119421468,HypsiboasCordobae
0.365839573249408,0.271640079307424,-0.352352881355081,-0.249534587012105,AdenomeraHylaedactylus
0.20363905348929,0.213046717382643,-0.199594667863483,-0.118328198220073,AdenomeraHylaedactylus
-0.0050680056958277,-0.0621911084596152,0.246531315710065,-0.156543407606879,HypsiboasCinerascens
0.306526006856614,0.213588137479489,-0.335138320701347,-0.272435999282018,AdenomeraHylaedactylus
0.231444732496364,0.252957458525636,-0.285169261162818,-0.204075720408712,AdenomeraHylaedactylus
0.368050244414039,0.121062510892107,-0.147187185837248,-0.301260905543294,AdenomeraHylaedactylus
0.585660338327092,0.137961277452942,-0.322688020393186,-0.576309181118249,AdenomeraHylaedactylus
0.0871283522155169,0.0394003576267661,-0.0101412831398478,-0.0546463818524742,HypsiboasCordobae
0.376229527982376,0.183563991853161,-0.273870547476973,-0.237110646533139,AdenomeraHylaedactylus
0.356189740463736,0.215187562180832,-0.337372507084655,-0.244385454232164,AdenomeraHylaedactylus
0.0652693750361046,0.0192263314591464,-0.147812888748347,0.0181406055693383,HypsiboasCordobae
0.113534755954188,0.213940440274712,-0.124347029189365,-0.211437793495267,AdenomeraHylaedactylus
0.095897991612607,0.0534473729931096,-0.144832338498928,0.082132501556167,HypsiboasCordobae
-0.189353799013033,-0.0167176847901358,-0.0154045133001354,0.307351004979068,AdenomeraAndre
0.339357443413076,0.126379939201636,-0.217454859493824,-0.300501893612418,AdenomeraHylaedactylus
0.352199971763282,0.2600515515598,-0.301031647578226,-0.246110661376672,AdenomeraHylaedactylus
-0.203611836468895,0.0192576441784185,0.33057925696587,0.120556988411471,AdenomeraAndre
0.150374878239335,0.149375249747148,-0.104499574355004,-0.126200747232473,AdenomeraHylaedactylus
0.383470065227921,-0.0887472747926855,-0.131168442707093,-0.386017985688111,HypsiboasCordobae
0.372662191306181,0.256764185599456,-0.297479065669943,-0.269924026801012,AdenomeraHylaedactylus
0.196712660698623,0.155976030162848,-0.0926730605124387,-0.175509145462721,AdenomeraHylaedactylus
0.0030699366997093,-0.0549900114968314,-0.0932002766395765,0.080361899472833,HypsiboasCordobae
-0.0053286182315834,0.0411895460548883,0.0592457780660579,-0.116708710811663,LeptodactylusFuscus
0.434517525166079,0.156520900412436,-0.294824530529648,-0.247677775306426,AdenomeraHylaedactylus
-0.0845021847146851,-0.108069465005102,0.144726225972585,-0.0725625632418069,HypsiboasCinerascens
0.34629970606882,0.149948713818319,-0.20703366472924,-0.231892810023127,AdenomeraHylaedactylus
0.245181170970012,0.0999269912144829,-0.205686176409401,-0.290200916978655,AdenomeraHylaedactylus
0.353654545683185,0.278177822352288,-0.265287966442367,-0.24017213156371,AdenomeraHylaedactylus
0.332552725123057,0.221722582327281,-0.244273992649331,-0.34178531438456,AdenomeraHylaedactylus
0.380168050936978,0.251023792533759,-0.329432148378978,-0.294258972361144,AdenomeraHylaedactylus
0.23561562112132,0.232052826611787,-0.291132059002062,-0.252695581609885,AdenomeraHylaedactylus
0.0075529705169784,0.0028895497500103,0.0055489031868996,0.0614067544004179,Rhinellagranulosa
0.176118347714234,0.0095001804245448,-0.04867502717462,-0.165328995196034,LeptodactylusFuscus
-0.208382698765565,-0.0647687633211335,0.190773026420204,0.120869383154164,HylaMinuta
0.101011833965663,0.0457965722150148,-0.0313765752259763,-0.0931746419966991,HypsiboasCordobae
0.320609429900959,-0.0076883402786314,-0.120277269612424,-0.316368424861757,AdenomeraHylaedactylus
0.107057162931872,-0.0074258423738764,-0.134961286735967,0.0260593818680517,HypsiboasCordobae
0.282384297052048,0.27118167310606,-0.183082299264249,-0.263313400565837,AdenomeraHylaedactylus
-0.116252292669514,-0.17365219721028,0.163948954142302,0.134436867409598,HylaMinuta
0.0519081623961098,0.0187712605320897,-0.0147386003802684,-0.0788594283460196,ScinaxRuber
0.266051216052521,0.185549534996729,-0.198382634066466,-0.2116838240239,AdenomeraHylaedactylus
-0.229057689135693,-0.0089858646480592,0.158637260443652,0.0903546014041914,Ameeregatrivittata
-0.170503278673359,0.0099404921395802,0.0283009719622005,0.151775784825773,AdenomeraAndre
0.283892882985826,0.154483651398132,-0.23961567885943,-0.310853625368946,AdenomeraHylaedactylus
0.307542685200266,0.240806993541382,-0.26798101140368,-0.339207554450249,AdenomeraHylaedactylus
0.331595815880099,0.218003051373382,-0.279835942961647,-0.30974169511017,AdenomeraHylaedactylus
-0.169889989333658,-0.0361710190336543,0.204225947165747,0.0494231437503223,HypsiboasCinerascens
0.394137876438475,0.215122328008641,-0.327094595589948,-0.316328864489072,AdenomeraHylaedactylus
0.442051413486686,0.205133666612415,-0.320068769003123,-0.249661057818235,AdenomeraHylaedactylus
0.0650457685054711,0.001647193425284,0.0977841988969661,-0.0328669443352379,HypsiboasCordobae
0.24033524585385,0.161983481447744,-0.0595567024478981,-0.147439575936463,HypsiboasCordobae
0.359451505583647,0.179805247499415,-0.280489854676771,-0.249315599522999,AdenomeraHylaedactylus
-0.0905801946209727,-0.227163961340772,0.160237890996906,0.0937682020485797,HylaMinuta
0.10054805948541,-0.0542218538450804,-0.0344992724326467,-0.095962402120118,LeptodactylusFuscus
-0.296917423005778,-0.0377913763822995,0.29720351475882,0.246222975701436,AdenomeraAndre
-0.0573326211712001,-0.0006946207349074,0.0426033863312017,0.251172905216765,AdenomeraAndre
0.0759166549050686,0.0652081080785178,-0.0407571906975593,-0.0286324025882302,HypsiboasCordobae
0.211166831014988,0.229824013111492,-0.282791563465553,-0.256490295884031,AdenomeraHylaedactylus
0.0777515049031192,0.0019951502522021,0.0235728416107624,0.0339704039861678,OsteocephalusOophagus
0.396965470643566,0.210909412075192,-0.301598200154948,-0.32532620332389,AdenomeraHylaedactylus
0.193425506020136,0.208323121748341,-0.179787898196947,-0.145214650843121,AdenomeraHylaedactylus
0.293015917358053,0.263912584958824,-0.242748616020715,-0.305716808493944,AdenomeraHylaedactylus
0.335257278763672,0.106281412168474,-0.251899074316934,-0.232690192714191,AdenomeraHylaedactylus
0.449417826445012,0.181698861102353,-0.297996268863367,-0.272286876909094,AdenomeraHylaedactylus
0.270304198240905,-0.0520443391646646,-0.170064351549824,-0.140139032994042,LeptodactylusFuscus
0.0274595345077733,-0.0117563319006565,-0.0563845981322179,0.0783752777575609,HypsiboasCordobae
-0.220538733591535,-0.224081318908478,0.166930279272404,0.0602639060568817,HypsiboasCinerascens
0.110814831798448,0.102369619933312,0.165337776709435,-0.0837830283361105,Ameeregatrivittata
0.217763173522779,0.214145467995785,-0.234402208460435,-0.204723013631406,AdenomeraHylaedactylus
0.295906465933243,0.0283684855759927,-0.148233221629495,-0.178670590762446,HylaMinuta
-0.0410200892668471,-0.0299220871421448,-0.0010174077753434,0.257443800155036,AdenomeraAndre
0.282840890380449,0.21597975567349,-0.20098691583929,-0.236449585818703,AdenomeraHylaedactylus
0.228922736489241,0.196889412747869,-0.254996222405346,-0.265108170751994,AdenomeraHylaedactylus
0.301300894391543,0.183731931610069,-0.282755510658275,-0.248859724476117,AdenomeraHylaedactylus
0.0254651172584545,-0.122399794155146,0.0360821878956476,-0.0816342217070468,HylaMinuta
-0.224290289494904,0.0153840381705967,0.293825616491796,0.0961564394866698,AdenomeraAndre
0.0371000875401929,0.0014781456056296,-0.0429631675578974,0.0053879031125635,ScinaxRuber
-0.0243088026451529,0.0047527290245372,-0.0741671423133374,0.126577059392236,Ameeregatrivittata
0.359667908345501,0.197740098603339,-0.328838325998538,-0.21203043912338,AdenomeraHylaedactylus
0.0370002905522977,0.0341599763468014,-0.0083290981478672,-0.0790698478070952,ScinaxRuber
0.120824886631615,0.0181861647527077,-0.108295544306083,0.0195281486450289,HypsiboasCordobae
0.394012013902189,0.260675028118518,-0.284714767883795,-0.328290377513152,AdenomeraHylaedactylus
-0.270688826608987,-0.0871608704590915,0.34290143071102,0.213571431329075,HylaMinuta
0.0833422439095578,0.011984592536323,-0.112063953246047,0.0637944335712734,HypsiboasCordobae
0.36679638209607,0.224913143710695,-0.266936311955884,-0.274837160209877,AdenomeraHylaedactylus
0.154001196682436,0.160138585283576,-0.126136002061047,-0.152600558300388,AdenomeraHylaedactylus
0.328950062223849,0.132137827106354,-0.294415720645837,-0.285001024202756,AdenomeraHylaedactylus
0.295890388134052,-0.0071484167034663,-0.23943805416716,-0.121785493261982,HylaMinuta
0.379645525900272,0.232772489460681,-0.329953738031542,-0.275149653937503,AdenomeraHylaedactylus
0.0951363354157127,-0.0044566125791727,-0.105496215985629,0.0334228610086718,HypsiboasCordobae
0.387804021526165,0.138317401555202,-0.203942713292601,-0.331934399356426,AdenomeraHylaedactylus
0.406114990360876,0.165353560341276,-0.278564823347267,-0.279946836314923,AdenomeraHylaedactylus
0.0745017911778093,-0.0002646524832265,-0.0942757039637809,0.0876454853057415,HypsiboasCordobae
0.308670553242396,0.2039088932908,-0.269971193125229,-0.229675279939467,AdenomeraHylaedactylus
-0.0292608085231047,0.0125016020243169,0.155582402295116,-0.202572116761264,Ameeregatrivittata
-0.0570375214421126,0.0582366155790175,0.211695203056089,-0.159930706268825,Ameeregatrivittata
0.220457019693745,0.188747669630792,-0.228343977626756,-0.134748863718446,AdenomeraHylaedactylus
0.301077842804243,0.159630173828351,-0.232824028581445,-0.321207768874534,AdenomeraHylaedactylus
-0.0288314367239115,0.0229274088830463,0.0682974664308936,0.237447120991977,AdenomeraAndre
-0.108018473437772,-0.196804010474588,0.244425816833204,0.0861859341127478,HypsiboasCinerascens
0.188912813169337,0.0851452186478155,-0.196272551886934,-0.198016163350227,AdenomeraHylaedactylus
0.118182045593104,-0.0848860219249244,-0.115926323220157,0.0592392895457182,HypsiboasCordobae
0.233187636239642,0.121368621758338,-0.148405040465304,-0.217024625812634,AdenomeraHylaedactylus
0.240577464629101,0.184531505646433,-0.219070551494996,-0.151268761352206,AdenomeraHylaedactylus
0.210071593094769,-0.0848559250468572,-0.0842752096693992,-0.0753989024783236,LeptodactylusFuscus
0.266643197946204,0.159921641626198,-0.221624507797177,-0.25065776776997,AdenomeraHylaedactylus
0.0707275127377299,-0.0264721130737885,-0.0827849331217172,0.0493556987951283,HypsiboasCordobae
-0.104973585341478,0.0415811080080462,0.0585786683277558,0.233194232202009,AdenomeraAndre
0.386886652504487,0.168805460330429,-0.268433641539296,-0.329964401681912,AdenomeraHylaedactylus
0.224116821628754,-0.0549084233760278,0.0838877936542908,-0.132063515801233,HypsiboasCordobae
0.371015081218274,0.189373104085959,-0.326224130260187,-0.289002151480182,AdenomeraHylaedactylus
0.293333390306746,0.210568517161739,-0.209776226737382,-0.23296183700037,AdenomeraHylaedactylus
0.312678778547925,0.173851748073982,-0.311321956330369,-0.247771868739885,AdenomeraHylaedactylus
0.42327160390931,0.209082164603316,-0.3636299942938,-0.297582264603519,AdenomeraHylaedactylus
-0.0977342493900932,0.0512742335243624,0.0356325722089001,0.263441833181595,AdenomeraAndre
0.344205975562489,-0.100689817865725,-0.142745526968136,-0.271302456952178,LeptodactylusFuscus
0.0643858951417566,-0.0167809837867337,-0.0393681653364393,0.0039740094909404,OsteocephalusOophagus
0.0881896170386806,0.0414416592942306,-0.0279503830592706,-0.0589405384007566,HypsiboasCordobae
0.0707948250129237,-0.0071810198409197,-0.0930429615428542,0.0812215032360849,HypsiboasCordobae
0.361797727023999,-0.10829473071878,-0.194263240921954,-0.197534863058241,LeptodactylusFuscus
0.113277232416984,0.126752350306671,-0.105800475060822,-0.0647844896886395,HylaMinuta
0.03288594957218,0.036338320093412,0.0032463999785117,-0.0619593640753779,ScinaxRuber
0.325044959353996,0.17350098289665,-0.220250995019796,-0.185676004741569,AdenomeraHylaedactylus
0.354889053264165,0.15701956700097,-0.277059728129139,-0.324938917481897,AdenomeraHylaedactylus
0.414735905223477,0.253540417881581,-0.293759142393103,-0.366140191543393,AdenomeraHylaedactylus
0.0782178220995956,0.0606821408311401,-0.0144068266920294,-0.0704306961743688,HypsiboasCordobae
0.104375346081538,0.16826204097526,-0.115795853393999,-0.126110020239608,AdenomeraHylaedactylus
0.404805038390957,0.153413256466172,-0.321127376895339,-0.352111482527087,AdenomeraHylaedactylus
0.12236977145315,-0.031582101184237,-0.118333602924068,0.0159307367170929,HypsiboasCordobae
0.373515316956293,-0.27988870306405,-0.213626883992311,-0.190241121218522,LeptodactylusFuscus
0.371790970425671,0.139000606105153,-0.276663749397742,-0.246618322789688,AdenomeraHylaedactylus
0.0956141443604658,0.0617913731637387,-0.0057486980186095,-0.0806784057198438,HypsiboasCordobae
0.0571705862791677,0.0542286872204265,-0.0146750235795657,-0.0377732974548276,HypsiboasCordobae
0.412123276389574,0.0891139108486307,-0.244440369310981,-0.382968399142554,AdenomeraHylaedactylus
0.328896780269531,0.16433789769873,-0.260424491167769,-0.242257351194126,AdenomeraHylaedactylus
-0.0712113516887941,-0.131201349841583,0.188135247933471,-0.0658994787994362,HypsiboasCinerascens
0.210857900643599,-0.0385188669799238,-0.120622872707344,-0.0996531428689775,LeptodactylusFuscus
0.300336693070308,-0.09941543823416,-0.199661964739947,-0.231946994910372,LeptodactylusFuscus
0.247674291575128,0.142921445441944,-0.216533843906151,-0.276788309823781,AdenomeraHylaedactylus
0.0804782862812912,0.0339551378588029,-0.104666928128043,-0.120780279057536,HylaMinuta
0.298871245676989,0.14926348619202,-0.233636546509396,-0.26880577376299,AdenomeraHylaedactylus
-0.489622569839527,0.0565181846095933,0.423938771959167,0.0764346171872068,HypsiboasCinerascens
0.353709209364994,0.270228441404798,-0.258925262236659,-0.360777462624566,AdenomeraHylaedactylus
-0.0439323320249316,-0.122122702635448,0.241143615838613,-0.10628873664943,HypsiboasCinerascens
-0.0210572154308845,-0.125117692314414,0.111007659155054,-0.0996636175891827,HypsiboasCinerascens
-0.122764190249028,-0.179123655512425,0.285436379798707,0.0424235916548597,Ameeregatrivittata
-0.200326503838264,-0.221591846994808,0.272406337325422,-0.091601701914182,HypsiboasCinerascens
-0.293387590977236,0.0096293037667547,0.228250930044471,0.26654762299956,AdenomeraAndre
0.340121882618495,0.18446247712643,-0.27355446092912,-0.257375062203723,AdenomeraHylaedactylus
0.292674786429187,0.288491045372292,-0.265669554275156,-0.331264337420156,AdenomeraHylaedactylus
0.312056068830568,0.189845689915701,-0.240061491184567,-0.282066221309069,AdenomeraHylaedactylus
0.0213805546909238,-0.0478061494797779,-0.132501208779527,0.124985234286992,HypsiboasCordobae
-0.0021458363365556,-0.0141468543959943,0.154452166145595,-0.107872730385871,Ameeregatrivittata
0.403750075802941,0.17843624386888,-0.326965220052889,-0.299944358207041,AdenomeraHylaedactylus
0.270133572148866,0.112399640561088,-0.179920218281097,-0.289079294108463,AdenomeraHylaedactylus
0.0602335250293236,-0.0091345481068889,-0.126763602823891,0.0966746483256481,HypsiboasCordobae
0.0778770944539646,0.0687484053875013,-0.0257501046262385,-0.0618078728912247,HypsiboasCordobae
0.271298095949868,0.22026811526258,-0.193569309834407,-0.193994289473362,AdenomeraHylaedactylus
0.128216549774366,0.0057072512205726,-0.129205956516866,0.0750539386796835,HypsiboasCordobae
0.297734156482274,0.216524910021682,-0.268162694122784,-0.310235405184575,AdenomeraHylaedactylus
0.328667751410599,0.110906962088256,-0.186571374914138,-0.304434393560455,AdenomeraHylaedactylus
0.27399222063733,0.117297292369943,-0.236339199392427,-0.157879707927039,AdenomeraHylaedactylus
0.154935725615276,0.180006039943378,-0.107872691098416,-0.108045139903561,AdenomeraHylaedactylus
0.346247045863384,0.259710314594771,-0.301403556377383,-0.204033699424918,AdenomeraHylaedactylus
0.406344990156317,0.174116559990646,-0.31398051596123,-0.288041102022288,AdenomeraHylaedactylus
0.339386904410849,0.181513486062602,-0.288385086742182,-0.223064728528707,AdenomeraHylaedactylus
-0.209096053114008,-0.157903306918443,0.31941978000498,-0.0187238132403451,HypsiboasCinerascens
0.239099206604171,-0.0562775997930198,-0.115670492891081,-0.155744615435072,LeptodactylusFuscus
-0.0006240797029127,-0.0062910353877222,-0.0404433461859318,0.0390786909615562,ScinaxRuber
0.102892440409511,0.219680770518272,-0.149736115258885,0.177784698064638,HypsiboasCordobae
0.267743805352905,0.249299179354662,-0.253439014332926,-0.199176459071832,AdenomeraHylaedactylus
-0.272440777889542,0.0489157272417652,0.159970195044341,0.171653766259413,Ameeregatrivittata
-0.101124235288129,-0.161887160563205,0.17505714717256,0.0540910235452753,HylaMinuta
0.0824798425999795,0.17880932370241,-0.150888407429928,-0.166839045292291,AdenomeraHylaedactylus
0.225859353599803,-0.044718840859088,-0.151680919428986,-0.102644304195995,LeptodactylusFuscus
0.310509118263519,0.125963481866525,-0.191027452445472,-0.273106536105369,AdenomeraHylaedactylus
0.36944300312594,-0.175518166461134,-0.301649409197429,-0.17058535547073,LeptodactylusFuscus
0.210274851363349,0.242918432557153,-0.161545886404187,-0.168166439217339,AdenomeraHylaedactylus
0.40226858711839,0.131693191429502,-0.314464515603702,-0.326133781095658,AdenomeraHylaedactylus
0.189782645889658,0.0674244581766672,0.0315942509639448,-0.160793720591488,HypsiboasCordobae
0.272158043371032,-0.0442216744301784,-0.116989027524817,-0.125586910629351,LeptodactylusFuscus
0.0546609460391218,-0.0389328721013024,-0.0260146691376673,-0.0034206204130452,LeptodactylusFuscus
0.322292353422704,0.199553025310976,-0.284555273598178,-0.245512474082269,AdenomeraHylaedactylus
-0.144605851265017,-0.232710043213005,0.0511156248588379,0.08404910694665,HypsiboasCinerascens
-0.0777093328157665,-0.0146317490708959,-0.0523047985299359,0.165361122229442,Ameeregatrivittata
0.114182772619183,0.0927991248652342,0.0022990498389554,-0.237046616050564,HypsiboasCordobae
0.412538488526291,0.252664681695076,-0.372919710923654,-0.287856159462923,AdenomeraHylaedactylus
-0.0520124246813894,-0.0452992450098584,0.14861155878421,0.0084172463423795,Ameeregatrivittata
0.293317503645138,0.13745418546605,-0.192000446599458,-0.286252076177851,AdenomeraHylaedactylus
0.222808918293707,0.165971427360542,-0.181825952293131,-0.238135526583593,AdenomeraHylaedactylus
0.28920093591776,0.201355112666031,-0.187644415167861,-0.188317118226114,AdenomeraHylaedactylus
0.314043503150019,0.156520712211224,-0.205313885038758,-0.235696612773884,AdenomeraHylaedactylus
-0.287031735188433,0.009864959348206,0.221225914005121,0.302396583564174,AdenomeraAndre
0.32582103283872,-0.136935365880242,-0.157124643848153,-0.22955044577852,LeptodactylusFuscus
-0.0749415628947191,-0.112016721452923,0.0894489307245329,-0.118289950105685,HypsiboasCinerascens
0.168588420398896,0.197060039493405,-0.138742357063504,-0.187285341449115,AdenomeraHylaedactylus
0.288653638334599,0.187386696389318,-0.24893439128145,-0.301151000734968,AdenomeraHylaedactylus
0.291280363168813,0.165827750593936,-0.31632830678802,-0.368789223054095,AdenomeraHylaedactylus
0.433610522779662,0.243855749261981,-0.271768164127838,-0.414938972677266,AdenomeraHylaedactylus
0.226925570615592,-0.0869630994347444,-0.0991890189663958,-0.0965945720267547,LeptodactylusFuscus
-0.0782711504757058,0.0863066590535641,0.238259325571818,-0.108446764355285,AdenomeraAndre
0.198904701969898,0.182625499904124,-0.183573050066921,-0.15347743785641,AdenomeraHylaedactylus
0.344170162483123,0.205477903959692,-0.244403829593182,-0.315118220244061,AdenomeraHylaedactylus
0.135995654497703,-0.170047149655001,0.0167222867995889,-0.0848411551943668,LeptodactylusFuscus
-0.172550918098801,0.179200583094707,0.541416459876015,-0.248588143942274,AdenomeraAndre
0.256181964543611,0.235611248209997,-0.270990559722,-0.270350573581118,AdenomeraHylaedactylus
0.149378321367537,0.180962094831302,-0.176157589454104,-0.18532138963663,AdenomeraHylaedactylus
0.284678269736904,0.221811522845917,-0.281779747167632,-0.263440681669328,AdenomeraHylaedactylus
0.149271626937926,0.0148734564274441,-0.0560224530800625,-0.12887062578776,HylaMinuta
-0.0169500921541472,-0.0070345037239428,0.0816302297569273,0.0735388777953449,OsteocephalusOophagus
0.080670039533104,0.0014119846398328,-0.127578575394147,0.0055634790307479,HypsiboasCordobae
0.335769799691888,0.214980760175846,-0.283145803870442,-0.34428179716743,AdenomeraHylaedactylus
0.306991800362095,0.196613975003252,-0.230227288357483,-0.239179422207677,AdenomeraHylaedactylus
-0.0963971152554318,-0.0738795195142191,0.229264988171732,-0.0018844732569822,Ameeregatrivittata
0.39727417910751,0.196210892497065,-0.3102504208287,-0.327282875875183,AdenomeraHylaedactylus
0.0024122139084871,-0.0361466533775418,0.194554298396696,-0.0491549834104788,HypsiboasCinerascens
0.344167528376801,0.220532541922282,-0.236846966550064,-0.362870184311382,AdenomeraHylaedactylus
0.386939832745968,0.18765686958456,-0.281129967856517,-0.340656541861458,AdenomeraHylaedactylus
-0.0551444751226021,-0.187127699079851,0.176962186999941,0.0722107263824143,HylaMinuta
-0.296037383862314,0.0650793675383034,0.307577507492454,0.0367823751821498,AdenomeraAndre
0.341233447352521,0.213205348257014,-0.319903917005194,-0.29703537207445,AdenomeraHylaedactylus
0.0997173378933336,0.0097174295331881,-0.119415112621432,0.0666138688420507,HypsiboasCordobae
0.308835976054664,0.243942518534341,-0.32952075464473,-0.235781007910241,AdenomeraHylaedactylus
0.29656027544754,0.0610037944796998,-0.128778253157133,-0.294105554651445,AdenomeraHylaedactylus
-0.130985178980898,0.0256516466615618,-0.0502056238048735,0.273494829687772,AdenomeraAndre
0.155247965843179,0.0486797763672706,-0.139005739892406,-0.127131129231382,HylaMinuta
0.349887356938121,0.111784328457346,-0.262659196684936,-0.271343318786476,AdenomeraHylaedactylus
-0.0726816749082012,-0.0578842700079083,-0.0195339471556418,0.225695528600504,AdenomeraAndre
0.48161277286384,0.28071522679432,-0.335596174865299,-0.329816106915567,AdenomeraHylaedactylus
0.151716917289359,0.204561398865387,-0.215483353162833,-0.177921923833135,AdenomeraHylaedactylus
0.350291601720291,0.158452172246817,-0.250753815694865,-0.293362301077563,AdenomeraHylaedactylus
0.0593087442565764,-0.0201274801443512,-0.0802736893360187,0.0829672030509849,HypsiboasCordobae
-0.0337789401142263,-0.0060299583619575,-0.0286431942676396,0.249549580181437,AdenomeraAndre
0.102522406063968,0.0029050322226669,-0.137567893470464,0.0600444089475979,HypsiboasCordobae
0.0688559812016169,0.0841515969340521,-0.0303577728971066,-0.0474388833446716,HypsiboasCordobae
0.289659417640468,0.188410360614071,-0.245197989487528,-0.272518292239232,AdenomeraHylaedactylus
0.0087876270219646,-0.0145868039909071,0.209120841176283,-0.0834682076449382,Ameeregatrivittata
0.330566062061087,0.276315954780446,-0.354170896318423,-0.196168829053646,AdenomeraHylaedactylus
0.375357917196474,0.125568578138071,-0.158168185636358,-0.303024718448447,AdenomeraHylaedactylus
0.29237709115115,0.0356432400611141,-0.29670621934423,-0.133559130191981,HylaMinuta
0.331354373105917,0.237912367183367,-0.236420873658056,-0.245516436178834,AdenomeraHylaedactylus
0.21472889372558,0.106054948184076,-0.131206902187124,-0.107257106842228,HylaMinuta
0.278412348931872,0.114416414213501,-0.180710585204579,-0.26496146868485,AdenomeraHylaedactylus
0.337391559646834,0.191405658540452,-0.241791657117484,-0.250734158798886,AdenomeraHylaedactylus
0.152909066563265,0.221004697954641,-0.0904293825966332,-0.154541854005877,AdenomeraHylaedactylus
0.364716771108085,0.181100783969928,-0.246070835937202,-0.305370637533156,AdenomeraHylaedactylus
0.0620720699912539,0.0308869325455705,0.013842517677872,-0.0248889773851518,HypsiboasCordobae
-0.0310459344473659,-0.0692929566036371,0.184866007970663,-0.0492416206062396,Ameeregatrivittata
-0.115201209192616,-0.208070810258257,0.243573206965732,-0.0014663489124676,HypsiboasCinerascens
0.33459876974529,0.187108670238561,-0.226220729060078,-0.302768073645677,AdenomeraHylaedactylus
-0.0516352749985391,-0.138300073233718,0.154632908176882,-0.0754293918258505,HypsiboasCinerascens
0.372922364499082,0.167712445670524,-0.325402054534751,-0.476788900753529,AdenomeraHylaedactylus
-0.227354557765661,0.0286457975598341,0.109674239749862,0.204421923046943,Ameeregatrivittata
-0.075376514381464,0.0521612242772698,0.087550723368402,0.279117140279619,AdenomeraAndre
-0.0183487620672646,0.0001423775588175,0.0944476790606633,-0.128977025589788,Ameeregatrivittata
0.380549822695939,0.198648944964523,-0.326760031827289,-0.370763238086191,AdenomeraHylaedactylus
0.0974463311696654,0.0047514742009109,-0.144544372713365,0.0718290769920499,HypsiboasCordobae
-0.0364499193131729,0.0324050316094949,0.143911063020845,-0.127921888376616,Ameeregatrivittata
0.249691104249759,0.1799972362767,-0.168396084613305,-0.218866953774349,AdenomeraHylaedactylus
-0.0588221646955333,-0.257039102354753,0.100962848667069,0.0054973638154011,HypsiboasCinerascens
-0.244424106699708,-0.0004735748819973,0.149407577302082,0.180754101752574,Ameeregatrivittata
0.151445794963784,0.0627440319805403,-0.0702766108291931,-0.109594628013968,HypsiboasCordobae
-0.164607746369545,-0.240768333789361,0.176559003099387,-0.0460125534350032,HypsiboasCinerascens
0.319928717543269,0.216469677745237,-0.358980481302502,-0.232345562892346,AdenomeraHylaedactylus
0.371070410737362,0.224025324052262,-0.378523155324397,-0.294458658739791,AdenomeraHylaedactylus
0.313278924787914,0.145610105749286,-0.231034241374507,-0.230852749117038,AdenomeraHylaedactylus
0.225778316720755,0.147462703687591,-0.204022697707813,-0.297609354915219,AdenomeraHylaedactylus
0.32559406927941,0.1729959978672,-0.240081077301217,-0.313702970639986,AdenomeraHylaedactylus
0.364666820721791,0.239773696639825,-0.301559012014856,-0.303433129699817,AdenomeraHylaedactylus
-0.0050385293301151,0.0067326428101649,-0.0391700787802869,0.251979577199888,AdenomeraAndre
0.101219947356323,-0.0233133776882515,-0.117663254924418,0.0644467548327578,HypsiboasCordobae
0.332433898448525,0.175406488343694,-0.264792247414074,-0.244350872349288,AdenomeraHylaedactylus
0.215444455732129,0.192822717788724,-0.179115625771325,-0.165222144978235,AdenomeraHylaedactylus
-0.0227198947449671,0.0241107586337577,0.0164492733465632,0.10336209965776,Ameeregatrivittata
0.376737003637629,0.132060759398801,-0.328193507779758,-0.262098254798429,AdenomeraHylaedactylus
-0.170207731725096,0.0291687537577472,0.0752745652645128,0.255557449655516,AdenomeraAndre
-0.186396215171392,-0.117560123872242,0.668924197741108,0.239412702031326,HypsiboasCinerascens
0.18108748900397,0.175874267933424,-0.132791616989075,-0.131081811933281,AdenomeraHylaedactylus
0.346509576843077,0.141816166450101,-0.239012007559479,-0.30776603945229,AdenomeraHylaedactylus
0.226920725705317,0.176194265089267,-0.203292573719383,-0.19067632006657,AdenomeraHylaedactylus
0.395452947981755,0.0870113171872937,-0.321694392396713,-0.322455105185999,AdenomeraHylaedactylus
0.394005752661087,0.213370982036151,-0.308517288342783,-0.229630127709894,AdenomeraHylaedactylus
0.3582486021799,0.196170948371669,-0.236622606112293,-0.349719938792461,AdenomeraHylaedactylus
0.231218877511886,0.076774353579384,-0.211400486702575,-0.0598768357774219,HypsiboasCordobae
0.356880572738465,0.181868316773103,-0.294157104328221,-0.281014906725974,AdenomeraHylaedactylus
-0.0766256719084777,-0.0553755032113024,0.0674664603606261,-0.0366238078529882,HypsiboasCinerascens
-0.0790083697598315,0.0901313740136167,0.0307512300369537,0.174651249610129,ScinaxRuber
-0.236864623054915,0.0269404824480549,0.164425466895517,0.184582205072386,Ameeregatrivittata
-0.124485597276168,-0.145390376632281,0.168141309936848,0.114066127788647,HylaMinuta
0.115812371936495,-0.0055331004278037,-0.098749324951127,0.0427127740504454,HypsiboasCordobae
-0.03064418684213,-0.145479318143193,0.556083462208587,0.193861910065264,OsteocephalusOophagus
0.32326569888695,0.202710330262152,-0.196982989580708,-0.279021363593194,AdenomeraHylaedactylus
-0.270028989333294,-0.136838078194255,0.268543349292927,0.0266519272904482,HypsiboasCinerascens
-0.0944363851656818,0.0240083088430266,-0.0183896335985412,0.217437473458572,AdenomeraAndre
-0.0038727852043069,0.108055548347655,0.0775532630691379,-0.0302024922245224,OsteocephalusOophagus
0.303914057503464,0.215163853969618,-0.281625595299259,-0.258873012614986,AdenomeraHylaedactylus
0.273526985283807,0.132955004441257,-0.17644732637569,-0.287588225374234,AdenomeraHylaedactylus
-0.107248453078759,-0.16626651681963,0.219941231466316,0.035969418534985,HypsiboasCinerascens
0.377259246904923,0.182709941195162,-0.336803347767376,-0.276207061754506,AdenomeraHylaedactylus
-0.147802837873054,-0.192505109054232,0.21961103959572,-0.0610705294130301,HypsiboasCinerascens
0.406784513444576,-0.245831366910678,-0.0908906539576915,-0.266877879085384,AdenomeraHylaedactylus
0.353329197166603,0.187181727155583,-0.207485999171284,-0.32185505508447,AdenomeraHylaedactylus
0.300396617006735,0.186634863295645,-0.228667474347548,-0.273945119035001,AdenomeraHylaedactylus
0.242462020737232,0.198344301745887,-0.204568103463469,-0.270118667190828,AdenomeraHylaedactylus
0.289105669700783,0.220168897314305,-0.237161621156173,-0.235387184570233,AdenomeraHylaedactylus
0.0691647251942099,0.0111365736533215,-0.0688282052157462,0.0323378543367032,HypsiboasCordobae
0.287146979311869,0.183467129494565,-0.268829804859483,-0.237054819932585,AdenomeraHylaedactylus
0.365604650577775,0.242488019323827,-0.315513984003464,-0.315308542121004,AdenomeraHylaedactylus
0.255515679376459,0.14206941760473,-0.265425284879099,-0.257151212437369,AdenomeraHylaedactylus
0.193235808744489,-0.172159324092589,-0.183125846576064,-0.122078611560608,HylaMinuta
-0.199667428857921,-0.0136927851593261,0.0945192939668928,-0.0320898423410748,ScinaxRuber
0.352667176985961,0.171912010124621,-0.337320505242226,-0.254966303356367,AdenomeraHylaedactylus
-0.169701652869419,-0.170078673268961,0.240891037896782,-0.0299389425439476,HypsiboasCinerascens
0.162905163664932,0.201139781480658,-0.192360925587837,-0.163056867339817,AdenomeraHylaedactylus
0.10474429786999,-0.0539312156765854,-0.0584197725415687,-0.156146199942821,LeptodactylusFuscus
-0.0597068651054347,-0.143132686102009,0.148426843733949,-0.0323595750659613,HypsiboasCinerascens
0.189005678664734,0.150677615351498,-0.0898333058670596,-0.24039068603283,AdenomeraHylaedactylus
0.273831990646067,0.19017599751126,-0.255068121693852,-0.217010105803663,AdenomeraHylaedactylus
0.316885246525251,0.138426079844785,-0.176065397361128,-0.218347188753208,AdenomeraHylaedactylus
0.28806863147239,0.148971049831708,-0.154667512167046,-0.253733941693651,AdenomeraHylaedactylus
-0.048877249727044,0.0664706737263092,0.0585518021717953,0.0300016254160022,HypsiboasCordobae
0.0953621396828251,-0.019441683101659,-0.104845983267814,0.0704112926458092,HypsiboasCordobae
0.275932808528759,0.0608927690861136,-0.076592699128653,-0.273148095670153,AdenomeraHylaedactylus
0.394036348422856,0.187506043636816,-0.321864238654393,-0.311678144517394,AdenomeraHylaedactylus
0.307306115301968,0.193044533371893,-0.265568017005625,-0.333171395817924,AdenomeraHylaedactylus
0.104070101994986,0.0503777526920934,-0.142967140589412,0.0281855233303882,HypsiboasCordobae
-0.0589320967451763,0.0530303224743133,0.0094971719635223,0.26759638874561,AdenomeraAndre
-0.231940025882791,-0.150664703303065,0.167966851559017,0.0844731486531818,HypsiboasCinerascens
0.0856941303853752,0.060669392079675,-0.1222146726151,0.0344723245491743,HypsiboasCordobae
0.0430234217532656,-0.0372558081825483,-0.0558125278543347,-0.0508068818012664,HylaMinuta
0.101435860560368,0.101567069294245,-0.0607691310824717,-0.0830382441927993,HypsiboasCordobae
-0.0696592304917585,-0.0377738153904515,0.0076582314392688,0.1559150413059,AdenomeraAndre
-0.244834309631607,-0.084859868814629,0.288636016379013,0.198811251978926,AdenomeraAndre
0.0917365998785342,-0.148769656470722,0.236438901293659,-0.0216382832131976,HypsiboasCinerascens
-0.0068034721838894,0.0059627085666527,-0.0169298463389939,0.0529967399379137,ScinaxRuber
0.293661079997589,0.128991076172911,-0.159486461293966,-0.255671797606442,AdenomeraHylaedactylus
-0.245634853741685,0.268968267742714,0.323137070300226,0.1685280672926,AdenomeraAndre
0.387363438872924,0.261684856962612,-0.254321400579591,-0.325457769286635,AdenomeraHylaedactylus
0.287809167341695,0.195719604803794,-0.229490789813793,-0.266133435446348,AdenomeraHylaedactylus
0.248061741988704,0.119081523703986,-0.165429058502946,-0.196055572125645,AdenomeraHylaedactylus
0.18795766448847,0.118675604133524,-0.11539210837129,-0.221517967030614,HylaMinuta
0.262992638932308,-0.174891094721485,-0.0698584738259191,-0.19035094821799,HylaMinuta
0.446362952779683,0.117480133131792,-0.287115106061145,-0.418074777445616,AdenomeraHylaedactylus
0.105898798209167,0.105547894650011,-0.11590616655864,-0.0823610971833966,HypsiboasCordobae
-0.210760262758919,0.0102573784853479,0.193753344082776,0.26339106282836,Ameeregatrivittata
0.262509070936609,0.227470223577215,-0.276110469302172,-0.243651086320326,AdenomeraHylaedactylus
0.0805526314678462,0.0632865705807834,-0.0411001735001285,-0.0925224834298217,HypsiboasCordobae
0.333296156922851,-0.0807735091110503,-0.145453779167022,-0.228712541767807,LeptodactylusFuscus
0.0847939303525254,0.0137843156681545,-0.116307988918467,0.059122628055039,HypsiboasCordobae
0.0493996918129825,0.0347403300273851,-0.0214056309762528,-0.0397368660459829,HypsiboasCordobae
0.293786292983004,0.185063731594638,-0.239289310321634,-0.283263094442315,AdenomeraHylaedactylus
0.282525736413744,0.191871551726221,-0.255293337470187,-0.260089324091869,AdenomeraHylaedactylus
0.38425521526101,0.2446566989354,-0.276018395767792,-0.156238767343011,AdenomeraHylaedactylus
0.301946038061022,0.19172034741636,-0.29793785767525,-0.281705883726803,AdenomeraHylaedactylus
0.318118177170373,0.247165312284373,-0.242510527872399,-0.155405892766479,AdenomeraHylaedactylus
0.306652948751909,0.257403300631047,-0.276612957602118,-0.220054477901882,AdenomeraHylaedactylus
0.323303996771965,0.17161954595754,-0.259546170104337,-0.262673015946805,AdenomeraHylaedactylus
-0.0830882770847707,0.0307749664668651,-0.0061034743644357,0.232371462472565,AdenomeraAndre
-0.0962191559282706,-0.10795574759889,0.256250001943352,-0.0127942206855315,HypsiboasCinerascens
0.291984113311689,0.242948211483235,-0.310772302401563,-0.154804413624238,AdenomeraHylaedactylus
0.058743827437985,0.0316521858052725,-0.0867368046894915,0.0455333272089583,HypsiboasCordobae
-0.181902912138881,-0.218351125042576,0.317604943696109,0.0555715862100641,HypsiboasCinerascens
-0.0794552472359842,-0.0778199003366271,0.125586218384652,-0.0518369129952753,HypsiboasCinerascens
-0.0170257326610485,-0.0391883695814218,0.167049908247846,-0.0237040284255204,Ameeregatrivittata
-0.114699061251923,-0.0468439411170976,0.0562203642425571,0.275522726730937,AdenomeraAndre
0.3580834815069,0.220788645288737,-0.216121102283049,-0.246572879933053,AdenomeraHylaedactylus
-0.0051525344264235,-0.115537212070357,0.11832922425249,-0.0796079058961935,HypsiboasCinerascens
-0.160711600229716,-0.0032749060767567,0.267931967446631,0.0595303790540524,Ameeregatrivittata
0.0076702166689328,0.0098304668106718,-0.0207735287023451,-0.0306238063255367,ScinaxRuber
-0.136342538820171,0.0395867056746375,0.0316886984098252,0.24065202839703,AdenomeraAndre
0.129518002492931,0.128729117241016,0.147531960547618,-0.0817507040951057,Ameeregatrivittata
0.359382647845955,0.204149285581186,-0.300300041917693,-0.288159925935367,AdenomeraHylaedactylus
0.0619436938403384,-0.0144060730888405,-0.0873642046938923,0.0502080619164096,HypsiboasCordobae
0.268119576842727,0.115121608955276,-0.196497062614335,-0.252417186149967,AdenomeraHylaedactylus
-0.0538141471623436,0.29646108914525,-0.493623614668082,-0.266103646664365,HypsiboasCordobae
0.161050453263339,0.229952494890242,-0.202518679662117,-0.131738011069774,AdenomeraHylaedactylus
0.339114150355631,0.230554766516247,-0.35432489388482,-0.255295675727677,AdenomeraHylaedactylus
-0.263559716207383,0.0119778788412426,0.197359220604603,0.13663397615947,Ameeregatrivittata
0.441865536020976,0.173718683565732,-0.32314584310259,-0.335381376319997,AdenomeraHylaedactylus
0.0848680676406205,-0.036713773140179,-0.10034432610244,0.0262591203730643,HypsiboasCordobae
0.144733875146062,0.0380857705694849,-0.0757184587320429,-0.0528392405699676,HylaMinuta
0.0580911326204887,0.0405258102099181,8.75024077109776e-05,-0.0485810374020767,HypsiboasCordobae
-0.0872169545773826,-0.0108143163610618,-0.028929109787841,-0.0448455665921464,ScinaxRuber
0.248370924478197,0.150054141550846,-0.17996840020762,-0.329127776370792,AdenomeraHylaedactylus
0.18359804589007,0.193877884076682,-0.16938742198069,-0.112158475158717,AdenomeraHylaedactylus
-0.0402105062741457,-0.0975018729411414,0.228571444667123,-0.118844068755677,HypsiboasCinerascens
0.374424218127284,0.157069371577127,-0.309096634063201,-0.259489145128771,AdenomeraHylaedactylus
-0.151979448484554,-0.187282136180008,0.185141598583342,0.109368127158745,HylaMinuta
0.15060438248153,0.152997805426794,-0.0907066204073521,-0.150945572598032,AdenomeraHylaedactylus
0.413136991633873,-0.12729328773007,-0.382332106811278,-0.19354547782288,LeptodactylusFuscus
-0.0902556255454503,-0.0403534166428612,0.0675996120633646,0.0147753478140891,Ameeregatrivittata
-0.217807220048649,-0.0888187504604916,0.331285060351039,0.0700028622766528,HypsiboasCinerascens
0.382378748290883,0.266019459480208,-0.283206262246635,-0.284109040939296,AdenomeraHylaedactylus
0.0441903780440032,0.0092338856208115,-0.0569410500956112,0.0716489604347113,HypsiboasCordobae
0.360128864016337,0.112719842878528,-0.282971417602096,-0.393061821258834,AdenomeraHylaedactylus
-0.178409152614974,0.0471603608895978,0.16547522865578,0.15813624561609,Ameeregatrivittata
0.281843372017762,0.177213228329055,-0.336560312912716,-0.238050951418128,AdenomeraHylaedactylus
0.36338387330317,0.138638381159716,-0.220748323269373,-0.307620222580693,AdenomeraHylaedactylus
0.109517859916805,0.106847469027469,-0.0009583415735086,-0.0607202364191793,HypsiboasCordobae
0.405904503976925,-0.104010298566371,-0.165586585734497,-0.249576543955379,LeptodactylusFuscus
0.459817040273152,0.134358680881867,-0.299051048437381,-0.420786143386515,AdenomeraHylaedactylus
0.381742372630663,0.264590521185962,-0.35602679056122,-0.222740568029118,AdenomeraHylaedactylus
0.199033736106212,0.152644946755863,-0.165751784102351,-0.189260791787671,AdenomeraHylaedactylus
0.32863730966085,-0.089860156464159,-0.207004876658446,-0.26347372432088,LeptodactylusFuscus
0.288271612502521,0.127218046572112,-0.148073726458823,-0.197429219695755,AdenomeraHylaedactylus
0.415881513509569,0.143828658915426,-0.227647571820724,-0.335996099965111,AdenomeraHylaedactylus
-0.0088953557649333,-0.0011577405185133,0.0282547690772202,0.0655990609461705,Rhinellagranulosa
0.239691807306398,0.191907007791812,-0.178719385859088,-0.195645319556529,AdenomeraHylaedactylus
0.422253975352992,0.160548900075332,-0.228063450842423,-0.360071335126604,AdenomeraHylaedactylus
0.100759696112092,0.0702014958456362,-0.0460323787429666,-0.0958377251476406,HypsiboasCordobae
0.104486917334877,0.0130612733441207,-0.114042671376813,-0.114720834267238,HypsiboasCordobae
-0.254341468381362,0.0290557421631693,0.163320101050209,0.27095827998887,AdenomeraAndre
0.255009443558924,-0.0597725144032343,-0.120941076309484,-0.143543645237108,LeptodactylusFuscus
0.158004749009991,-0.0823289358772985,-0.0289483438378493,-0.099852625675839,HylaMinuta
0.354756385002057,0.200686428083162,-0.281385393465602,-0.263131151312327,AdenomeraHylaedactylus
0.243615079825412,-0.0283775588458398,-0.183398546343072,-0.181258985908385,LeptodactylusFuscus
0.301829174134815,0.117180521794039,-0.200027095008045,-0.327609961573672,AdenomeraHylaedactylus
0.283966218153085,0.211743301573386,-0.224707279167732,-0.136108390994973,AdenomeraHylaedactylus
0.283309129167942,-0.0683092687132859,-0.183550875472778,-0.0171559839521094,LeptodactylusFuscus
-0.264028625381701,-0.0125492832356616,0.166421844832591,0.300077732142204,AdenomeraAndre
-0.0091194671515517,-0.0768493773700795,0.121719153758347,-0.0163837423879833,Ameeregatrivittata
0.404631072083971,0.196026301884549,-0.179303073460597,-0.237330372796709,AdenomeraHylaedactylus
0.360657577056706,0.19035522991752,-0.249021231741556,-0.272709448199477,AdenomeraHylaedactylus
0.137345085354035,0.169409048392844,-0.156040748762988,-0.289169451549676,HypsiboasCordobae
0.36017393450952,0.242569130293266,-0.300625150559128,-0.2729172579023,AdenomeraHylaedactylus
0.327787728807625,0.265501492968379,-0.281083474734807,-0.268559908536018,AdenomeraHylaedactylus
0.0018648666481961,-0.0086746580979424,-0.0135827934281172,-0.0426675669383348,ScinaxRuber
0.356300980319471,0.257116039294336,-0.336007274532731,-0.354483868320163,AdenomeraHylaedactylus
0.0516197072866912,0.0588797423068977,-0.019820096557259,-0.0216467370064962,HypsiboasCordobae
0.0701518584901389,0.0609969559955198,-0.0254276609712453,-0.0610568440096338,HypsiboasCordobae
-0.0255732894234619,0.0032672467673647,0.0350241854177359,0.0912107163480075,Rhinellagranulosa
-0.0894033534250717,-0.0433004610365265,0.133293287214969,-0.0662962155348499,Ameeregatrivittata
-0.146240784492196,0.0714874310699203,0.217187245349861,-0.0598111068197625,AdenomeraAndre
-0.184466476305583,-0.182615302111384,0.274046304366829,0.0062208585061966,HypsiboasCinerascens
0.236743296143846,0.203243072392431,-0.252085257294171,-0.205443869283759,AdenomeraHylaedactylus
0.422683903535955,0.153487452255241,-0.271809354707537,-0.287269990591502,AdenomeraHylaedactylus
0.235382082435603,0.208105424647943,-0.123985375150567,-0.241092024008896,AdenomeraHylaedactylus
0.115972468316975,0.0693900305699409,-0.0585261938090904,-0.0865702678217251,HypsiboasCordobae
0.106863974287217,0.0656887746084838,-0.0627403889053379,-0.100809653659131,HypsiboasCordobae
-0.0206022605112514,0.0150874919761106,-0.0102873724094221,0.0807015404077904,ScinaxRuber
0.393043271203771,0.0929331905373314,-0.248224299716175,-0.29747180275107,AdenomeraHylaedactylus
0.049396384200655,0.0001061891951045,-0.0019809453592016,0.0810887709091899,OsteocephalusOophagus
0.0051302162248451,0.0196281363106023,0.0282790908296605,0.0517776797416859,OsteocephalusOophagus
0.43357546419136,0.208166635444617,-0.298328909545834,-0.346089138328591,AdenomeraHylaedactylus
0.320012445818968,0.158373099351409,-0.188408883972754,-0.365817805307899,AdenomeraHylaedactylus
0.384389108177219,0.134156606350466,-0.296266394777755,-0.249518032594615,AdenomeraHylaedactylus
0.0569224850536126,0.0575860056361011,-0.0058751404113974,-0.0664741117903372,HypsiboasCordobae
0.20096482269626,0.0418850019956086,0.0793374572274002,-0.137263353460014,Ameeregatrivittata
0.232723006076574,0.125415823566447,-0.158613921577995,-0.22917040152777,AdenomeraHylaedactylus
-0.102509125786915,-0.116614934556034,0.188712425869668,0.0468513997814329,Ameeregatrivittata
0.0517913388021055,0.0070204848422643,-0.0825787073526194,0.07921722150716,HypsiboasCordobae
0.500912512045719,0.168364378776601,-0.382592091870146,-0.378578849421919,AdenomeraHylaedactylus
0.17960227706372,-0.160705356543676,-0.162175309188599,-0.164408170582179,AdenomeraHylaedactylus
-0.0034110809858179,-0.0131381978527507,0.188888625868702,-0.0670913313026073,Ameeregatrivittata
0.11351968174602,0.146036415749705,0.107181119144444,-0.0720077242147008,Ameeregatrivittata
-0.0246503726796195,0.0110479979746822,0.0010604797316024,0.180205451885549,AdenomeraAndre
0.166305396000935,0.161423901411462,-0.153687966495506,-0.08497926934598,AdenomeraHylaedactylus
0.300703404337947,0.189668314065381,-0.296281007832093,-0.262930411309378,AdenomeraHylaedactylus
-0.171990320325134,-0.184973540914754,0.185108188604789,-0.0064482998389674,HypsiboasCinerascens
0.0859144529835058,0.0626001976948165,-0.090086953300234,0.0705241338943559,HypsiboasCordobae
0.318524614003099,0.181830814357679,-0.323293728535808,-0.338787863541337,AdenomeraHylaedactylus
0.259557518447012,0.179005821447413,-0.267721165038765,-0.209688714447914,AdenomeraHylaedactylus
0.368512601612968,0.136050196153843,-0.242205281546404,-0.331154203221996,AdenomeraHylaedactylus
-0.0007012290721899,-0.0068788523401342,0.0289006207345285,0.0649060470665933,Rhinellagranulosa
0.171638055034728,-0.0207487451547413,-0.168434430227759,-0.0229602564508641,HypsiboasCordobae
0.154235953295328,0.183962940048573,-0.114595976615683,-0.225321321634664,AdenomeraHylaedactylus
0.323019900348566,0.185647280204568,-0.279401502636958,-0.320319906675846,AdenomeraHylaedactylus
-0.103008793449296,0.0341452599880801,0.0830471548023971,0.313716735307554,AdenomeraAndre
-0.183257714824913,-0.083344876216766,0.144705986435219,0.185148681462616,Ameeregatrivittata
-0.190282866124139,0.0896391501371699,0.0475531379233534,0.117970256698993,Ameeregatrivittata
0.10415545907474,0.100650343029727,-0.0617357480772353,-0.0783793449434554,HylaMinuta
0.406494567734265,0.190261208937063,-0.277506934108109,-0.311705112265615,AdenomeraHylaedactylus
0.263789955032644,-0.154581098229889,-0.212360641332632,-0.108016529642747,HylaMinuta
-0.13003378221013,-0.177974825424816,0.195243704041074,-0.0063333177286634,HypsiboasCinerascens
0.146799229019619,0.0057563679274819,0.265400587784636,-0.187358799920489,AdenomeraAndre
0.320111647474126,0.23883782538482,-0.330719873221022,-0.270611290978777,AdenomeraHylaedactylus
-0.283318071399338,-0.0078960056519499,0.312418024006404,0.0678490523758487,AdenomeraAndre
-0.289346251144922,-0.0520973446470079,0.274541938061977,0.252477811824499,HylaMinuta
-0.203511446139643,-0.204968753449593,0.264516893469478,-0.0961693689703427,HypsiboasCinerascens
0.106657314114775,0.003345688498278,-0.036880299359974,-0.0955995756584846,HypsiboasCordobae
0.303660566826752,0.217939830418684,-0.243432133107532,-0.253438250284866,AdenomeraHylaedactylus
0.174719536175604,0.214930974321765,0.0570208784684122,-0.140844517923914,HypsiboasCordobae
0.0907621706638465,0.0104401413671855,-0.113758793649611,0.0686783621649299,HypsiboasCordobae
-0.178234041687407,-0.156991300570415,0.270966137720945,-0.0073012768987678,HypsiboasCinerascens
0.0500496206089208,0.020622877499933,-0.133842649923015,0.0867453158859857,HypsiboasCordobae
0.295948898042282,0.244872372334485,-0.274580240621164,-0.20891385198369,AdenomeraHylaedactylus
0.0572043267301887,0.0180227671474427,-0.0335688017073554,0.0389024675198202,ScinaxRuber
0.254907906599637,0.220584283339362,-0.26148607026489,-0.224063503385829,AdenomeraHylaedactylus
0.170306995513259,-0.0067477064675688,0.246424724848467,-0.258220526009969,AdenomeraAndre
0.0460332687010432,0.0521243819118579,0.0029092218074319,-0.0223443848645244,HypsiboasCordobae
0.396924517609673,0.129618364935611,-0.294897942458269,-0.338465877689525,AdenomeraHylaedactylus
0.355291315580947,0.150641622644514,-0.219909209924023,-0.28035694188421,AdenomeraHylaedactylus
-0.26116727474586,0.0412602076560194,0.139374781439057,0.2406748223721,Ameeregatrivittata
0.325441921351492,0.20247742744231,-0.244095533047676,-0.244227617090916,AdenomeraHylaedactylus
0.196564655220794,0.257885014160594,-0.261356739967992,-0.083212777814073,HylaMinuta
0.40525466592132,0.145991452592228,-0.310535352695566,-0.309943413725894,AdenomeraHylaedactylus
-0.0105854382589358,-0.0068370800688396,0.0316586150661315,0.0729883477943992,Rhinellagranulosa
-0.031591693594735,-0.0506614598288402,0.18132596387574,-0.0506242049371662,HypsiboasCinerascens
0.0693257415627512,0.0026552026878474,-0.0835268251115342,0.0396042472870344,HypsiboasCordobae
0.156896383450118,0.255169936788499,-0.181700214299596,-0.194226244105854,AdenomeraHylaedactylus
0.234504939887771,-0.0722868769833404,-0.126464711920996,-0.203149570422657,HylaMinuta
0.421764611446111,0.148681727008553,-0.336697743839362,-0.222790233205486,AdenomeraHylaedactylus
0.201802580684742,0.194997380530997,-0.189696547211958,-0.147314709139334,AdenomeraHylaedactylus
0.0206923990518649,0.0178983447222176,0.0372615773975873,0.0446775315836904,OsteocephalusOophagus
0.108747106249122,0.0689742492808858,-0.0324143665915661,-0.0900285921430038,HypsiboasCordobae
0.0904004847825885,0.139918021790871,-0.073085132645695,0.0348016269060873,HypsiboasCordobae
0.25961468654128,-0.0411248608437008,-0.194549229500682,-0.147180490537917,LeptodactylusFuscus
0.0821968840949247,0.0106928339447623,-0.108330928711837,0.0378429064007975,HypsiboasCordobae
0.309369863521,0.256873858501256,-0.279371740589537,-0.254098546676993,AdenomeraHylaedactylus
0.0786469500964762,0.062013240321274,-0.005144289128466,-0.0698861414286036,HypsiboasCordobae
0.332417854090982,0.164988761844294,-0.217766579476327,-0.244756676906939,AdenomeraHylaedactylus
-0.0880581591328079,0.0029940047689534,0.0111761180232015,0.242472280809907,AdenomeraAndre
-0.0871847065780883,-0.0307723372815498,0.151150594302226,0.0089631698816057,Ameeregatrivittata
-0.005039347828686,-0.125365707472999,0.0910972500918772,-0.0709260218448402,HypsiboasCinerascens
0.0865888372143827,0.117380028772451,-0.0746310072653956,-0.0190761669831777,HypsiboasCordobae
0.367124674463848,0.257445491632426,-0.315179649875419,-0.268906060372272,AdenomeraHylaedactylus
0.201405743178232,0.180495546483817,-0.186326729201871,-0.142626028380848,AdenomeraHylaedactylus
-0.0085659716113431,-0.062112985618696,-0.0469509672842458,-0.0901910094376658,HylaMinuta
0.105001956428242,-0.0602481140431386,-0.116775537675099,0.0970161413496828,HypsiboasCordobae
-0.0451933296883596,-0.173237198512292,0.105937364291569,0.168918339352735,HylaMinuta
0.325449784013294,0.0842639338364363,-0.258278840574346,-0.270082187187528,AdenomeraHylaedactylus
-0.0924165771694601,0.0184500906178646,0.157064199455232,-0.128867929416564,AdenomeraAndre
-0.350958147929348,0.0429520126658655,0.295805445556091,0.431757810281213,AdenomeraAndre
0.0486798272206967,0.15704500188032,0.229544859776699,-0.102523494185049,HypsiboasCordobae
0.371333088856764,0.184192479210847,-0.323566746016785,-0.31149831763741,AdenomeraHylaedactylus
0.440698378876232,0.158201256533304,-0.197467151209262,-0.366954713967068,AdenomeraHylaedactylus
0.289927264121609,0.156852444577006,-0.155570104407093,-0.218796629631456,AdenomeraHylaedactylus
0.31543920451277,0.181171352773653,-0.235663093844966,-0.297822180119693,AdenomeraHylaedactylus
0.104597379645762,-0.0321781020171612,-0.109612829089853,0.0611371490358795,HypsiboasCordobae
0.299253562737566,0.143106709717772,-0.210265355928077,-0.194245029437354,AdenomeraHylaedactylus
-0.229572400487206,-0.1549459772356,0.244479286829144,-0.0705515307367495,HypsiboasCinerascens
-0.239249589227759,-0.0094776454150592,0.125220393084673,0.225082145129748,Ameeregatrivittata
0.308118560207551,0.185949484460409,-0.274224174422598,-0.18305422088099,AdenomeraHylaedactylus
-0.0157735971434583,-0.0244998430049808,-0.0143865349070077,0.173606922144409,AdenomeraAndre
-0.1935320373928,0.0419433731900338,0.135507767978953,0.332455204833422,AdenomeraAndre
0.292539813753593,0.212734850325219,-0.261304498100518,-0.280064013106302,AdenomeraHylaedactylus
0.427113909061296,0.165641919705584,-0.3021432861995,-0.355497276995664,AdenomeraHylaedactylus
0.394710369948911,0.162718634050042,-0.266385710222681,-0.292437533753888,AdenomeraHylaedactylus
0.23010130057968,0.226083244620066,-0.307332778177335,-0.138617623122999,AdenomeraHylaedactylus
0.188186147735843,0.207318130265137,-0.135380963506803,-0.137035045118899,AdenomeraHylaedactylus
0.227389430548106,-0.0777941023556919,-0.13499526722456,-0.147356227323518,LeptodactylusFuscus
-0.0340110557436668,-0.112975432079518,0.148198688216586,-0.0098805566849449,HypsiboasCinerascens
-0.106485364314512,-0.220043050953277,0.222711112283143,-0.0076439407339385,HypsiboasCinerascens
0.221255327154554,0.174397644092815,-0.221123600863556,-0.290133748687693,AdenomeraHylaedactylus
0.411296713731426,0.225518858903727,-0.265093547789492,-0.28046725244749,AdenomeraHylaedactylus
0.112663297656905,-0.0049352512131236,-0.150665886314408,0.064123390859055,HypsiboasCordobae
0.282526616033409,0.137329683293852,-0.203410001028116,-0.224759595734975,AdenomeraHylaedactylus
0.245629953571202,-0.219270533716581,-0.168370652546776,-0.0271046518673204,HylaMinuta
0.20774740236124,0.147049393897468,-0.181824767982238,-0.117784575554589,AdenomeraHylaedactylus
-0.388927045208997,0.0649295012575401,0.364337801373682,0.319472336160709,AdenomeraAndre
-0.0865351551590346,-0.0090987355283734,0.125906247102069,-0.0487672850837335,Ameeregatrivittata
0.360975190938732,0.203092389788214,-0.221053185794059,-0.257513466317368,AdenomeraHylaedactylus
0.244591177417306,0.168197278177781,-0.164696161582697,-0.183748743479579,AdenomeraHylaedactylus
0.390353568041545,0.131871990252508,-0.294051907267444,-0.2725435929953,AdenomeraHylaedactylus
0.354901238741708,-0.181216104763763,-0.207194629194183,-0.193932316918451,LeptodactylusFuscus
-0.248957350911139,0.0454919809457192,0.205311440336414,0.257976828769107,AdenomeraAndre
0.371576057710428,0.192446687797083,-0.285215720645595,-0.26836293435843,AdenomeraHylaedactylus
-0.199931503022438,-0.136932304938549,0.11625837280371,-0.175053195732388,HypsiboasCinerascens
0.314023941936021,0.263829725254371,-0.325319309913126,-0.276306121155619,AdenomeraHylaedactylus
0.269850215505943,0.12204259953743,-0.233327069820857,-0.290549782460724,AdenomeraHylaedactylus
0.429880095797275,0.19162917636073,-0.306114316879245,-0.296851433647947,AdenomeraHylaedactylus
0.32925739040437,0.26041400843341,-0.234846162064373,-0.288351590112682,AdenomeraHylaedactylus
0.0929860370487538,0.0160190267398797,-0.108098265203665,0.0571077482957167,HypsiboasCordobae
0.41872868804151,0.157911026002239,-0.275282859468207,-0.359974963747623,AdenomeraHylaedactylus
0.13405575427384,-0.0252147505831004,-0.142742794496309,0.0568879453376328,HypsiboasCordobae
0.397537245152985,0.170846256349165,-0.292763471456234,-0.316180793488485,AdenomeraHylaedactylus
0.334889910379575,-0.137369679723815,-0.208609683991293,-0.0732597400524984,LeptodactylusFuscus
0.281649109033889,0.248578675131889,-0.265759222589911,-0.162745394104515,AdenomeraHylaedactylus
0.494615791743422,0.225852817448598,-0.240861292558797,-0.331574917933344,AdenomeraHylaedactylus
0.321714800185688,0.186067574294771,-0.264588088587886,-0.303331119445299,AdenomeraHylaedactylus
0.349575757047757,0.201222444659915,-0.249151391956093,-0.261492721194739,AdenomeraHylaedactylus
0.290916102132479,0.15955490064562,-0.259498828786004,-0.216252899575062,AdenomeraHylaedactylus
-0.0939500739980621,0.0303073104143836,-0.076057635406232,0.149386469895794,Ameeregatrivittata
0.36548648600785,0.13364795449461,-0.263989004315798,-0.234012973976693,AdenomeraHylaedactylus
0.285552536195294,0.145646823277238,-0.171298877501552,-0.231678500286838,AdenomeraHylaedactylus
0.101075352277174,0.0736501780638097,-0.0131064221964659,-0.0799286085015231,HypsiboasCordobae
0.373511929581154,0.178932055406891,-0.278158760040991,-0.319919973941985,AdenomeraHylaedactylus
0.108443652676399,0.0209846413258734,-0.196797446438155,-0.304157128912882,HypsiboasCordobae
0.464074797602857,0.138290206811033,-0.282573723456355,-0.310624150014376,AdenomeraHylaedactylus
0.353060727418455,0.2039710247958,-0.228539848363211,-0.349329856248153,AdenomeraHylaedactylus
0.148450860424903,0.0137254116600339,-0.100175645354819,-0.137393327296306,HylaMinuta
0.335614647536027,0.181333032426847,-0.330088161887683,-0.310875399720219,AdenomeraHylaedactylus
0.353801549950587,0.214980497756502,-0.313146649821474,-0.257603079288595,AdenomeraHylaedactylus
0.217605180930594,0.162888807165394,-0.221986101249264,-0.351122609235494,AdenomeraHylaedactylus
-0.0078922550494464,0.0714854693098697,0.173635926786681,-0.121825328185732,Ameeregatrivittata
0.453486553837044,0.197090656027636,-0.216094801461624,-0.429145661608544,AdenomeraHylaedactylus
-0.281564914215771,0.0693114783513468,0.261335616619544,0.317647470994896,AdenomeraAndre
0.320299254084081,-0.130127843181869,-0.126973906091618,-0.195366305468828,AdenomeraHylaedactylus
0.224799245611097,0.222980206980613,-0.229688840274891,-0.166314725949187,AdenomeraHylaedactylus
-0.0699863795360223,-0.0180262541463589,0.0045084984006221,0.116172167836599,AdenomeraAndre
0.339886345136197,0.156763067428994,-0.22076609109499,-0.324574405162073,AdenomeraHylaedactylus
0.26003174348474,0.212434480378609,-0.235782436654941,-0.185873049177308,AdenomeraHylaedactylus
-0.443803669540723,-0.122336748555391,0.0756368339153416,0.34881440181552,AdenomeraAndre
0.208512060198269,0.055834601465779,0.0688794855891405,-0.0593731855429046,Ameeregatrivittata
0.329710004503268,0.147477977184267,-0.2930349951444,-0.294277479750844,AdenomeraHylaedactylus
0.0741564360830404,-0.036831346891366,-0.0741531516767047,-0.1061559454993,LeptodactylusFuscus
0.0777379983587537,0.055444840837386,-0.0324582242968979,-0.052625250052796,HypsiboasCordobae
-0.11182416705466,-0.0286895102258577,0.0032491231240044,0.237728643179109,AdenomeraAndre
0.318525011766247,0.229820723850161,-0.276882745201478,-0.276890999626424,AdenomeraHylaedactylus
0.240406473234976,0.160639183746089,-0.192409699185841,-0.209252785630449,AdenomeraHylaedactylus
0.381864644422299,0.188346798652929,-0.258561120048788,-0.267170032390458,AdenomeraHylaedactylus
0.140940552633135,0.0072942590157639,-0.0618848103099697,0.0169756780435267,ScinaxRuber
0.129020427090817,0.0820192115675702,-0.0771131581753389,-0.100158010611959,HypsiboasCordobae
0.235919685863561,-0.0609339138529203,-0.14307296165049,-0.142678446871238,LeptodactylusFuscus
-0.0511736298314491,-0.198975780989866,0.201649743939202,0.0010818818626527,HypsiboasCinerascens
-0.0605659584494905,-0.0193692049708937,0.107612495652271,-0.0986647483755986,HypsiboasCinerascens
-0.0980569188346665,-0.172632308226927,0.160556123389824,0.0340373130178649,HypsiboasCinerascens
0.399779200926481,0.218408559680795,-0.293402215071089,-0.358319620834715,AdenomeraHylaedactylus
0.100051725857975,-0.0493404631246941,-0.125047462595772,0.0734433750399565,HypsiboasCordobae
0.0988831466382734,-0.0015246689834917,-0.139972476998898,0.0666357512881371,HypsiboasCordobae
0.243547419016395,0.106627136765369,-0.197984504793991,-0.112753083340344,AdenomeraHylaedactylus
0.103409617829329,0.0070171156078631,-0.101506539310461,0.0644312655287136,HypsiboasCordobae
-0.473758874603327,0.0847299982140225,0.550604757024305,-0.0910088809251389,HypsiboasCinerascens
0.0791345812962993,0.0081644518034298,-0.12893432758254,0.0480447785271947,HypsiboasCordobae
-0.192068845508027,-0.0077234771691145,0.215504409509932,0.181622754621046,Ameeregatrivittata
-0.111132522649104,0.0180992407407388,-0.0646365077523161,0.188628853386125,Ameeregatrivittata
-0.14454812277741,-0.195016122723696,0.290680328743675,0.022837906420861,HypsiboasCinerascens
0.179604312491891,0.162024154162297,-0.186742446898925,-0.193449655845143,HylaMinuta
-0.0178502691437876,0.0133072911178726,0.0691301781115404,0.196300582945924,AdenomeraAndre
-0.10193374557195,0.043217393781031,0.0916716822629517,0.301503872625262,AdenomeraAndre
0.399932602081153,0.226768512975887,-0.347415039244904,-0.277453839043433,AdenomeraHylaedactylus
0.029952001761633,0.0480681161127974,0.0010690242520432,0.010563609651694,HypsiboasCordobae
0.169291423310737,0.0720070968853476,-0.131017177800864,-0.14447515238806,HypsiboasCordobae
-0.0984954135027109,-0.162275395512036,0.210416607111304,-0.139748724768055,HypsiboasCinerascens
0.0194799471123392,0.0030275332943209,0.0166678004787595,0.0478190213381806,Rhinellagranulosa
0.0455382219678456,0.0326815523614143,-0.0643207786768553,0.0954062748971158,HypsiboasCordobae
-0.0362611325639575,0.054071824469711,0.200914355445586,-0.165677171829308,Ameeregatrivittata
0.0581872833842374,0.0245409449786155,-0.114194755870788,0.0977489550532788,HypsiboasCordobae
0.0015556399206341,0.0001490660656798,0.0087154117810237,0.0533688470376012,Rhinellagranulosa
-0.0653879822636415,0.0432519848100207,0.0645970537286486,0.20999171730201,AdenomeraAndre
0.402079047139061,0.198628199550594,-0.331076183540375,-0.264509738906065,AdenomeraHylaedactylus
0.0977626839651114,0.0009531574538602,-0.0451409053130658,-0.0525835674439733,HypsiboasCordobae
0.183780535079872,0.153874815530868,-0.145266453513871,-0.261035205422156,AdenomeraHylaedactylus
-0.606490233161561,-0.0321339655441477,0.37656102476922,0.171382859859831,HypsiboasCinerascens
0.155362603280123,0.10188228380803,0.111716190138337,-0.0707299436484288,Ameeregatrivittata
0.269489272912798,0.160444712738068,-0.171701734508546,-0.166049600331633,AdenomeraHylaedactylus
0.337841715748635,0.210576268157767,-0.288140948623788,-0.288111704922647,AdenomeraHylaedactylus
0.136407903189451,0.103115950951428,-0.0324108132770018,-0.0456275556611221,HypsiboasCordobae
0.409026300886775,0.167763806144995,-0.303386157482353,-0.326691980124639,AdenomeraHylaedactylus
0.104873151283786,0.103144851804726,-0.0180097462912625,-0.0678553383636342,HypsiboasCordobae
0.34299715284407,-0.085192848314434,-0.176614786020584,-0.0933373942108813,LeptodactylusFuscus
0.188802769491331,-0.047711743828437,0.0519367459563536,-0.153464812166652,AdenomeraHylaedactylus
-0.156068380653263,0.0399737566023737,0.0760700025107633,0.302870343826643,AdenomeraAndre
0.0437315911436097,0.031259624430357,-0.083550394407056,0.0566793143742754,HypsiboasCordobae
0.279887815297613,0.142494694546574,-0.177998682863886,-0.202763387924569,AdenomeraHylaedactylus
0.326308017362517,0.212509621179923,-0.26771732780996,-0.307534578440725,AdenomeraHylaedactylus
-0.134602328279813,-0.0411556889677875,0.223607316394328,0.0568573806711737,Ameeregatrivittata
0.118040176293823,0.163253742143479,-0.100666559179103,-0.0891081931434744,HylaMinuta
0.244319229436025,0.119655090815645,-0.23232539686118,-0.170232018895428,AdenomeraHylaedactylus
0.292948884334796,0.156258368828867,-0.194834930411761,-0.311936886968419,AdenomeraHylaedactylus
0.410588579257862,0.176114790417625,-0.199508561451457,-0.341129584416836,AdenomeraHylaedactylus
0.393612279739748,0.181187870718591,-0.208007696466694,-0.353025724811756,AdenomeraHylaedactylus
-0.311304219273459,0.100309112559609,0.202200342311793,0.289403114486267,AdenomeraAndre
0.328997385834535,0.272897758840587,-0.345598996273453,-0.256286077263507,AdenomeraHylaedactylus
0.373771442711233,0.171206008462474,-0.31316713382201,-0.251697512759126,AdenomeraHylaedactylus
0.309443151927693,0.136273317777866,-0.192172016627145,-0.25627951262049,AdenomeraHylaedactylus
0.308157846496218,0.208437056351826,-0.216191053460513,-0.276907671961595,AdenomeraHylaedactylus
0.215147870158675,0.203578122556684,-0.213575089710178,-0.166733360488954,AdenomeraHylaedactylus
0.456687932909361,-0.148364581551226,-0.318702606396066,-8.83274261665712e-05,LeptodactylusFuscus
-0.173228022109504,-0.151435665123305,0.215388220095366,-0.0372741171573836,HypsiboasCinerascens
0.198959517563178,0.158201711962591,-0.219304084192702,-0.21865952776822,AdenomeraHylaedactylus
0.348420653468118,0.204021812052214,-0.27341248547852,-0.195744656554585,AdenomeraHylaedactylus
0.107940874283977,0.0720819527459589,-0.0425667306302213,-0.0913845913129607,HypsiboasCordobae
0.373056757215665,-0.141784319760296,-0.223430186473767,-0.219703088251033,LeptodactylusFuscus
0.33845599139269,0.23835874874942,-0.333212169119307,-0.239143340622101,AdenomeraHylaedactylus
0.0231117278098918,-0.0316780820891073,0.001720380767722,0.0456163218285411,Rhinellagranulosa
0.400643299352983,0.252985408953035,-0.299207189377805,-0.372517815957183,AdenomeraHylaedactylus
0.0459412734073639,-0.101707373785962,0.141299232892306,-0.112985595019955,HypsiboasCinerascens
0.362330279351335,0.163088307340787,-0.311093588770974,-0.317884648829235,AdenomeraHylaedactylus
-0.182523570648267,0.0373668867414608,0.123433124457166,0.261649811888303,AdenomeraAndre
0.219722618345935,0.164214676409749,-0.182919552318824,-0.195674579640301,AdenomeraHylaedactylus
-0.176563198536225,-0.008254443809932,0.181698037329578,0.0901120111145837,Ameeregatrivittata
0.073447482208248,0.0764736725514043,-0.101933892389387,0.0632943845559387,HypsiboasCordobae
0.325754681005914,0.249961088731307,-0.27761087319493,-0.261231420882306,AdenomeraHylaedactylus
-0.0471534431761359,-0.0076678291642645,0.0542057598306757,0.167241305495552,AdenomeraAndre
0.284820954828405,0.281909442391663,-0.312316067415755,-0.244857819882455,AdenomeraHylaedactylus
0.334271882890864,0.185078158784048,-0.245071554309874,-0.244820160943501,AdenomeraHylaedactylus
0.107909403810312,0.0438798558729609,-0.0815190238583492,-0.0424221620035576,HypsiboasCordobae
0.0042615461409821,0.0033436592297601,0.0231507035788129,0.060955325573611,Rhinellagranulosa
0.129414393846033,0.185176693111543,-0.10050225984941,-0.112799779163919,AdenomeraHylaedactylus
0.444662973739846,0.27366368657037,-0.374471444083675,-0.282358843081732,AdenomeraHylaedactylus
0.127597282307259,0.153219497748111,-0.129509494825042,-0.189521872575066,AdenomeraHylaedactylus
0.201487180233863,0.199485910250843,-0.169489949945688,-0.152588065163412,AdenomeraHylaedactylus
0.340007768140797,0.216671179182165,-0.352118111323564,-0.293416285474583,AdenomeraHylaedactylus
0.115795635411391,0.227980239211912,-0.0489788108535695,-0.0903599916169282,HypsiboasCordobae
0.365293293912818,0.133016093617736,-0.231225822270633,-0.278688674382242,AdenomeraHylaedactylus
0.260517450028116,0.0355075372824668,-0.137150439549347,-0.145344419957396,HypsiboasCordobae
0.429102626137611,0.215999938348149,-0.207934132859111,-0.382362934380544,AdenomeraHylaedactylus
0.395022395258326,0.208714486126831,-0.326714429540847,-0.355168580111892,AdenomeraHylaedactylus
0.233942756099033,-0.142407598106535,-0.166677489655901,-0.158459590155806,LeptodactylusFuscus
0.0078512305423987,-0.086198160270878,0.0741199168959617,-0.0691266848339227,HypsiboasCinerascens
0.0679510326811137,0.0637732289459191,-0.0057701593716989,-0.0878932064220204,HypsiboasCordobae
0.0681105274454416,0.0441774299062264,-0.0430687390987769,-0.0479050831122793,HypsiboasCordobae
0.291793613927489,0.234760000699741,-0.208749699284101,-0.24169712875634,AdenomeraHylaedactylus
0.295736438262019,0.279093612098206,-0.31954424161161,-0.234808317719543,AdenomeraHylaedactylus
0.368444226131603,0.191383341461916,-0.339629477983487,-0.394512714395886,AdenomeraHylaedactylus
0.348974509884914,0.187302257903429,-0.218288553378198,-0.315047013537111,AdenomeraHylaedactylus
0.0987529567636293,0.0824331859262412,-0.016707583881221,-0.0991214196774465,HypsiboasCordobae
0.166037288139156,0.125261145444813,-0.0179848517493182,-0.0633198351951074,HypsiboasCordobae
0.27117691630782,0.145014824971162,-0.209602723553274,-0.243496947041838,AdenomeraHylaedactylus
0.225144965506849,0.181135338302591,-0.248830109097721,-0.222269437987746,AdenomeraHylaedactylus
0.443873670968339,-0.0293190095935258,-0.161055657884499,-0.285136362322354,LeptodactylusFuscus
-0.0324656745096464,0.017394425716775,0.166241159967259,-0.138363532083929,Ameeregatrivittata
0.216045162671545,0.24398055871578,-0.230382895160666,-0.152019939565014,AdenomeraHylaedactylus
0.114603169356225,0.136802648038461,-0.14127002788001,-0.0925650197164356,HylaMinuta
0.346045635221875,0.128100374524736,-0.250093680587854,-0.378157195610006,AdenomeraHylaedactylus
0.382832218934734,0.148658577129745,-0.307314980166104,-0.384209870634981,AdenomeraHylaedactylus
0.0824134619296691,-0.0177024815582019,-0.110490929222121,0.0638942072315985,HypsiboasCordobae
0.2901936966372,0.212656159440477,-0.267365904980281,-0.205723181474806,AdenomeraHylaedactylus
-0.235976515381593,0.0359931552696371,0.145553161500859,0.229549039872666,AdenomeraAndre
0.364097969886484,0.131455722933202,-0.253631032148924,-0.301841766834416,AdenomeraHylaedactylus
-0.0732912949582635,-0.0583638872243018,0.0632154910339222,0.243478902325741,AdenomeraAndre
0.475346905064866,0.224409820212731,-0.36021128921645,-0.322305630673035,AdenomeraHylaedactylus
0.390007365286523,0.191482870898196,-0.241846407809543,-0.33770476484717,AdenomeraHylaedactylus
0.303425146744859,0.227162085062935,-0.258994353574724,-0.257068937031548,AdenomeraHylaedactylus
-0.169052619146907,-0.0922424317027014,0.251384619143257,0.016345220960303,Ameeregatrivittata
0.356507434269135,0.202004242956981,-0.257143942002608,-0.283717262396716,AdenomeraHylaedactylus
0.442428575552622,0.187034678567619,-0.288711453039266,-0.296357336657735,AdenomeraHylaedactylus
0.0490051725016727,0.0053397020487001,-0.0137974169246386,0.0384389127828051,OsteocephalusOophagus
0.27818227859317,0.2536754111275,-0.234639029321102,-0.249699819475427,AdenomeraHylaedactylus
0.389180430144308,0.195199840049278,-0.269211674936014,-0.310003439025315,AdenomeraHylaedactylus
-0.115392670707025,0.0633298387646236,0.0272108196669749,0.315144348941953,AdenomeraAndre
-0.293233249247888,-0.0023762396451018,0.313753287607278,0.260841642249096,AdenomeraAndre
0.33119736314856,0.203548289993527,-0.25324924546827,-0.332930609456292,AdenomeraHylaedactylus
0.29588112150169,0.241100095948235,-0.256994046852279,-0.299367904840629,AdenomeraHylaedactylus
0.0624297025873615,-0.0550470453043691,-0.123181547229602,0.106410601888851,HypsiboasCordobae
0.0068633021591225,0.0958334378442238,0.242928485308656,-0.265977885220939,Ameeregatrivittata
0.214930061073378,0.181168752290802,-0.304873735194408,-0.148984751603989,AdenomeraHylaedactylus
0.0881276490561655,0.0489908779402138,0.020026920648571,-0.0905551254070689,HypsiboasCordobae
-0.0196710613583859,0.0332473760128316,-0.0409438765866437,0.093143451266982,Ameeregatrivittata
0.417485101705201,0.16772142129734,-0.253805823416817,-0.341745866037032,AdenomeraHylaedactylus
0.417659935231038,0.272480817841394,-0.35018966531601,-0.269933931019744,AdenomeraHylaedactylus
0.405937364084833,0.251692981839363,-0.286726028440018,-0.394181926220724,AdenomeraHylaedactylus
0.0404496263638371,0.0167558035936013,0.0086908158810708,0.0097421224605442,OsteocephalusOophagus
0.424458678596756,0.135810704639515,-0.240467227990718,-0.355686746185852,AdenomeraHylaedactylus
0.250817047611457,0.15361854343048,-0.20286645233406,-0.235171606709675,AdenomeraHylaedactylus
0.0646541701386185,0.046940120624317,-0.10131820339009,0.128484946333581,HypsiboasCordobae
0.282604403274035,0.20730806766146,-0.263173166205876,-0.216286242661186,AdenomeraHylaedactylus
0.352540906521465,0.264233010526499,-0.322128757491308,-0.29804025296888,AdenomeraHylaedactylus
0.43873432685233,0.151547670049593,-0.315224217886432,-0.414115464259689,AdenomeraHylaedactylus
-0.15820003320877,0.0520350235993546,0.0134357662757769,0.303172784452104,AdenomeraAndre
0.0615459219286918,0.0091305098126321,-0.0736739091938603,0.0378199984563448,HypsiboasCordobae
0.179235430174841,0.0113596456718296,-0.143220249752074,-0.172348457235497,HylaMinuta
0.342478081504847,0.209586425352342,-0.20458312105897,-0.143947324531864,AdenomeraHylaedactylus
0.378177808751155,0.186451193806378,-0.287129123161327,-0.267377946776843,AdenomeraHylaedactylus
0.243941396901596,0.197663249757397,-0.221659097454127,-0.167125586597489,AdenomeraHylaedactylus
0.456188884918352,0.160012366256005,-0.351605076154956,-0.340229762828195,AdenomeraHylaedactylus
0.135823319324295,-0.044295181431091,-0.144507155880747,0.0673867995136838,HypsiboasCordobae
-0.0056437927690079,0.0428250850771247,0.182958548522612,-0.148970754002845,Ameeregatrivittata
0.280842360470129,0.241650022666261,-0.282699789154261,-0.107712622579675,AdenomeraHylaedactylus
0.368473305039024,0.237104942719413,-0.294656140843635,-0.261078236961835,AdenomeraHylaedactylus
-0.238604726432422,0.164924621483994,0.350044701814769,-0.0566111140676803,AdenomeraAndre
0.411832124399551,0.177741800574152,-0.372055611582894,-0.367249003471978,AdenomeraHylaedactylus
-0.021711348814786,0.0077883209729571,0.0265977543817487,0.0730040750466039,Rhinellagranulosa
0.400422856036059,0.148456988794369,-0.287106155892564,-0.354939491089517,AdenomeraHylaedactylus
0.25958664719722,-0.0501829245067434,-0.163272789422403,-0.110839175283952,LeptodactylusFuscus
0.367510073574274,0.168509079051466,-0.28941164779508,-0.360430668371991,AdenomeraHylaedactylus
0.367124556603432,0.244975784707753,-0.330769858948469,-0.367408935708216,AdenomeraHylaedactylus
0.3220283172406,-0.0730841570182983,-0.123194995762092,-0.16625474580577,LeptodactylusFuscus
-0.111249766196537,-0.161253906699759,0.166391663605974,-0.0018866050482949,HypsiboasCinerascens
-0.253765908477547,0.0191799956793163,0.0941660248857209,0.261345118176963,AdenomeraAndre
0.342621093146731,0.241972377929964,-0.229032435385409,-0.279808684376696,AdenomeraHylaedactylus
0.602572631762732,0.214339568914472,-0.377403086409386,-0.446505631278183,AdenomeraHylaedactylus
0.041949823640006,0.123969678845985,0.0005826199891066,-0.0852894288102676,HypsiboasCordobae
0.272184274443544,0.172727371965754,-0.197905570636998,-0.230153363546078,AdenomeraHylaedactylus
-0.23333703110992,0.0176779471386594,0.210084220613904,0.232298652321167,Ameeregatrivittata
0.14817734109483,0.18476752638144,-0.120911242975582,-0.129917923007905,AdenomeraHylaedactylus
0.342591160702437,0.268779425092943,-0.276361519201952,-0.310244922491063,AdenomeraHylaedactylus
-0.051432808323756,0.067526233176321,0.043116164033491,0.143762515418886,LeptodactylusFuscus
0.340935618318276,0.190679039938918,-0.318268971030162,-0.262706621601048,AdenomeraHylaedactylus
-0.0178773715310397,-0.0609210127220561,0.14922777111421,-0.0274872643407409,Ameeregatrivittata
-0.0315047922434652,0.0144449640513557,0.111991450669136,0.181552593466271,HypsiboasCinerascens
0.284442165834678,0.159700199321886,-0.0986964374628293,-0.270483386612729,AdenomeraHylaedactylus
0.336915538274814,-0.0850282188802646,-0.186098672862462,-0.233149889354311,LeptodactylusFuscus
0.290825844306128,0.18294573609641,-0.28318042813195,-0.232408601163856,AdenomeraHylaedactylus
0.0693946815343515,-0.0089496105557826,-0.0811746582451404,0.0661748772459023,HypsiboasCordobae
-0.287155185289859,-0.0075637141548753,0.380372139256941,0.0304780467005101,AdenomeraAndre
0.0923107020272833,0.0619837976265574,0.0183307487630029,-0.0736925820668448,HypsiboasCordobae
-0.199485049023343,0.0206748207575726,0.121423387536648,0.202169528513146,Ameeregatrivittata
0.0514805929521527,0.0696532496911894,-0.0400115585458009,-0.0250679631269151,HypsiboasCordobae
0.381826922857855,0.239895133380689,-0.246831099822603,-0.362504123001049,AdenomeraHylaedactylus
0.373531004197401,0.212648968850309,-0.239472468981925,-0.307111754360669,AdenomeraHylaedactylus
-0.0174487563206166,-0.0353708559086026,0.149322844024532,-0.0660818505593248,Ameeregatrivittata
0.18281740420866,-0.0145147651738385,-0.111169397318943,-0.10053702661202,HypsiboasCordobae
0.312049772048012,0.233671640209879,-0.218942562781871,-0.27733188542633,AdenomeraHylaedactylus
0.112870611088595,-0.0089866144409112,-0.126919901823247,0.0747558702186777,HypsiboasCordobae
0.287528226423117,0.239335131213217,-0.314921981816066,-0.209739018825552,AdenomeraHylaedactylus
-0.0096153425528328,-0.0301996750716691,0.114413812374539,-0.142612276495883,Ameeregatrivittata
0.287803622755416,0.169408808863127,-0.182358137237939,-0.368179944180007,AdenomeraHylaedactylus
0.228463922209149,0.245420583703924,-0.271749344849693,-0.150340356677002,AdenomeraHylaedactylus
0.331501237397831,0.26383599705242,-0.292931433858386,-0.275200310462949,AdenomeraHylaedactylus
0.418518130520627,0.269877704538652,-0.330480015537239,-0.305381037961108,AdenomeraHylaedactylus
-0.0397025124259887,-0.0053134739534637,0.0317496113635889,0.0457309233712707,OsteocephalusOophagus
0.0717483909776464,0.0784197490996654,-0.0009662900842127,-0.120325191723874,AdenomeraHylaedactylus
-0.129271736658442,-0.0219308947751285,0.202334839677944,0.0781274718622748,Ameeregatrivittata
0.228576321558711,0.16306053084952,-0.171821517160439,-0.205679424867401,AdenomeraHylaedactylus
-0.228032708201346,-0.188957664646102,0.265930299485731,0.0828369032973899,HypsiboasCinerascens
0.327920248077689,0.19119547270563,-0.282404478478512,-0.286981641416958,AdenomeraHylaedactylus
0.0957781431642931,0.0606626727192168,-0.115695756711718,0.0766681086987627,HypsiboasCordobae
0.272931459913192,0.199560583622133,-0.24146740691761,-0.241191056665207,AdenomeraHylaedactylus
0.299414150928375,0.155045035428267,-0.238847184837929,-0.268091986399507,AdenomeraHylaedactylus
0.415943200261695,0.126578250553787,-0.278819127572373,-0.331625004978247,AdenomeraHylaedactylus
-0.200325126404881,0.0282064095776042,0.124295833266374,0.143348485937507,Ameeregatrivittata
-0.141161399290861,0.0169528478367554,0.0399868971916344,0.300248260488257,AdenomeraAndre
0.0248890354040231,0.0164642746773427,0.0431022337365726,-0.307534040880984,HypsiboasCordobae
0.133202107595379,0.0475094620668247,-0.142002337669782,0.0475752855970125,HypsiboasCordobae
0.142317212696757,-0.0566470969407172,-0.127348745202528,-0.115002823772031,LeptodactylusFuscus
0.244703192901895,0.2107038134257,-0.153347809959446,-0.193605864227654,AdenomeraHylaedactylus
0.138107891059322,0.0255322713274489,-0.0664582072715539,-0.124992584586468,HylaMinuta
0.209627208573312,0.20937632550872,-0.171832470569581,-0.157509811904546,AdenomeraHylaedactylus
-0.016331509356298,0.0092634376755853,0.0209249078473651,0.0802567488536705,Rhinellagranulosa
0.229043960059152,0.0555933445502904,-0.179729927318611,-0.180028589106809,AdenomeraHylaedactylus
-0.244186070822203,0.000765362875556,0.108557435770956,0.184013174790927,Ameeregatrivittata
0.371445077038882,0.226103392516578,-0.252429087750505,-0.310500388815364,AdenomeraHylaedactylus
0.351417872996465,0.289959241138799,-0.378071115207724,-0.347566323169853,AdenomeraHylaedactylus
0.296496336470819,0.131814325143372,-0.261526290407309,-0.267397524330491,AdenomeraHylaedactylus
0.379419771870742,0.0904175019989526,-0.275505492129206,-0.367296094708716,AdenomeraHylaedactylus
0.216758862884594,0.185527621798319,-0.243298369016174,-0.161513515430113,AdenomeraHylaedactylus
0.384531887276029,0.149693228716615,-0.18345101320886,-0.379679619246182,AdenomeraHylaedactylus
0.425984390324839,0.264954219165995,-0.29616151152434,-0.2187436453642,AdenomeraHylaedactylus
0.0723443158922674,-0.0225194695703696,-0.113747408499403,0.092501345375695,HypsiboasCordobae
-0.0020981607192707,-0.0044011695217591,0.0397690182505068,-0.156332679357021,HypsiboasCordobae
0.0923913395462703,0.0111169257871966,-0.0798929018278033,0.0118582646756843,HypsiboasCordobae
0.14416057013557,0.0835973031144786,0.0960255467458657,-0.0838815655622948,Ameeregatrivittata
-0.537394676136579,0.0602287303028205,0.618341964633506,-0.454214589412636,AdenomeraAndre
0.319627957925174,0.170236911145991,-0.230909029493101,-0.267124749972593,AdenomeraHylaedactylus
0.321464241488016,0.162209206370097,-0.290726801579124,-0.244165774056951,AdenomeraHylaedactylus
0.316718442929432,0.197268986591104,-0.286568644350314,-0.369979833786387,AdenomeraHylaedactylus
0.292339368611744,-0.129110829349049,-0.0642331310519134,-0.215617111508793,LeptodactylusFuscus
-0.11609869267297,0.0676010744326016,0.0823533563091043,0.225315493408803,AdenomeraAndre
-0.0555242385133569,-0.196127801099455,0.161861444372456,-0.0162922585378613,HypsiboasCinerascens
-0.176360041176666,-0.142587542883594,0.227027476114489,0.13370682224093,Ameeregatrivittata
0.428118146354741,0.253036783714629,-0.281311870264229,-0.317894530759421,AdenomeraHylaedactylus
-0.17200612792398,0.0642259276762733,0.1181048828836,0.323522648292755,AdenomeraAndre
0.244379942450583,0.191577205764818,-0.16060015607706,-0.195583190475853,AdenomeraHylaedactylus
0.351429064944123,0.165699055573104,-0.341594163859648,-0.280499472176895,AdenomeraHylaedactylus
0.0207145311128149,-0.0629908293093862,-0.0611566960314779,0.121996890412914,HypsiboasCordobae
0.381763444891966,0.183287798151576,-0.245886185934789,-0.260924825671648,AdenomeraHylaedactylus
0.221703312911457,0.190927711314402,-0.19901884561594,-0.227045758653889,AdenomeraHylaedactylus
0.0553025192909727,0.0652550225116049,-0.0339796673561707,-0.0319765338859262,HypsiboasCordobae
0.301837782752668,0.194319968589885,-0.26290386159145,-0.321723841922218,AdenomeraHylaedactylus
-0.0394381109458458,-0.0018067359198589,-0.0116604096676318,0.165139812140774,AdenomeraAndre
0.228104326220875,0.189887714274559,-0.301595833892565,-0.143387530830679,AdenomeraHylaedactylus
0.34103718581606,0.229783742126248,-0.260138070575336,-0.219286122562026,AdenomeraHylaedactylus
0.23676563991946,0.151965835356635,-0.0154142189718885,0.0970189858916811,HypsiboasCordobae
-0.0679110777619099,0.0233688658975529,-0.0406501615943821,0.194984374752306,AdenomeraAndre
0.201766584345357,0.0900104366340281,0.0476507465778951,-0.080884236532222,Ameeregatrivittata
0.34817985746314,0.125575918577347,-0.266691604652332,-0.311689852369718,AdenomeraHylaedactylus
0.129677703624095,0.117136422854485,0.0141931955362268,-0.0199855740242356,Ameeregatrivittata
0.319269302921662,-0.379304321533521,-0.181291241714905,-0.178747603867169,Rhinellagranulosa
0.390372576876881,0.189274148939349,-0.207498922305115,-0.280399889531066,AdenomeraHylaedactylus
0.0086037757129503,0.0507751688852166,0.134608738963314,-0.0935471649267579,Ameeregatrivittata
0.385893165760493,0.219842639713313,-0.232067061871293,-0.274256894151839,AdenomeraHylaedactylus
0.283523096080722,0.22168885987116,-0.22309848092544,-0.245482117654773,AdenomeraHylaedactylus
0.0790806263518266,0.012140195905784,-0.121178596327927,0.0492899688170989,HypsiboasCordobae
0.27361444343338,0.21971623844901,-0.295583036912092,-0.267451740633301,AdenomeraHylaedactylus
0.441891771524977,0.269181898284567,-0.352127570609966,-0.37052551432207,AdenomeraHylaedactylus
0.087372916740817,-0.0017865439428893,-0.111971260805011,0.0549145268084734,HypsiboasCordobae
0.0382043387717969,0.0502451246854198,-0.128440080196732,0.105519792957315,HypsiboasCordobae
-0.298523875475902,0.0792443322969332,0.219152827231289,0.332695149242033,AdenomeraAndre
0.0933949804518744,0.0416396885196945,-0.0264368776219429,-0.0872251155549172,HypsiboasCordobae
0.0654029618218517,0.0233731839429677,-0.0502976187001639,0.153978711363032,ScinaxRuber
0.28300427716326,0.172980784638237,-0.224968831714982,-0.258983498161497,AdenomeraHylaedactylus
0.0978337161349753,-0.218180951336913,0.0895134491523838,-0.0776140125724137,HylaMinuta
0.240180244082962,0.139922210241439,-0.137522244480558,-0.203137986509699,AdenomeraHylaedactylus
-0.149331200993825,0.0112256032454101,0.0946968644271434,0.209598862097565,AdenomeraAndre
-0.134506930814231,-0.0437248672042893,0.193939626387423,0.0612007444081024,Ameeregatrivittata
-0.0151711098144284,0.0063588366629409,0.0259200142070591,0.0533848937291722,Rhinellagranulosa
0.156894135496739,0.133532589506952,-0.143785191410284,-0.235950562257252,AdenomeraHylaedactylus
-0.368473779862175,0.118608223634678,0.247773950594531,0.389983555101504,AdenomeraAndre
0.35322709014908,0.283030225247631,-0.278436714326178,-0.333485691726811,AdenomeraHylaedactylus
0.332968344606701,0.199056006524461,-0.288244063529695,-0.300055647571794,AdenomeraHylaedactylus
0.142710324134632,0.177710002229943,-0.131763084084542,-0.129599886276431,AdenomeraHylaedactylus
-0.451645409176001,0.129332038362495,0.429469489729448,0.120606827521891,AdenomeraAndre
0.276725412243551,-0.0966853594154622,-0.167218250041602,-0.143975671540897,LeptodactylusFuscus
0.245575835827986,0.0875562526904876,-0.189635539651278,-0.209184097805408,AdenomeraHylaedactylus
0.372519950346478,0.154423268634197,-0.27315975704094,-0.309575209939255,AdenomeraHylaedactylus
0.181834638159137,0.2167133754981,-0.183193838070385,-0.135181101854205,AdenomeraHylaedactylus
-0.0157219746409978,0.009541861469212,-0.037938952401738,0.189082444463575,AdenomeraAndre
0.309345254334002,0.196791478322113,-0.253776314277498,-0.389915118285747,AdenomeraHylaedactylus
0.332444291533823,0.199543288862839,-0.289343631612976,-0.208711238621658,AdenomeraHylaedactylus
0.382971017356389,0.24099290503913,-0.220200516037633,-0.276720148462701,AdenomeraHylaedactylus
0.328250815446844,0.174150352239857,-0.259082816022518,-0.323825480243148,AdenomeraHylaedactylus
-0.0104535543958496,0.0314504654351713,0.0062625650706991,0.225769030974902,AdenomeraAndre
0.301663938338604,0.194289659418126,-0.221673494694211,-0.299734747664994,AdenomeraHylaedactylus
0.359833170759422,0.26765167550639,-0.281694247899954,-0.228578428052885,AdenomeraHylaedactylus
0.0875560868067414,0.0566706753990487,-0.108137542454306,0.072896079990118,HypsiboasCordobae
0.0216425654481572,0.0355915437758246,-0.0139710012398018,-0.185156046572253,HypsiboasCordobae
0.265275058917239,0.22556345862114,-0.264878188506209,-0.16492881773221,AdenomeraHylaedactylus
0.373269576333897,0.245673618002327,-0.265948936362901,-0.371892107252042,AdenomeraHylaedactylus
0.0708782777934951,0.0650216195167469,-0.0104437230136059,-0.0448504073580641,HypsiboasCordobae
0.0862924740649773,0.0344138599512471,-0.0315461651430451,-0.0609130336670851,HypsiboasCordobae
0.0164218862602386,-0.0140269295725382,0.0076820328714512,0.0622023291646021,Rhinellagranulosa
-0.0038400919011061,-0.114294781735149,0.310975911815998,-0.0472646071605532,HypsiboasCinerascens
0.338242089585359,0.264308613658447,-0.343063495551679,-0.295971494143568,AdenomeraHylaedactylus
0.457884799102374,0.249608493668238,-0.266682652627752,-0.343890548120121,AdenomeraHylaedactylus
0.324320910799841,0.261432010413312,-0.261316635531457,-0.265806425831434,AdenomeraHylaedactylus
0.162331515407266,0.0697567519976846,-0.0560887543371932,-0.014174419752682,HypsiboasCordobae
0.350872553834931,0.221066761877402,-0.330015295307355,-0.288340584162949,AdenomeraHylaedactylus
0.119393219752177,-0.0457077068657482,-0.115045774520647,0.0411173381039089,HypsiboasCordobae
-0.432421789983872,0.209833321207074,0.37571561247999,0.337830663488074,AdenomeraAndre
0.0904409947013676,0.0565652887817535,-0.119548744806329,0.0435866169024271,HypsiboasCordobae
0.369211523574273,0.202536959847181,-0.375201903892349,-0.280486519452297,AdenomeraHylaedactylus
-0.175469496042105,-0.241141318693911,0.184048195481237,-0.0104274132148157,HypsiboasCinerascens
0.0843558393714517,-0.0482640495873414,-0.0562713935135233,-0.0419690051431103,HylaMinuta
0.394534593197004,0.21316657764867,-0.304618877066232,-0.245904283435509,AdenomeraHylaedactylus
0.34570897844313,0.230371835837767,-0.312683574290429,-0.251462536118207,AdenomeraHylaedactylus
0.265365598838616,0.249992436345513,-0.327825107897621,-0.218722160134423,AdenomeraHylaedactylus
0.306357864964832,0.156767014307676,-0.228834100447943,-0.236997028515026,AdenomeraHylaedactylus
0.406039345602715,0.151599129574334,-0.263214054278092,-0.269146392272159,AdenomeraHylaedactylus
0.0855751964002927,-0.0732949586251204,0.224562235045634,-0.0186007324296365,OsteocephalusOophagus
0.32122370571466,0.209779186355367,-0.156504539210635,-0.23610220228118,AdenomeraHylaedactylus
-0.0532861538435044,-0.0654532604236803,0.121327601406116,-0.111406380939487,HypsiboasCinerascens
0.320167114599057,-0.108314082925154,-0.0650336445979766,-0.279427774534544,LeptodactylusFuscus
0.490854538633932,0.21281910125132,-0.46269820107362,-0.392651315636205,AdenomeraHylaedactylus
0.30265042117552,0.257098169018599,-0.226842008607022,-0.239375015075772,AdenomeraHylaedactylus
-0.183394133854889,-0.0394448297766967,0.239002746735814,0.0072768820150169,Ameeregatrivittata
0.172214601703481,0.187659182092031,-0.156347113123554,-0.157535882423256,AdenomeraHylaedactylus
-0.0632098684586795,-0.211283232996762,0.229576248624391,0.0052688208044821,HypsiboasCinerascens
-0.0150073525104309,-0.0246908310778146,-0.102506363131531,0.168143118265767,Ameeregatrivittata
0.382834972709529,0.234256738142101,-0.331061211429698,-0.33322157552962,AdenomeraHylaedactylus
0.340084688927745,0.218554110355598,-0.272279112904171,-0.317381275316787,AdenomeraHylaedactylus
-0.12990928477599,0.0136936878486287,-0.0129695891215021,0.212835375759227,AdenomeraAndre
-0.0090041643003439,0.0149824621495293,-0.0025283322152854,0.102680895325845,ScinaxRuber
-0.0919462939774875,-0.171661458088882,0.0600177724921317,0.150493304238554,HylaMinuta
0.240060261273104,0.101043604730355,-0.172023453645099,-0.204557295858756,AdenomeraHylaedactylus
0.163377657490051,0.0989398520457934,0.116002074008468,-0.0926901585618857,Ameeregatrivittata
0.254828277208651,0.282484256113985,-0.237307901003544,-0.246902489106914,AdenomeraHylaedactylus
-0.213721229276544,-0.203697722483962,0.268082183373059,0.0438097603088636,HypsiboasCinerascens
-0.136352857723907,-0.0359204856667934,0.173556000910805,0.223245607564778,Ameeregatrivittata
0.271851381481509,0.13948819238173,-0.23267573624823,-0.24654287381891,AdenomeraHylaedactylus
-0.0363038115634588,0.0962966547003949,0.0884038318814889,-0.0555521304114404,HypsiboasCordobae
-0.0876791553290298,-0.0605542404290789,0.139973460541655,-0.015614830589247,Ameeregatrivittata
0.198163078293886,0.0762145073288238,-0.0554658207596188,-0.165615462451068,HypsiboasCordobae
-0.171139486416928,-0.0962399116615045,0.253755882562238,-0.0319632293737204,HypsiboasCinerascens
0.226467804100276,0.126288641480484,-0.0587259073487637,-0.249804063199272,AdenomeraHylaedactylus
0.080433551229498,0.0495026002317409,-0.0520488364449964,-0.0814751920702031,HypsiboasCordobae
0.0614367465391216,0.0559762871784475,-0.026021269249123,-0.0433256045731785,HypsiboasCordobae
-0.0868067997441875,-0.0225048120098928,0.0004655677498633,0.247315495932083,AdenomeraAndre
0.203171625131616,0.235682355965163,-0.197205620076272,-0.155376994074687,AdenomeraHylaedactylus
0.376067414650594,-0.11873199124995,-0.141851892460907,-0.242515750621531,LeptodactylusFuscus
0.452265316631064,0.17628035155071,-0.253025060277352,-0.330414128709875,AdenomeraHylaedactylus
0.239760588074744,0.0084646292690609,-0.100414582027833,-0.0446530159696077,LeptodactylusFuscus
0.0416423206895621,0.0277064737580534,-0.0266846739236121,0.0045999572287932,HypsiboasCordobae
0.186544005905459,-0.0293916947525079,-0.114483512436666,-0.181650602717941,HylaMinuta
0.22484631003541,0.202558846259329,-0.192720690271305,-0.189908931104525,AdenomeraHylaedactylus
0.340197948267841,0.182035434938836,-0.28728585832371,-0.242631576474784,AdenomeraHylaedactylus
0.304909081373338,0.128728167654567,-0.26091421734067,-0.256592520027412,AdenomeraHylaedactylus
0.118162254630351,0.151119470774167,-0.0655344524278039,-0.0854465372202967,HypsiboasCordobae
0.390329084061821,0.200937605100379,-0.323671094047011,-0.208399321383045,AdenomeraHylaedactylus
-0.180780629666897,-0.24468516752779,0.337638117505967,0.0130978330885981,HypsiboasCinerascens
-0.257128366630809,0.0086051013538206,0.178936486402312,0.233771102543844,Ameeregatrivittata
-0.350503737656802,0.0186555610283503,0.27820656258775,0.210062444468662,AdenomeraAndre
0.166594024133108,0.188641193044026,-0.182286967131014,-0.167563044179999,AdenomeraHylaedactylus
0.252579857967457,-0.101880333417165,-0.159524305412383,-0.146209593969594,LeptodactylusFuscus
0.174827381191207,-0.0175653508454756,0.20693357569829,-0.230497699894158,AdenomeraAndre
0.381983198741561,0.15447502134683,-0.266847466712434,-0.338582788543482,AdenomeraHylaedactylus
0.0082692258301159,-0.0015344144583011,0.0048351598200661,0.0552614536326868,Rhinellagranulosa
0.385474038614468,0.252067768045889,-0.309470114528093,-0.344459284220727,AdenomeraHylaedactylus
0.223189414154297,0.192383316132087,-0.155487670739951,-0.20762566425974,AdenomeraHylaedactylus
0.106047296664435,0.0577437585137696,-0.0393430686625999,-0.110199442180302,HypsiboasCordobae
0.258763353652897,0.214799409177893,-0.207543617595491,-0.180188955025639,AdenomeraHylaedactylus
0.243602598232393,0.20693129033544,-0.229805861408007,-0.234473384283137,AdenomeraHylaedactylus
-0.143848715596122,0.0565098164285214,0.209226219013051,-0.119798940091767,AdenomeraAndre
0.32014146080197,0.210921451388108,-0.292310476993631,-0.368396337640324,AdenomeraHylaedactylus
0.0679508194979481,0.0208782170303426,-0.0771222548349346,0.0394676702174551,HypsiboasCordobae
0.33654207903587,0.250983648806725,-0.260697202032835,-0.331285924410321,AdenomeraHylaedactylus
-0.122741502710123,-0.0603340262583843,0.0729669016966408,-0.0302471522735123,LeptodactylusFuscus
-0.28452712428475,0.0225816605268264,0.22220056873616,0.303230783708366,AdenomeraAndre
-0.0009711474083815,-0.0199889232284963,-0.0707153924661768,0.135900813448529,HypsiboasCordobae
0.390557964479492,0.260880406993064,-0.195887488946095,-0.263368625949666,AdenomeraHylaedactylus
-0.168905375535417,0.0628193217538724,0.0320476781289745,0.2114974530744,AdenomeraAndre
0.0205091128096833,0.040586098784676,0.0199673616363622,-0.0129563360445763,HypsiboasCordobae
0.408733245072832,0.206251653962385,-0.284010078498606,-0.381884645894566,AdenomeraHylaedactylus
-0.0818528308436396,0.0248048049417798,-0.0595267125227316,0.210135073915896,AdenomeraAndre
0.0319909256443303,0.0417471289960628,-0.0503872152644683,0.0359904339613892,ScinaxRuber
-0.106507022971494,-0.147171061216314,0.244273453744888,-0.013404601414724,HypsiboasCinerascens
0.328488900280445,0.184944123902758,-0.303776234185855,-0.293511050002368,AdenomeraHylaedactylus
-0.101171207581282,0.0300398876772592,0.0491725166584979,0.250047880895469,AdenomeraAndre
0.0597944499772797,0.0046178367870694,-0.0006846267462454,0.0356791516342621,ScinaxRuber
0.293153948249992,0.153405397771348,-0.254806802201091,-0.326689811809977,AdenomeraHylaedactylus
0.37189195612417,0.206825243686393,-0.365393357564783,-0.310074904225531,AdenomeraHylaedactylus
-0.0977328103938763,0.0106637998034408,0.0484897488942146,0.23794488525186,AdenomeraAndre
0.227158475541907,0.200101812255524,-0.256662201590933,-0.322550497149677,AdenomeraHylaedactylus
0.322998045659085,0.19054690143532,-0.326838667394229,-0.175642911200365,AdenomeraHylaedactylus
0.312491369224571,0.159896574078575,-0.310857663292653,-0.324988774522414,AdenomeraHylaedactylus
0.366553807396561,0.199141975943601,-0.303676810937638,-0.231338583391133,AdenomeraHylaedactylus
0.0394418805447899,0.0199584807300367,0.0004989676314599,-0.0230710664065826,HypsiboasCordobae
0.0848624209851273,0.0249517294156681,-0.0606331587251376,0.007206772932032,ScinaxRuber
-0.0236089993959838,-0.0519506523673618,0.166309649779388,-0.0205895061446703,Ameeregatrivittata
0.411015815240666,0.14492226652955,-0.345804860353468,-0.348594807015128,AdenomeraHylaedactylus
0.394780725355737,0.169251607874661,-0.287984498133547,-0.376859160428422,AdenomeraHylaedactylus
0.0990884259819759,-0.0174293101656981,-0.0936768001896667,0.0590705992254217,HypsiboasCordobae
-0.103634307103056,0.0090579951089651,0.07364949943805,0.0896706390077819,AdenomeraAndre
0.199448207514952,0.174240652690581,-0.19899906885589,-0.198785866051201,AdenomeraHylaedactylus
-0.0881747976931026,-0.0040003834988124,-0.0012776180020031,0.137519674605701,AdenomeraAndre
0.435780301018396,0.180575456575321,-0.339718383593529,-0.27600183460845,AdenomeraHylaedactylus
0.343103212429231,0.288335288862036,-0.338815952266872,-0.338983726394899,AdenomeraHylaedactylus
-0.104600281743299,-0.229981796761396,0.210366390732609,-0.0550395412228873,HypsiboasCinerascens
0.109943855995769,0.0841541018252416,-0.0641219578491895,-0.0724701849442133,HypsiboasCordobae
0.0887060466056385,-0.0402951332481244,-0.0139982687709883,0.0246665605130035,OsteocephalusOophagus
-0.04057135766144,0.0405143494141163,-0.0730379188242175,0.129000654578096,Ameeregatrivittata
0.687579552307078,0.122237989907827,-0.234379931530331,-0.298246599774566,AdenomeraHylaedactylus
-0.0606219187147086,-0.0331973043968625,0.176520708505008,-0.0302689045292048,Ameeregatrivittata
0.344630245593509,0.236702533782566,-0.301227491789041,-0.26655661804348,AdenomeraHylaedactylus
0.552593147640334,0.117674454794823,-0.337875492491464,-0.378780928984611,AdenomeraHylaedactylus
-0.0721507908260369,-0.0624901318926968,0.201075189889901,-0.104394523698478,HypsiboasCinerascens
0.375880746193089,0.180911044669177,-0.25364124063493,-0.3610603724955,AdenomeraHylaedactylus
0.504365959900205,0.290344246341775,-0.414892093986131,-0.509746397141555,AdenomeraHylaedactylus
0.296016747401997,0.242619771891171,-0.259588571009634,-0.133873999551131,AdenomeraHylaedactylus
-0.126617689379177,-0.0171544781574373,0.160997982483833,0.0780637164832231,HylaMinuta
0.317519017986194,0.21913661849415,-0.276051911242802,-0.330964082849164,AdenomeraHylaedactylus
0.293279828914373,0.275584034244445,-0.316684720320315,-0.183357693488578,AdenomeraHylaedactylus
-0.398902579349094,-0.123498402207651,0.339347469692141,0.0260249186863705,HypsiboasCinerascens
-0.165765579912464,0.016620885051807,0.11104023872399,0.2018914849425,Ameeregatrivittata
0.343797900064582,0.219004734676814,-0.186409166882745,-0.342922782760848,AdenomeraHylaedactylus
0.0411289170538559,0.0302966949585183,0.012709539694042,-0.0665915943552004,ScinaxRuber
0.203769103895821,0.0306895177253366,-0.10623722262387,-0.360633093354319,HypsiboasCordobae
-0.22234927634748,0.0266760754932539,0.15277498381944,0.142976760940595,Ameeregatrivittata
-0.134072256720754,-0.0851313428925875,0.0222830339607005,0.0221054928847723,ScinaxRuber
0.287980637983891,0.195612947674678,-0.276892233194229,-0.221607906041884,AdenomeraHylaedactylus
0.0536321772034527,0.0312318567388685,-0.0804679248462474,0.0545449900519131,HypsiboasCordobae
0.203181010240335,-0.0197135741558663,-0.109539148998512,-0.0895620545313726,LeptodactylusFuscus
0.337979530432913,0.186274041249507,-0.184413302011697,-0.261726305725731,AdenomeraHylaedactylus
0.372577700477799,0.205664197436652,-0.257154372483448,-0.258032103688987,AdenomeraHylaedactylus
0.402087585120353,0.171337833972616,-0.275199848733969,-0.278835551062657,AdenomeraHylaedactylus
0.004535348217153,0.0019134861959305,-0.0748680188282244,0.081118465574635,HypsiboasCordobae
-0.129695385969731,0.034595591240069,0.0985853416250085,0.274446276686939,AdenomeraAndre
0.38787848110816,0.191668655733409,-0.251704430295655,-0.340875282021079,AdenomeraHylaedactylus
0.216972921347759,-0.113968880987477,-0.0523912518667613,-0.176580073916246,LeptodactylusFuscus
-0.0867612580001092,-0.0223376109996176,0.154087321842382,-0.0331823840967218,Ameeregatrivittata
0.438635648900069,0.254179652910534,-0.378550564160637,-0.244783452412646,AdenomeraHylaedactylus
-0.063423817161202,0.014391289253119,-0.104102616810961,0.192785395475177,Ameeregatrivittata
0.0807023687943024,-0.0131905262645044,0.124315470763066,0.0106372683608579,OsteocephalusOophagus
0.346415819854943,0.195153320587833,-0.291829189956065,-0.225062965041404,AdenomeraHylaedactylus
-0.0659139398747725,-0.0344506819666259,-0.0317643903282619,0.248982242558754,AdenomeraAndre
0.340425012748841,0.217389227450597,-0.218588423055003,-0.211676184948027,AdenomeraHylaedactylus
0.325987465468743,0.227045293748114,-0.353189451119856,-0.354367292106027,AdenomeraHylaedactylus
0.214710852028486,-0.206348201624628,-0.0372140495215589,-0.196049257687785,LeptodactylusFuscus
0.137462674558598,0.0079994001804777,-0.120082283516766,0.0099117142539925,ScinaxRuber
0.141024188820196,0.0434617373148711,0.0430868021273577,0.01174465212428,Ameeregatrivittata
0.393340999457274,0.0784366345581143,-0.297555043818159,-0.346006079772783,AdenomeraHylaedactylus
0.10694895530802,-0.0595904719258933,-0.124098159500167,0.0540130096858311,HypsiboasCordobae
0.430768586728832,0.20045875260373,-0.313089047275049,-0.356466406815755,AdenomeraHylaedactylus
0.410369159435896,0.192900779238406,-0.229564038942374,-0.371794537893915,AdenomeraHylaedactylus
0.337426936632563,0.219963955372274,-0.185718542292649,-0.231469136244343,AdenomeraHylaedactylus
0.0121960536451482,0.0041325295079243,0.0169031397109353,0.0519927513522265,Rhinellagranulosa
0.402494117070979,0.214166603591407,-0.213922328241293,-0.297906140452906,AdenomeraHylaedactylus
-0.279788012908833,0.0172146315642896,0.209588065339629,0.226536276030387,Ameeregatrivittata
-0.151896425534905,0.0536286370701543,0.159843600357171,0.16054306269057,Ameeregatrivittata
0.214809003054782,0.166779646126394,-0.22491122505967,-0.255660124655856,AdenomeraHylaedactylus
0.3867033356788,0.171062795335605,-0.209579000658829,-0.278515719306589,AdenomeraHylaedactylus
0.43084507601922,0.198914918922345,-0.285867446327833,-0.448627455030357,AdenomeraHylaedactylus
-0.140477328914052,-0.102835927585077,0.295590957662711,0.0968453253096081,AdenomeraAndre
0.380496146526435,0.215708012383293,-0.291862881642026,-0.352380170160272,AdenomeraHylaedactylus
0.402628211315658,0.250754209488696,-0.306343083967592,-0.263079099671392,AdenomeraHylaedactylus
-0.226705256781278,-0.185876184370134,0.157427376761064,-0.0203601340062252,HypsiboasCinerascens
0.137166097161676,-0.141337311756752,-0.0341912348510166,-0.106959439905621,HylaMinuta
0.115283415143798,0.0687791186430085,-0.0233279755929647,-0.0829800349104117,HypsiboasCordobae
-0.259990013712496,-0.0112271915984549,0.136483837040497,0.1420096416167,Ameeregatrivittata
-0.0457269670029804,-0.0392708381202362,-0.0679273897958097,0.217136332599044,AdenomeraAndre
-0.120286973059935,-0.0704652916552849,-0.0275049830293303,0.246443603551901,AdenomeraAndre
-0.148941294433682,-0.215011288183404,0.27714839066764,-0.0252370454311375,HypsiboasCinerascens
0.175723150808449,-0.183138637417846,-0.0454426757573357,-0.163421307662054,LeptodactylusFuscus
-0.123615803720788,0.0067442416309337,0.0089590673884184,0.328301103935564,AdenomeraAndre
0.296161396045443,0.156423137509509,-0.201989059213722,-0.276236156974163,AdenomeraHylaedactylus
0.276840854049161,0.147463876476337,-0.216212491974293,-0.255172516293582,AdenomeraHylaedactylus
-0.0016371024390844,-0.0740555415784763,-0.0338925661895382,-0.066878602906053,HylaMinuta
-0.103911228830952,-0.211180576900109,0.27623188776176,-0.0044940231502709,HypsiboasCinerascens
0.324844577945164,0.212731839840408,-0.261642307958263,-0.305113415723582,AdenomeraHylaedactylus
0.358267103742003,0.249799653296172,-0.216999872195449,-0.229129251491987,AdenomeraHylaedactylus
0.244450470028659,0.193757000568405,-0.21369510003833,-0.211103719296232,AdenomeraHylaedactylus
0.442138208219936,0.17729316324578,-0.221276135115439,-0.285491748674291,AdenomeraHylaedactylus
0.382534722359726,0.141210945823581,-0.228992644235377,-0.19006146352403,AdenomeraHylaedactylus
-0.0792079977920998,0.038195793972197,0.0174186294568201,0.256401660706423,AdenomeraAndre
0.336333456810892,0.212746393503195,-0.181373390526079,-0.343910961521798,AdenomeraHylaedactylus
0.29401789491392,0.251265527613741,-0.30884442854268,-0.3124432113174,AdenomeraHylaedactylus
0.343886880265621,0.189854089221888,-0.312064599736818,-0.265801030436858,AdenomeraHylaedactylus
0.177934715319358,0.159257610642423,-0.163025797481387,-0.159937566969107,AdenomeraHylaedactylus
0.36662501132321,0.182246489926311,-0.281424057671756,-0.314096917432223,AdenomeraHylaedactylus
0.349973687547011,0.136356542564137,-0.276969742719632,-0.295498484571915,AdenomeraHylaedactylus
-0.125984448218921,-0.002757041268746,0.290370352764302,-0.0713051961003877,AdenomeraAndre
0.416038477669591,0.205543126912572,-0.301411719620969,-0.398763043059484,AdenomeraHylaedactylus
0.19663438919263,0.134353328843513,-0.152844473407669,-0.167237529915955,AdenomeraHylaedactylus
-0.0720123053279584,-0.0456879290447198,0.157959817937592,0.0818167718258819,HylaMinuta
0.364302347646888,-0.0849084117024002,-0.150305353174245,-0.208467366882972,LeptodactylusFuscus
-0.26758053553922,0.0736084573741801,0.23226896055809,0.321407970283749,AdenomeraAndre
0.168216411827768,0.023809891119318,-0.0322956650072605,0.126434076961889,LeptodactylusFuscus
0.17784052052783,-0.227855748779844,-0.0787667698978269,-0.0705418192963558,Rhinellagranulosa
0.010056818471161,-0.0478981231739909,0.15148430709435,-0.0082131170492474,HypsiboasCinerascens
-0.0853703367441845,0.0486307567141732,0.0373343199066838,0.178694450364572,AdenomeraAndre
0.306263433897947,0.204046078656232,-0.246203888682489,-0.154503038372462,AdenomeraHylaedactylus
-0.0868990682127183,0.0042184301615236,-0.0701772982472744,0.200100615625121,Ameeregatrivittata
0.0901549744919433,-0.0592624104912875,-0.0745191654693845,-0.123116402065514,LeptodactylusFuscus
-0.0177722594127715,-0.350160514299868,0.0566246194883599,0.0629042947010133,HylaMinuta
0.0525242370045453,-0.0107283312525493,-0.107464036230299,0.0734143513749805,HypsiboasCordobae
0.300740232850022,0.136839487017331,-0.20322430102355,-0.312022402790322,AdenomeraHylaedactylus
0.248568472501451,0.135480403129319,-0.116068884753261,-0.143692489790902,AdenomeraHylaedactylus
-0.0716472500920018,0.213720737508031,0.260702754571806,0.0183873465774122,HypsiboasCordobae
-0.321228623767602,0.0232274324774524,0.321863654249611,0.323170727793026,AdenomeraAndre
0.399305738659932,0.158816576919831,-0.285638296711692,-0.232185878063569,AdenomeraHylaedactylus
-0.153278508045158,-0.161129547407717,0.213112346157151,0.056079080996343,HypsiboasCinerascens
-0.0156534553580274,0.103457332540745,0.176156361796252,-0.0847798817278827,Ameeregatrivittata
0.296839902708081,0.163707249324036,-0.146149726044078,-0.228936950129471,AdenomeraHylaedactylus
0.0182257000858649,0.0221396489866023,0.0379832643624328,0.0821677857600888,OsteocephalusOophagus
0.0757142794909784,0.0304248098283501,-0.141913098071551,0.0759242994984072,HypsiboasCordobae
0.246701773343621,0.124873618529179,-0.118242618867587,-0.197268326606299,HypsiboasCordobae
0.296771488857597,0.246418404441618,-0.255078819617121,-0.230261427480955,AdenomeraHylaedactylus
0.395016539824843,0.301910317610437,-0.310947009286534,-0.346742021675902,AdenomeraHylaedactylus
0.395181310478136,0.196776263627152,-0.308210010441562,-0.375231555226622,AdenomeraHylaedactylus
-0.0261615171801463,-0.0271520841659298,0.152812893893595,-0.112912573108159,HypsiboasCinerascens
0.236425912084437,0.138680684846113,-0.156160093382565,-0.195380883178006,AdenomeraHylaedactylus
0.278682451553213,0.219395284839992,-0.172176803265321,-0.255370943628864,AdenomeraHylaedactylus
0.3624435095532,0.191189696560974,-0.26348876584873,-0.382399830966033,AdenomeraHylaedactylus
-0.110393944347462,-0.0502626899899079,0.157445403490068,0.0592467583417245,HylaMinuta
-0.0076187242059955,-0.164256932689849,0.162300249124361,-0.0190976205962485,HypsiboasCinerascens
0.147086463288849,0.184843690032476,-0.105217247330474,-0.146725705796595,AdenomeraHylaedactylus
0.0077978678872953,0.0729810731247521,0.206044572785983,-0.180792579550353,Ameeregatrivittata
0.342175802807309,0.153845205302578,-0.330774658722434,-0.300831792229566,AdenomeraHylaedactylus
0.0854827758208544,-0.0681839239564504,-0.0792207067885005,-0.0682705558377156,HylaMinuta
0.281172966626625,0.232374154686254,-0.229438472081274,-0.305382884007361,AdenomeraHylaedactylus
0.345329054080343,0.204492216175635,-0.281167121141374,-0.235305407641812,AdenomeraHylaedactylus
-0.230822018835488,-0.0267283431203728,0.241922264153198,0.292405747916593,AdenomeraAndre
0.438382199560063,0.146670699199596,-0.261174952327704,-0.323736626789603,AdenomeraHylaedactylus
-0.104080661488478,0.0221040924575628,0.21938615445238,-0.0816035339232568,AdenomeraAndre
-0.324473621690628,-0.0100634123528089,0.0238093602820698,0.194117292735777,AdenomeraAndre
0.304056539021943,0.234193184800813,-0.264438787955347,-0.230092839024468,AdenomeraHylaedactylus
0.0505818719752298,-0.0534915534507469,-0.0174998033863582,-0.0414078890653366,HylaMinuta
0.329230447962497,0.185082427929808,-0.244580706519298,-0.303248283413215,AdenomeraHylaedactylus
-0.222189322078339,-0.23361584677961,0.294088357054599,0.0152809012880524,HypsiboasCinerascens
0.086519020191033,-0.0031888931447926,-0.0207245087824002,-0.0252441760619458,ScinaxRuber
0.341159672992204,0.192262404103468,-0.219982514447243,-0.17083377568239,AdenomeraHylaedactylus
-0.0721364911784863,0.0311709920180708,0.182612792881802,-0.160099294235508,Ameeregatrivittata
0.267747471221201,0.177886877042719,-0.149206314001381,-0.303930504990898,AdenomeraHylaedactylus
0.0766850821039258,0.0157166017121065,-0.0396375054232611,-0.0905716881210527,HypsiboasCordobae
0.131963042702091,0.157843368125159,-0.16193588187375,-0.159580258497403,AdenomeraHylaedactylus
-0.0815501794692361,0.0111971749080173,0.077900260760443,0.277315022279217,AdenomeraAndre
0.565738240852567,0.213412233015178,-0.296615250279539,-0.413874694871091,AdenomeraHylaedactylus
-0.112722674965847,-0.190481392103532,0.114358219713932,0.144607736345218,HylaMinuta
0.302851292574389,0.189560177513039,-0.252663437037541,-0.353582801173298,AdenomeraHylaedactylus
0.320436980103989,0.227447324384039,-0.28317828376501,-0.258842924187453,AdenomeraHylaedactylus
-0.252958244375769,-0.0536244303145235,0.518108752992623,0.0054257408888133,HypsiboasCinerascens
0.0858653168313882,0.132566447401985,-0.204682739805313,-0.107736779346541,HypsiboasCordobae
0.224811161129682,0.183587182493513,-0.172189768462562,-0.172440066756899,AdenomeraHylaedactylus
0.240533415791633,0.112489903086406,-0.165255459513467,-0.176161447530038,AdenomeraHylaedactylus
-0.177199039818541,0.0014359987876512,0.0554390554329364,0.0219052431624745,ScinaxRuber
0.342035449818576,0.100648708128417,-0.156744967778463,-0.260943772725623,AdenomeraHylaedactylus
0.377109214179353,0.10271064542718,-0.308680309837014,-0.305614812122357,AdenomeraHylaedactylus
-0.114686663308079,-0.179890828619305,0.255985766780377,0.0252662898930729,HypsiboasCinerascens
-0.121235832859642,0.037192651992385,-0.0368039707351816,0.167189735301922,AdenomeraAndre
0.266384991220366,0.238157515984878,-0.247790512759476,-0.234743344381908,AdenomeraHylaedactylus
0.310774276919628,0.197233524801833,-0.228930336015618,-0.203299394195334,AdenomeraHylaedactylus
-0.187354969465592,-0.106641936810918,0.0062028811604736,0.0468394777954787,ScinaxRuber
0.399374107353312,0.199459162110347,-0.31405085715289,-0.358746509135779,AdenomeraHylaedactylus
0.224783456574461,0.182219324216988,-0.227676319561931,-0.128382059189528,AdenomeraHylaedactylus
-0.530921910445986,0.2335931749127,0.423126963879426,0.447830249179741,AdenomeraAndre
0.321504712997773,0.134625340018113,-0.252229457608399,-0.317762196570475,AdenomeraHylaedactylus
-0.053997978411177,-0.0344005862045918,0.0083883522399811,0.156136886676533,AdenomeraAndre
0.225528544961929,0.238125202090612,-0.218702184001626,-0.208060286311605,AdenomeraHylaedactylus
-0.369239130547332,0.0197095151385489,0.307833204175162,0.255002515953534,HylaMinuta
0.296046895784631,0.198884391173664,-0.240078186075846,-0.292158208267321,AdenomeraHylaedactylus
-0.0968567677527561,-0.267796676633386,-0.142256056566503,0.163714705041774,HypsiboasCinerascens
0.262245901744061,0.230359913088944,-0.20115206495832,-0.201236158314397,AdenomeraHylaedactylus
-0.006610303108147,-0.0679418392473393,0.329841048412568,-0.052806334373691,AdenomeraAndre
0.0652403937299427,0.0580824392566301,-0.0209595118786515,-0.0790132108275316,HypsiboasCordobae
-0.126255996789553,-0.0734520269387987,0.221082827753207,-0.231867575991486,HypsiboasCinerascens
0.285213913187315,-0.114678475095119,-0.112864490685529,-0.238028040368059,LeptodactylusFuscus
-0.133561675212863,-0.0309245426315575,0.131109311072952,0.161813152679431,Ameeregatrivittata
-0.0819737432679098,-0.0414641605412251,-0.0236871617182381,0.167251605947988,AdenomeraAndre
0.212635087829481,0.181190137315018,-0.0888740458431412,-0.252549243870597,AdenomeraHylaedactylus
0.196831393917338,0.214377338120894,-0.225891311561299,-0.136663180371078,AdenomeraHylaedactylus
0.0666535372818662,0.0422784233545992,-0.0950592343713804,0.108615007872986,HypsiboasCordobae
-0.0156240837366562,0.0081323700828443,0.010248615666948,0.0576313099408477,HypsiboasCordobae
-0.0969469773498734,0.0063570908437985,0.0840240333056673,0.185210013971,AdenomeraAndre
-0.102440800202379,-0.0295016723930509,-0.0073142459295397,0.299454553241931,AdenomeraAndre
0.455949771156074,0.177654158467854,-0.329300086414501,-0.300932658872458,AdenomeraHylaedactylus
0.323112080769616,0.17088348291876,-0.256678978533052,-0.211458194835679,AdenomeraHylaedactylus
0.322445957082754,0.247740084238333,-0.281054480421948,-0.195406011139534,AdenomeraHylaedactylus
0.310126782800126,0.235132569617526,-0.223868501208502,-0.29483928036909,AdenomeraHylaedactylus
