alcohol,density,volatile acidity,free sulfur dioxide,qualitywhite
8.8,1.001,0.27,45.0,6
9.5,994.0,0.3,14.0,6
10.1,0.9951,0.28,30.0,6
9.9,0.9956,0.23,47.0,6
9.9,0.9956,0.23,47.0,6
10.1,0.9951,0.28,30.0,6
9.6,0.9949,0.32,30.0,6
8.8,1.001,0.27,45.0,6
9.5,994.0,0.3,14.0,6
11.0,0.9938,0.22,28.0,6
12.0,0.9908,0.27,11.0,5
9.7,0.9947,0.23,17.0,5
10.8,992.0,0.18,16.0,5
12.4,0.9912,0.16,48.0,7
9.7,1.0002,0.42,41.0,5
11.4,0.9914,0.17,28.0,7
9.6,0.9928,0.48,30.0,6
12.8,0.9892,0.66,29.0,8
11.3,0.9917,0.34,17.0,6
9.5,0.9955,0.31,34.0,5
12.8,0.9892,0.66,29.0,8
11.0,0.9912,0.31,19.0,7
10.5,993.0,0.26,41.0,8
9.3,0.9937,0.67,25.0,5
10.0,0.9951,0.27,16.0,6
10.4,0.9955,0.25,56.0,6
10.0,993.0,0.24,35.0,6
10.5,0.9961,0.28,32.0,6
11.6,0.9914,0.27,17.0,6
12.3,0.9906,0.32,37.0,7
10.0,0.9974,0.24,20.0,6
10.2,0.9934,0.14,7.0,6
10.8,992.0,0.25,31.0,6
9.0,0.9939,0.12,43.0,6
10.2,0.9962,0.27,22.0,5
12.8,0.9905,0.28,21.0,5
10.0,0.9934,0.39,25.0,5
11.2,0.9906,0.33,38.0,6
8.6,0.9999,0.24,45.0,5
8.6,0.9999,0.24,45.0,5
9.4,0.9937,0.23,63.0,6
9.4,0.9937,0.24,63.0,6
9.8,0.9954,0.31,28.0,6
9.5,0.9934,0.24,33.0,6
9.5,0.9934,0.23,33.0,6
10.0,0.9931,0.18,38.0,7
9.8,994.0,0.45,63.0,4
9.8,0.9939,0.46,62.0,5
9.8,0.9954,0.31,28.0,6
9.8,995.0,0.19,32.0,5
11.7,0.9917,0.19,31.0,6
11.0,0.9914,0.25,39.0,7
10.9,991.0,0.16,21.0,7
10.9,0.9911,0.18,39.0,6
9.1,993.0,0.2,38.0,6
11.0,0.9908,0.25,29.0,6
9.6,0.9962,0.21,37.0,6
8.9,0.9972,0.19,50.0,6
10.2,0.9931,0.38,25.0,6
9.9,0.9926,0.2,44.0,6
8.6,0.9951,0.22,30.0,6
8.9,0.9972,0.19,50.0,6
10.5,991.0,0.47,17.0,5
10.2,0.9931,0.38,25.0,6
10.3,0.9927,0.24,31.0,6
9.1,0.9934,0.35,29.0,5
12.6,0.9903,0.26,27.0,7
9.8,992.0,0.25,81.0,5
10.7,0.9926,0.23,30.0,8
9.5,0.9962,0.24,21.0,5
9.0,0.9956,0.27,48.0,6
9.5,0.9958,0.3,50.5,5
10.0,0.9964,0.27,31.0,5
9.1,0.9941,0.23,9.0,6
10.7,0.9926,0.23,30.0,8
9.5,0.9962,0.24,21.0,5
12.7,0.9898,0.18,31.0,7
12.0,0.9912,0.32,20.0,7
9.3,0.9961,0.18,26.0,5
9.0,0.9949,0.54,21.0,5
10.6,0.9929,0.22,34.0,6
9.2,0.9985,0.2,51.0,6
10.0,0.9946,0.34,47.0,5
9.5,0.9966,0.22,42.0,6
8.7,0.9974,0.43,54.0,5
8.7,0.9975,0.44,52.0,6
8.7,0.9974,0.39,55.0,6
9.7,0.9972,0.25,69.0,6
8.7,0.9974,0.43,54.0,5
8.7,0.9975,0.44,52.0,6
8.7,0.9974,0.39,55.0,6
9.0,0.9957,0.27,65.0,5
12.6,0.99,0.24,47.0,7
12.6,0.9899,0.21,48.0,7
11.5,0.9916,0.17,51.0,7
9.2,0.9969,0.26,62.0,6
8.8,0.9979,0.34,26.0,6
11.4,0.9913,265.0,15.0,7
10.1,0.9956,0.36,4.0,4
8.8,0.9979,0.34,26.0,6
9.1,0.9975,0.25,52.0,5
9.4,0.9962,0.12,64.0,5
9.4,997.0,0.21,55.0,5
9.0,1.0,305.0,44.0,5
9.1,0.9975,0.25,52.0,5
9.2,0.9974,0.13,34.0,6
9.4,0.9962,0.12,64.0,5
9.1,999.0,0.23,60.0,6
9.1,999.0,0.23,60.0,6
10.3,0.9927,0.33,37.0,5
8.8,0.9959,0.17,64.0,6
8.9,1.0,0.27,45.0,5
9.2,0.9982,0.31,68.0,5
9.1,0.9968,0.41,29.0,5
9.1,0.9968,0.41,29.0,5
9.7,994.0,485.0,8.0,4
11.3,0.9914,0.31,25.0,6
11.8,0.9911,0.14,16.0,6
9.2,0.9982,0.31,68.0,5
9.2,0.9982,0.32,57.0,5
10.2,0.9934,0.36,21.0,5
8.8,0.9984,0.24,42.0,5
9.7,0.9952,0.16,31.0,5
9.1,0.9952,0.19,14.0,6
9.8,0.9928,0.13,40.0,6
11.0,0.9912,0.19,63.0,6
10.5,994.0,0.39,29.0,5
9.7,0.9958,0.24,48.0,7
10.9,0.9924,0.3,47.0,7
10.9,0.9924,0.3,46.0,6
10.6,994.0,0.26,7.0,5
9.7,0.9958,0.24,48.0,7
9.0,0.9979,425.0,59.0,5
9.2,0.9982,0.24,46.0,5
8.9,0.9961,0.27,55.0,5
9.6,0.9979,0.27,44.0,5
10.7,992.0,0.23,36.0,6
8.7,0.9975,0.37,49.0,5
10.8,0.9917,0.19,30.0,7
11.8,0.9923,0.28,18.0,6
10.2,0.9927,0.31,20.0,5
8.7,0.9975,0.37,49.0,5
10.8,992.0,0.21,38.0,6
9.7,0.9947,0.21,24.0,6
11.2,0.9921,0.2,19.0,6
10.9,0.9905,255.0,37.0,6
10.1,0.9918,0.16,53.0,6
9.0,0.9951,595.0,15.0,4
12.0,0.9917,0.34,19.0,7
9.4,994.0,0.25,23.0,6
11.5,0.9934,0.22,46.0,7
9.9,0.9968,0.18,58.0,6
9.4,994.0,0.25,23.0,6
10.4,0.9919,0.18,41.0,5
9.7,0.9966,0.23,12.0,6
8.9,0.9979,0.24,48.0,6
8.9,0.9979,0.24,48.0,6
12.4,0.9898,0.32,38.0,7
12.1,0.9894,0.44,43.0,8
12.1,0.9894,0.44,43.0,8
12.4,0.9898,0.32,38.0,7
9.1,998.0,0.22,27.0,5
10.6,0.9932,0.36,14.0,5
8.9,0.9979,0.24,48.0,6
9.5,997.0,0.24,64.0,5
9.8,0.9972,0.23,72.0,5
9.6,0.9974,0.27,39.0,6
12.6,0.9896,0.46,25.0,7
9.3,0.9968,0.29,20.0,5
10.0,0.9958,0.42,5.0,5
12.7,0.9906,0.3,29.0,6
11.0,0.9917,0.19,17.0,6
11.4,0.9902,0.48,4.0,4
11.5,0.9918,0.22,31.0,7
10.2,999.0,0.27,33.0,5
11.4,0.9927,0.23,50.0,6
12.6,991.0,0.32,19.0,4
9.4,0.9972,0.23,57.0,5
8.7,0.9931,0.67,9.0,4
9.2,995.0,0.25,41.0,6
9.3,0.9951,0.33,42.0,6
9.2,0.9936,0.34,61.0,5
8.7,1.001,0.28,48.0,5
9.6,0.9979,0.27,64.0,6
9.3,997.0,0.26,64.0,5
9.3,0.9972,0.29,66.0,5
9.9,0.9954,0.24,49.0,6
11.0,0.9924,0.3,42.0,5
12.7,0.9906,0.53,26.0,8
8.9,0.9962,0.28,54.0,4
8.9,0.9962,0.28,55.0,6
8.7,1.001,0.28,48.0,5
11.4,0.9928,0.28,28.0,6
9.6,0.9942,0.15,34.0,5
9.1,0.9942,0.29,75.0,5
9.1,0.9942,0.3,76.0,6
9.1,0.9942,0.29,75.0,5
8.9,0.9961,0.26,54.0,5
8.8,998.0,0.32,52.0,5
8.9,0.9961,0.26,54.0,5
9.3,0.9984,0.27,55.0,5
8.8,998.0,0.32,52.0,5
9.6,0.9973,0.54,53.0,5
12.0,0.9949,0.26,39.0,6
10.2,0.9924,0.28,36.0,4
8.8,0.9972,0.21,45.0,5
9.2,0.9958,0.16,38.0,5
9.9,0.9968,0.44,20.0,4
10.2,0.9938,0.57,15.0,5
9.5,993.0,0.4,23.0,6
10.5,994.0,245.0,12.0,5
11.2,0.9918,0.18,35.0,7
9.2,0.9958,0.16,38.0,5
9.7,0.9944,0.13,31.0,6
11.1,0.9912,0.25,35.0,7
9.4,0.9961,0.26,55.0,5
11.0,0.9939,0.27,45.0,5
9.4,0.9961,0.26,55.0,5
9.4,0.9989,0.28,60.0,5
11.0,0.9938,0.23,43.0,5
11.0,0.9939,0.27,45.0,5
9.1,0.9971,685.0,33.0,6
11.1,0.9912,0.25,35.0,7
9.1,0.9936,0.19,33.0,6
10.4,0.9929,495.0,31.0,6
8.7,0.9998,0.24,39.0,5
9.7,0.9938,0.17,41.0,6
9.1,0.9969,0.25,66.0,6
9.7,0.9938,0.17,41.0,6
8.7,0.9998,0.24,39.0,5
8.9,0.9972,0.64,26.0,4
9.6,0.9976,0.28,38.0,6
9.5,0.9976,0.27,49.0,6
9.0,0.9979,0.23,55.0,6
9.0,0.9979,0.23,55.0,6
9.0,0.9979,0.23,55.0,6
9.0,0.9979,0.23,55.0,6
9.6,0.9972,0.52,54.0,6
11.1,0.9918,0.26,40.0,7
9.6,0.9982,0.25,28.0,6
8.7,0.9985,0.32,49.0,5
10.4,0.9944,0.31,23.0,5
11.4,0.9903,0.21,23.0,7
9.7,0.9934,0.24,64.5,6
8.7,0.9975,0.4,40.0,5
11.3,0.9923,0.18,20.0,6
12.6,0.99,0.21,26.0,7
10.9,0.9905,0.2,12.0,7
10.9,0.9905,0.19,12.0,7
10.0,996.0,0.41,18.0,5
10.0,0.9964,0.21,40.0,4
9.8,998.0,0.26,41.0,3
8.7,0.9975,0.4,40.0,5
11.7,0.9913,0.24,5.0,3
9.3,0.9932,0.24,37.0,6
9.6,0.9935,0.26,45.0,8
11.0,0.9927,0.35,8.0,7
11.0,0.9927,0.35,8.0,7
11.8,0.9912,0.23,23.0,6
11.4,0.9904,0.36,3.0,4
10.2,0.9939,115.0,36.0,6
8.9,0.9996,0.29,36.0,5
10.2,0.9944,0.28,15.0,5
9.6,0.9977,0.29,66.0,6
10.6,0.9912,0.24,22.0,6
8.9,0.9996,0.29,36.0,5
9.2,0.9965,0.32,32.0,6
9.7,0.9944,0.58,34.0,5
9.7,0.9945,585.0,34.0,6
9.7,0.9944,0.59,36.0,6
9.2,0.9965,0.32,32.0,6
9.7,0.9944,0.6,33.0,5
9.3,0.9972,0.25,44.0,5
9.0,0.9949,0.58,30.0,5
9.5,0.9966,0.29,59.0,5
9.8,0.9954,0.19,51.0,6
9.8,0.9954,0.2,50.0,6
10.6,0.9915,0.26,9.0,5
10.6,0.9919,0.32,14.0,4
12.4,0.9916,0.3,17.0,7
12.6,0.99,0.24,22.0,8
12.3,0.9909,0.31,36.0,8
10.5,0.9938,0.44,46.0,4
9.3,0.9982,0.34,51.0,5
8.8,0.9988,0.35,46.0,5
8.8,0.9961,0.32,47.0,5
9.7,0.9978,0.28,51.0,6
9.0,0.9979,0.23,49.0,7
9.0,0.9979,0.23,49.0,7
9.0,0.9979,0.23,49.0,7
9.0,0.9979,0.23,49.0,7
10.5,0.9945,0.15,53.0,6
9.1,1.0,0.28,53.0,5
9.8,0.9957,0.28,26.0,7
8.5,0.9968,0.59,34.0,3
9.4,0.9934,0.33,34.0,6
9.4,0.9976,0.39,33.0,5
11.2,0.9932,0.19,82.0,7
10.0,997.0,0.17,65.0,6
10.3,0.9923,0.17,27.0,6
10.8,0.9914,0.41,36.0,6
10.5,992.0,0.2,12.0,6
10.8,0.9914,0.41,36.0,6
11.1,0.9914,0.29,42.0,6
9.9,0.9949,0.41,41.0,6
9.9,0.9949,0.41,41.0,6
9.9,995.0,0.43,40.0,5
9.9,995.0,0.4,41.0,6
10.4,0.9927,0.33,30.0,7
10.4,0.9928,0.31,36.0,6
11.5,0.9917,0.36,16.0,7
12.5,0.9918,0.55,35.0,8
10.0,0.9954,0.25,37.0,6
10.0,0.9941,0.36,51.0,6
10.0,0.9941,0.34,50.0,5
9.1,0.9934,0.28,42.0,6
10.6,0.9927,0.25,34.0,6
10.5,0.9938,0.24,36.0,5
11.5,0.9933,0.3,19.0,7
10.1,0.9934,125.0,10.0,6
10.3,0.9927,0.1,15.0,7
10.5,0.9938,0.24,36.0,5
10.6,0.9927,0.25,34.0,6
10.4,0.9946,0.28,35.0,6
11.4,993.0,0.41,11.0,5
10.5,0.9946,0.27,131.0,5
10.0,0.9976,0.26,38.0,6
10.0,0.9944,0.34,37.0,6
9.6,0.9978,0.28,55.0,6
10.4,992.0,0.21,33.0,5
12.5,0.9912,0.32,34.0,8
10.6,0.9927,0.24,37.0,5
11.8,0.9906,0.23,16.0,6
9.8,0.9954,0.28,30.0,5
10.8,0.9923,0.26,12.0,5
11.8,0.9906,0.23,16.0,6
11.2,991.0,0.23,15.0,6
9.3,0.9972,0.27,55.0,6
10.4,0.9945,0.26,12.0,5
10.2,0.9934,0.18,49.0,7
9.0,0.9964,0.2,27.0,7
10.0,0.9948,0.24,17.0,6
9.1,0.9962,0.26,30.0,6
10.0,0.9931,0.31,46.0,5
10.0,993.0,0.29,47.0,6
9.6,0.9942,145.0,33.0,6
11.2,0.9906,0.34,20.0,7
8.8,0.9995,0.19,75.0,6
10.0,998.0,0.18,38.0,6
10.0,997.0,0.17,56.0,5
11.4,0.9914,0.12,47.0,7
11.9,992.0,0.33,32.0,7
9.6,0.9924,335.0,27.0,6
11.9,992.0,0.33,32.0,7
9.6,0.9937,0.4,38.5,6
9.0,0.9978,0.22,48.0,6
9.0,0.9978,0.22,48.0,6
9.5,0.9927,0.36,24.0,6
10.4,994.0,0.2,19.0,6
10.6,0.9935,0.24,43.0,6
10.2,0.9968,0.24,54.0,6
8.9,0.9941,365.0,24.0,5
9.7,0.9942,0.15,40.0,6
9.0,0.9978,0.22,48.0,6
11.4,0.9923,0.16,18.0,7
12.3,0.9912,0.26,29.0,7
10.8,0.9923,0.18,40.0,6
9.4,0.9927,0.33,39.0,6
10.6,0.9931,0.29,36.0,6
11.6,0.9941,0.39,26.0,5
9.4,0.9927,0.33,39.0,6
10.6,0.9931,0.29,36.0,6
10.0,0.9934,905.0,17.0,5
9.2,0.9936,0.27,30.0,6
12.5,0.9893,0.33,18.0,7
12.5,0.9893,0.33,18.0,7
10.4,0.9919,0.31,12.0,7
10.0,0.9924,0.2,21.0,7
10.0,0.9927,0.32,17.0,6
10.4,0.9919,0.31,12.0,7
10.0,0.9924,0.2,21.0,7
9.0,0.9975,0.28,48.0,6
9.2,0.9969,0.35,26.0,6
9.2,0.9936,0.27,30.0,6
11.3,991.0,0.36,20.0,7
12.5,0.9893,0.33,18.0,7
10.8,0.9906,0.17,24.0,7
10.1,0.9941,0.39,82.5,5
9.7,995.0,0.21,29.0,6
9.3,0.9983,0.3,60.0,7
9.3,0.9983,0.3,60.0,7
10.6,0.9916,0.36,13.0,5
10.2,0.9957,0.55,19.0,6
12.2,0.99,0.24,20.0,6
8.8,0.9976,0.37,62.0,5
10.0,992.0,0.27,87.0,5
11.4,0.9917,0.28,30.0,5
11.4,0.9917,0.2,35.0,6
9.4,0.9993,0.26,52.0,5
11.7,0.9908,0.19,32.0,6
11.4,0.9917,0.2,35.0,6
8.8,0.9976,0.37,62.0,5
9.2,0.9934,0.35,22.0,5
8.7,1.0,0.27,55.0,5
12.6,0.9918,0.22,33.0,6
10.0,992.0,0.27,87.0,5
12.8,0.9896,0.28,40.0,7
9.4,0.9932,0.49,13.0,5
10.3,992.0,0.14,26.0,6
11.4,0.9917,0.28,30.0,5
9.0,0.9999,0.25,42.0,6
9.6,998.0,0.28,38.0,6
10.5,0.9918,0.19,32.0,5
10.5,0.9918,0.19,32.0,5
9.0,0.9999,0.25,42.0,6
9.6,998.0,0.28,38.0,6
9.8,0.9927,0.21,27.0,6
9.0,0.9959,0.26,57.0,5
9.8,0.9927,0.21,27.0,6
10.5,0.9929,0.31,33.0,6
12.7,0.9898,0.22,41.0,7
10.4,0.9954,0.21,37.0,6
10.4,0.9954,0.21,37.0,6
10.4,0.9954,0.21,37.0,6
10.5,0.9954,0.23,47.0,7
10.4,0.9954,0.21,37.0,6
10.4,0.9954,0.21,37.0,6
9.4,0.9974,0.29,48.0,5
9.1,0.9936,0.21,20.0,5
9.3,0.9978,0.31,54.0,5
9.4,0.9974,0.29,48.0,5
9.8,0.9927,0.34,19.0,5
9.9,0.9934,155.0,73.5,7
9.2,0.9938,0.55,16.0,4
12.1,0.9922,0.23,31.0,8
12.2,992.0,0.2,24.0,7
9.8,0.9935,0.28,23.0,5
12.4,0.9906,0.16,49.0,8
9.9,0.9934,155.0,73.5,7
9.2,0.9934,0.35,23.0,5
11.6,0.9913,0.22,24.0,7
10.4,0.9938,0.38,25.0,6
12.9,0.9898,0.25,54.0,8
9.3,0.9975,0.52,54.0,6
11.0,0.9975,0.24,40.0,6
11.5,0.9937,0.32,16.0,3
12.4,0.9914,0.28,30.0,5
9.8,0.9982,0.41,24.0,6
9.8,0.9982,0.41,24.0,6
10.5,0.9929,0.28,34.0,7
9.1,0.9971,0.6,21.0,5
10.1,0.9921,0.2,34.0,5
10.6,0.9931,0.46,27.0,7
10.5,0.9924,0.27,32.0,7
10.5,0.9929,0.28,34.0,7
9.8,0.9982,0.41,24.0,6
12.9,0.9892,0.23,11.0,7
9.5,0.9956,0.21,26.0,5
9.8,0.9924,0.37,31.0,6
8.5,0.9971,0.43,83.0,5
9.5,0.9956,0.21,26.0,5
9.3,0.9982,0.25,40.0,5
9.5,0.9973,0.25,50.0,5
9.4,0.9932,0.32,15.0,6
8.7,0.9976,0.39,66.0,5
8.9,0.9962,0.21,34.0,5
9.4,0.9956,0.14,54.0,6
9.4,0.9932,0.32,15.0,6
8.7,0.9976,0.39,66.0,5
9.6,0.9992,0.29,59.0,5
9.3,0.9983,0.37,21.0,6
10.0,0.9937,0.38,34.0,5
12.5,0.99,0.24,19.0,6
9.6,0.9944,0.17,34.0,7
9.4,0.9938,0.16,30.0,6
9.5,0.9965,0.24,55.0,5
12.4,0.9893,0.28,42.0,7
10.5,0.9927,0.22,29.0,6
9.2,994.0,0.55,21.0,6
10.4,0.9928,0.22,67.0,6
9.2,0.9964,0.47,31.0,5
10.6,0.9917,0.36,45.0,6
9.5,0.9972,0.25,41.0,5
9.2,0.9964,0.47,31.0,5
9.6,0.9954,0.37,79.0,5
9.7,993.0,0.18,36.0,6
9.7,0.9928,0.16,43.0,6
10.7,0.9916,0.34,32.0,6
10.5,0.9936,0.29,53.0,6
8.9,0.9962,0.26,52.0,6
12.1,0.9899,0.28,8.0,6
12.7,0.9898,0.23,12.0,7
9.9,996.0,0.19,42.0,6
11.4,0.9907,0.19,28.0,6
10.7,994.0,0.2,27.0,6
12.5,0.9913,0.44,28.0,6
8.6,0.9976,0.4,70.0,4
12.5,0.9904,0.23,43.0,6
10.0,992.0,335.0,13.0,5
8.6,0.9976,0.4,70.0,4
9.5,999.0,0.28,54.0,6
9.6,0.9975,0.19,51.0,6
9.9,0.9937,0.3,8.0,6
9.9,0.9937,0.3,8.0,5
8.9,998.0,0.18,46.0,6
8.9,998.0,0.18,46.0,6
8.8,0.9944,0.51,7.0,5
10.0,0.9938,0.24,40.0,7
12.0,0.9907,0.62,55.0,6
10.0,0.9938,0.24,40.0,7
10.0,0.9921,0.27,62.0,6
12.1,0.9908,0.34,8.0,6
11.0,0.9931,0.26,31.0,6
11.2,0.9915,0.36,27.0,6
10.3,0.9952,0.28,34.0,7
10.4,0.9926,0.31,28.0,6
9.1,0.9934,0.18,47.0,5
10.4,992.0,0.15,49.0,6
10.8,0.9918,0.13,20.0,6
11.7,0.9942,0.34,7.0,5
9.8,0.9942,0.19,8.0,5
9.8,0.9942,0.19,8.0,5
11.4,0.9901,0.25,22.0,6
11.2,0.9898,0.36,22.0,6
11.4,0.9902,0.35,6.0,5
9.2,0.9934,0.32,24.0,6
12.5,0.9906,0.31,3.0,4
12.6,0.9898,0.28,32.0,6
12.2,0.9896,0.36,24.0,6
11.2,0.9922,0.19,19.0,6
9.7,0.9947,0.1,31.0,6
9.3,0.9945,0.18,64.0,5
9.0,0.9976,0.25,53.0,6
9.0,0.9976,0.25,53.0,6
9.0,0.9976,0.25,53.0,6
9.1,0.9987,345.0,54.0,5
9.1,0.9987,345.0,54.0,5
9.0,0.9976,0.25,53.0,6
10.4,992.0,0.24,22.0,5
9.5,0.9955,0.25,41.0,6
11.4,0.9953,0.31,10.0,4
8.7,0.9976,0.46,76.0,5
9.9,992.0,0.35,14.0,6
9.9,0.9952,0.24,29.0,6
9.0,0.9983,0.28,49.0,6
10.0,0.9933,0.16,41.0,6
9.7,0.9958,0.26,38.0,6
11.8,0.9922,0.22,10.0,6
10.2,0.9928,0.18,30.0,7
8.7,0.9976,0.46,76.0,5
9.6,0.9976,0.3,40.0,7
11.3,0.9916,0.25,31.0,7
12.1,0.9901,0.28,32.0,7
9.6,0.9976,0.3,40.0,7
12.1,0.9901,0.28,32.0,7
11.3,0.9916,0.25,31.0,7
9.4,0.9982,0.35,22.0,5
10.4,993.0,0.41,16.0,6
9.5,0.9969,0.21,53.0,5
12.3,991.0,0.34,51.0,6
9.9,0.9953,0.21,31.0,7
10.1,0.9924,0.37,39.0,5
9.2,0.9969,0.34,39.0,6
10.4,0.9928,0.3,16.0,7
9.1,0.9945,0.51,38.0,5
10.0,0.9967,0.22,28.0,6
11.5,0.9944,0.35,6.0,6
9.8,0.9928,0.26,59.0,5
9.8,0.9929,0.26,61.0,6
9.4,0.9948,0.28,44.0,6
8.7,0.9976,0.41,77.0,5
11.6,0.9912,0.28,26.0,7
8.8,0.9987,0.34,44.0,5
12.7,0.99,0.2,49.0,7
11.7,991.0,0.2,39.0,7
10.2,0.9933,0.22,47.0,6
10.2,0.9933,0.23,47.0,6
12.7,0.9899,0.22,48.0,7
11.6,0.9912,0.28,26.0,7
12.3,0.9912,0.38,42.0,7
8.7,0.9976,0.41,77.0,5
9.4,994.0,0.18,25.0,5
10.1,0.9947,0.3,44.0,6
9.7,0.9954,0.24,26.0,6
10.1,993.0,0.25,32.0,7
9.7,0.9954,0.24,26.0,6
8.9,0.9963,0.26,38.0,6
10.8,992.0,0.32,37.0,7
10.8,0.9926,0.28,42.0,7
9.5,995.0,0.23,25.0,6
9.1,0.9983,0.31,6.0,5
10.9,992.0,0.2,48.0,6
9.4,0.9968,0.41,28.0,5
10.8,0.9905,0.45,10.0,5
10.8,0.9904,475.0,9.0,5
10.5,0.9926,0.27,7.0,7
9.4,0.9968,0.41,28.0,5
10.8,0.9928,0.29,26.0,6
10.5,0.9949,0.27,31.0,8
11.5,0.9909,0.19,14.0,7
9.4,0.9937,0.3,36.0,6
10.8,0.9914,0.24,31.0,6
10.8,0.9905,0.45,10.0,5
10.8,0.9904,475.0,9.0,5
9.8,0.9924,0.26,34.0,6
9.8,0.9924,0.26,34.0,6
9.6,0.9965,0.25,38.0,5
9.6,0.9965,0.25,38.0,5
9.5,0.9993,0.28,48.0,5
10.7,0.9965,0.37,12.0,6
12.4,0.9908,0.36,29.0,8
11.1,992.0,0.24,9.0,6
8.8,0.9978,0.23,37.0,5
8.7,0.9978,0.21,38.0,5
8.7,0.9978,0.21,38.0,5
8.8,0.9978,0.23,37.0,5
11.7,0.9912,0.32,18.0,7
10.9,0.9928,0.26,52.0,6
10.8,0.9928,0.24,52.0,6
9.6,993.0,0.19,33.0,6
9.0,0.9993,0.46,59.0,5
9.0,0.9965,0.26,50.0,5
10.4,0.9937,0.32,22.0,6
11.4,0.9913,0.24,3.0,5
9.3,0.9934,0.36,27.0,5
11.0,0.9952,0.24,49.0,8
9.1,0.9983,0.56,22.0,4
9.4,0.9957,0.32,31.0,6
9.4,0.9957,0.32,31.0,6
10.5,0.9916,0.31,23.0,6
8.8,0.9999,0.23,35.0,5
8.8,0.9999,0.23,35.0,5
10.7,0.9936,0.24,16.0,6
9.5,0.9972,0.29,45.0,5
10.9,0.9933,0.17,46.0,6
10.8,0.9934,0.14,34.0,6
10.8,0.9931,0.17,39.0,7
9.2,0.9976,0.28,25.0,5
10.3,0.9937,0.35,48.0,5
10.3,0.9937,335.0,49.0,5
11.0,991.0,235.0,33.0,7
9.0,0.9979,0.28,34.0,4
10.4,0.9971,0.21,68.0,6
9.5,0.9969,0.24,34.0,5
9.5,0.9968,0.24,32.0,5
9.0,0.9961,0.26,44.0,5
9.5,993.0,0.33,7.0,4
9.0,0.9973,105.0,57.0,6
10.0,0.9944,0.32,34.0,5
9.1,0.9986,0.26,35.0,7
9.1,0.9986,0.26,35.0,7
9.1,0.9986,0.26,35.0,7
9.1,0.9986,0.26,35.0,7
9.5,0.9972,0.24,34.0,6
11.4,0.9917,0.21,70.0,7
12.2,992.0,0.27,30.0,6
11.3,0.9932,0.27,27.0,6
10.2,0.9936,0.34,14.0,5
11.3,0.9915,0.27,41.0,5
10.0,0.9922,0.29,122.5,4
9.4,0.9934,0.28,12.0,5
12.2,0.9952,0.25,47.0,7
9.2,0.9972,0.57,23.0,4
9.4,0.9934,0.28,12.0,5
9.6,0.9958,0.17,49.0,6
9.5,0.9944,0.28,24.0,5
12.5,0.9908,0.22,38.0,6
9.6,0.9958,0.17,49.0,6
10.0,0.9925,0.14,37.0,6
9.3,0.9966,0.24,60.0,5
9.3,0.9972,0.42,34.0,6
11.6,0.9912,0.28,22.0,6
12.5,995.0,0.32,46.0,8
10.6,0.9928,0.31,18.0,6
9.4,0.9968,0.32,57.0,5
9.1,0.9955,0.28,44.0,6
9.0,0.9981,0.29,48.0,6
11.8,991.0,0.32,23.0,7
11.8,991.0,0.32,23.0,7
11.8,991.0,0.32,23.0,7
10.0,992.0,0.28,64.0,5
9.7,0.9931,0.34,12.0,5
9.5,997.0,0.25,30.0,6
9.4,0.9948,0.27,61.0,5
11.2,0.9923,0.46,50.0,5
9.0,0.9976,0.36,54.0,5
10.7,0.9938,0.22,21.0,7
9.0,0.9984,0.67,22.0,4
9.1,0.9972,0.28,61.0,6
10.8,0.9922,0.17,34.0,7
10.1,0.9935,0.2,25.0,4
9.9,0.9944,0.36,36.0,6
9.8,0.9942,0.36,36.0,5
9.8,0.9944,0.37,34.0,5
9.5,0.9997,0.29,51.0,6
9.5,0.9977,0.34,49.0,5
11.1,0.9912,0.19,22.0,6
9.5,0.9982,0.31,62.0,5
9.5,0.9982,0.31,62.0,5
9.4,0.9983,0.31,62.0,5
9.7,998.0,0.4,29.0,5
13.9,0.9894,0.34,19.0,7
10.1,0.9927,0.38,20.0,4
10.5,0.9917,0.33,30.0,6
12.6,0.9904,0.25,18.0,6
10.9,993.0,0.27,13.0,5
10.0,0.9941,0.31,50.0,5
11.2,0.9943,0.18,57.0,6
10.0,0.99855,0.2,44.0,6
9.2,0.99345,0.47,13.0,5
9.5,998.0,0.25,51.0,5
12.3,0.9916,0.27,31.0,6
12.3,0.9916,0.27,31.0,6
10.0,0.99475,0.31,57.0,5
10.8,0.99325,0.39,39.0,6
10.5,0.9933,0.21,41.0,7
9.2,0.9969,0.42,22.0,6
9.1,1.0002,0.27,34.0,5
10.5,0.9933,0.21,41.0,7
10.2,0.9937,0.29,35.0,7
8.9,0.99685,0.29,62.0,5
10.4,0.99455,0.3,15.0,5
11.7,0.9917,0.31,23.0,6
12.4,0.99035,0.33,29.0,8
10.9,0.9914,0.3,23.0,7
10.2,0.99225,0.39,35.0,5
11.7,0.99155,0.24,41.0,7
9.4,0.9954,0.21,19.0,5
10.5,0.99455,0.16,42.0,5
9.4,0.9924,0.33,12.0,5
10.4,0.99695,0.23,25.0,6
9.5,0.99655,0.25,78.0,6
11.1,0.9934,0.28,14.0,7
9.1,998.0,0.25,40.0,6
9.2,0.9971,0.38,28.0,5
9.6,0.9948,0.25,15.0,6
9.1,998.0,0.25,40.0,6
9.2,0.9971,0.38,28.0,5
10.8,0.99215,0.21,40.0,7
9.6,0.9948,0.25,15.0,6
12.6,0.9915,0.39,5.0,3
11.0,0.99115,0.2,21.0,6
10.2,0.9932,0.2,26.0,6
9.4,0.9977,0.26,38.0,5
10.0,0.99535,0.38,24.0,5
12.2,0.99165,0.2,34.0,6
10.5,0.9953,0.21,31.0,6
11.5,0.9928,0.29,56.0,6
9.8,0.9958,0.18,44.0,6
11.4,0.9928,0.3,51.0,6
11.5,0.9928,0.29,56.0,6
10.2,0.9964,0.2,78.0,6
9.4,0.9987,0.2,83.0,6
10.5,0.9953,0.21,31.0,6
9.1,0.9932,0.35,14.0,5
12.2,0.9907,0.28,32.0,7
9.5,0.99755,0.25,45.0,5
9.3,0.99935,0.22,68.0,6
9.8,0.9932,0.14,55.0,7
9.8,0.9932,0.13,54.0,7
9.8,0.9958,0.18,44.0,6
9.8,0.99585,0.2,42.0,6
8.7,1.00055,0.24,55.0,5
10.2,0.9985,0.44,38.0,6
9.5,0.99505,0.3,36.0,6
11.0,992.0,0.27,35.0,6
9.2,0.9988,0.5,81.0,5
10.9,0.99175,0.2,7.0,6
9.3,0.9962,0.11,41.0,7
9.3,0.9962,0.11,41.0,7
9.8,0.9942,0.12,29.0,7
9.3,0.9927,0.16,58.0,7
9.3,0.9927,0.21,61.0,7
9.4,0.99985,0.27,49.0,5
10.4,997.0,0.27,28.0,9
12.1,0.9918,225.0,29.0,6
11.0,0.99215,0.14,18.0,6
9.0,0.99865,0.23,47.0,5
9.5,0.9992,0.22,59.0,7
8.8,1.0006,0.17,43.0,8
11.2,0.99135,395.0,7.0,4
9.3,0.99715,0.29,44.0,6
9.5,0.9992,0.22,59.0,7
8.8,1.0006,0.17,43.0,8
9.0,0.99865,0.23,47.0,5
9.3,0.99815,0.3,31.0,6
9.2,0.99815,0.34,31.0,6
9.2,0.99815,0.34,31.0,6
10.0,0.9949,0.34,26.0,7
9.3,0.99815,0.3,31.0,6
9.2,0.99815,0.34,31.0,6
10.9,0.99225,0.24,28.0,7
10.0,0.99445,0.46,34.0,5
10.9,0.99225,0.24,28.0,7
9.3,0.99335,0.32,38.0,5
9.0,0.99625,0.31,37.0,5
9.2,0.9971,0.42,42.0,6
9.6,0.9983,0.24,47.0,6
9.4,0.99445,0.18,30.0,6
11.1,0.99085,0.18,14.0,8
8.9,0.9977,0.27,44.0,6
9.3,0.9953,0.28,61.0,5
9.3,0.99775,0.39,57.0,5
9.8,0.99795,0.21,46.0,7
9.8,0.99505,0.32,24.0,6
8.9,0.9977,0.27,44.0,6
9.6,0.9975,0.31,57.0,5
9.6,0.99745,0.29,55.0,6
9.0,0.9976,0.39,65.0,6
9.5,0.99775,0.3,57.0,6
9.3,0.9953,0.28,61.0,5
9.2,0.9932,0.41,17.0,6
9.1,0.99405,0.35,9.0,7
9.5,1.0,0.26,44.0,6
10.5,0.99785,0.35,44.0,6
9.0,0.9939,0.3,24.0,5
11.7,0.9939,0.18,7.0,5
9.1,0.99675,0.56,27.0,5
9.0,0.9939,0.3,24.0,5
9.1,0.99675,0.56,27.0,5
12.4,0.98965,0.36,24.0,9
9.2,0.9971,655.0,28.0,6
9.4,0.99445,0.18,34.0,5
9.6,0.9945,0.19,36.0,6
11.7,0.9939,0.18,7.0,5
9.8,0.9958,0.21,36.0,6
10.2,0.9956,0.25,24.0,6
12.5,0.99055,0.24,27.0,9
10.9,0.9959,0.16,20.0,7
11.0,0.9925,0.16,21.0,7
10.5,0.9963,205.0,34.0,6
11.5,0.9935,0.17,34.0,4
12.8,0.99105,0.3,34.0,8
12.2,0.99045,0.25,27.0,6
10.5,0.9963,205.0,34.0,6
12.8,0.99155,0.42,34.0,8
11.9,0.99085,0.25,30.0,8
11.9,0.99085,0.25,30.0,8
11.9,0.99085,0.25,30.0,8
12.0,0.9924,0.34,12.0,7
12.0,0.9924,0.33,12.0,7
8.8,0.99975,0.23,35.0,7
8.8,0.99975,0.23,35.0,7
10.8,0.99315,0.19,33.0,7
11.0,0.9917,0.21,29.0,8
11.0,0.9917,0.21,29.0,8
9.3,0.99845,0.22,62.0,5
10.8,0.9921,0.34,17.0,5
8.8,0.99975,0.23,35.0,7
11.5,0.9909,0.2,30.0,6
10.8,0.99315,0.19,33.0,7
9.4,0.99855,0.38,58.0,5
9.5,0.9934,0.18,40.0,7
8.6,0.9978,0.34,41.0,5
9.5,0.9934,0.18,40.0,7
10.3,0.9949,0.2,30.0,7
9.4,0.99855,0.38,58.0,5
9.4,0.9986,0.4,59.0,5
10.0,0.99725,0.22,60.0,7
9.4,0.9946,0.3,60.0,5
10.4,0.99255,0.27,38.0,8
9.1,0.9996,0.25,57.0,7
9.9,0.9939,0.34,33.0,6
12.1,0.99,0.28,24.0,6
9.9,0.9937,0.33,34.0,5
12.5,0.9886,0.27,26.0,6
9.5,0.9934,0.18,40.0,7
8.5,1.0,0.18,41.0,8
9.0,0.9994,0.28,49.0,7
10.1,0.9926,0.24,37.0,6
9.4,0.9956,0.45,11.0,5
8.6,0.9978,0.34,41.0,5
10.7,0.9915,0.26,24.0,6
9.6,0.9939,0.17,5.0,3
10.1,0.9932,0.15,10.0,5
10.0,993.0,0.21,28.0,7
12.7,0.9898,0.36,57.0,9
10.2,0.9921,0.28,33.0,6
8.9,0.9932,0.16,37.0,6
11.9,0.9919,0.12,18.0,8
10.0,993.0,0.21,28.0,7
9.9,0.9953,0.36,9.0,6
11.5,0.9928,0.26,22.0,6
11.5,0.9928,0.26,22.0,6
9.8,0.9976,0.23,38.0,6
12.2,0.9906,0.34,20.0,7
11.4,0.9918,0.26,39.0,6
11.0,0.99185,0.3,34.0,7
11.4,0.9918,0.26,39.0,6
11.0,0.99185,0.3,34.0,7
9.9,994.0,0.31,43.0,6
11.0,0.9908,0.26,40.0,7
9.4,0.9928,0.26,38.0,5
12.2,0.9896,0.31,33.0,7
11.0,0.9908,0.26,40.0,7
10.3,0.9918,0.19,17.0,6
10.5,0.9952,0.18,52.0,6
10.5,0.9923,0.29,12.0,6
10.9,0.9915,0.26,13.0,6
10.5,0.9952,0.18,52.0,6
11.0,0.9947,0.2,30.0,7
9.7,0.9983,0.29,26.0,6
8.9,0.9975,0.28,63.0,5
9.6,995.0,0.31,60.0,6
8.8,0.9944,0.21,49.0,8
11.1,994.0,0.19,9.0,4
10.3,0.9944,0.27,8.0,4
12.2,0.9908,0.25,30.0,8
9.8,0.99795,0.23,23.0,4
8.8,0.9985,0.24,46.0,5
9.9,0.99425,0.33,24.0,5
9.9,0.99425,0.33,22.0,5
9.9,0.9943,0.34,22.0,5
9.2,0.9924,0.29,11.0,5
9.5,0.9946,0.32,11.5,4
9.2,0.9924,0.29,11.0,5
10.3,995.0,0.13,36.0,7
11.0,0.9919,0.3,23.0,6
11.9,0.99,0.24,27.0,6
10.2,0.9923,0.18,20.0,7
9.4,0.9956,0.11,59.0,7
8.9,0.9978,0.32,56.0,6
8.9,0.9978,0.32,56.0,6
10.0,0.9967,0.26,69.0,6
10.7,0.9934,0.28,50.0,8
9.8,0.9936,0.27,13.0,5
9.3,0.9932,595.0,26.0,5
9.5,0.9934,0.25,52.0,7
10.0,998.0,0.25,47.0,5
9.0,0.9978,0.36,42.0,5
11.9,0.9929,0.17,21.0,7
8.9,0.9974,0.26,64.0,5
10.0,0.99685,0.26,80.0,6
9.6,0.99495,0.29,58.0,5
8.9,0.99745,0.28,64.0,5
8.9,0.99505,0.27,61.0,5
11.4,992.0,0.43,10.0,5
9.0,0.9978,0.36,42.0,5
10.0,0.9956,0.35,56.0,6
9.6,0.9982,0.24,39.0,7
9.7,0.99485,0.34,40.0,5
9.5,0.9971,0.27,61.0,6
10.0,0.99265,415.0,27.0,7
12.2,0.9904,0.48,31.0,7
8.7,0.9965,0.18,16.0,7
10.2,0.9946,0.15,28.0,7
9.6,0.99965,345.0,55.0,5
10.0,0.9935,0.16,24.0,5
9.5,996.0,705.0,10.0,4
11.5,0.9942,0.25,8.0,5
9.5,0.9936,345.0,15.0,5
9.8,0.9965,0.22,26.0,6
10.1,0.9928,0.17,14.0,6
10.0,0.9928,0.23,39.0,5
9.8,0.9965,0.22,26.0,6
9.5,0.9936,345.0,15.0,5
9.5,0.9938,0.32,13.0,5
10.2,0.9926,0.23,25.0,7
10.2,0.9926,0.2,25.0,7
9.0,0.9983,0.24,38.0,6
9.0,0.9983,0.24,38.0,6
12.3,992.0,0.42,34.0,7
9.0,0.9983,0.24,38.0,6
11.6,0.9923,0.19,23.0,6
9.5,0.9972,0.26,36.0,6
11.5,0.9928,0.23,14.0,5
9.6,0.9928,0.34,43.0,6
9.0,0.9994,0.22,38.0,6
12.0,991.0,0.08,23.0,7
11.4,0.9906,0.42,18.0,7
12.3,0.9894,0.42,25.0,7
12.6,0.9898,0.27,24.0,7
9.0,0.9994,0.22,38.0,6
12.0,991.0,0.08,23.0,7
11.7,0.9925,0.13,14.0,6
9.2,0.9956,0.3,22.0,5
10.3,0.9946,0.13,47.0,6
8.6,0.9966,0.14,53.0,5
10.7,0.9951,0.28,32.0,7
9.8,0.9927,0.2,10.0,5
9.8,0.9927,0.19,9.0,6
10.7,0.9951,0.28,32.0,7
12.5,0.9894,0.39,15.0,6
11.9,0.9907,0.36,21.0,6
10.8,0.9925,0.19,63.0,5
10.5,0.9928,0.41,29.0,6
10.3,0.9941,0.28,44.0,6
10.3,0.9941,0.3,45.0,6
10.8,0.9925,0.19,63.0,5
12.0,0.9935,0.28,8.0,7
10.2,0.9932,0.16,41.0,6
10.2,0.9944,0.26,7.0,4
9.9,0.9972,0.25,75.0,5
10.1,994.0,0.24,9.0,4
9.5,0.9956,0.18,24.0,6
10.5,0.9927,0.27,27.0,6
10.4,0.9924,0.26,6.0,5
9.5,0.9966,0.24,33.0,6
9.2,0.9997,0.24,43.0,6
10.1,0.9936,0.21,47.0,7
9.8,0.9936,0.19,16.0,7
9.4,0.9952,0.28,61.0,5
9.4,0.9952,0.28,60.0,6
10.4,0.9928,0.24,18.0,7
11.3,0.9911,0.36,40.0,6
10.8,993.0,0.18,18.0,6
11.3,0.9911,0.36,40.0,6
9.3,0.9932,0.52,30.0,5
10.3,993.0,0.22,45.0,7
10.5,993.0,0.15,32.0,6
10.3,0.9932,0.16,25.0,6
11.2,0.9932,0.16,60.0,7
10.3,0.9943,0.16,31.0,6
9.5,0.9968,0.25,62.0,5
8.9,0.9994,0.16,63.0,5
10.2,0.9926,0.39,19.0,5
9.2,0.9968,0.37,44.0,5
10.3,0.9932,0.16,25.0,6
10.5,0.9916,0.18,47.0,6
9.5,0.9946,0.14,56.0,6
11.4,0.9925,0.2,35.0,7
11.4,0.9925,0.2,35.0,7
11.1,0.9935,0.19,54.0,8
10.5,0.9962,0.19,48.0,6
12.0,0.9928,0.34,23.0,6
9.7,993.0,0.15,38.0,6
10.2,993.0,0.14,47.0,6
9.5,0.9956,0.55,13.0,4
10.4,0.9941,0.24,51.0,7
9.3,0.9972,0.6,50.0,4
10.5,0.9948,0.2,24.0,6
10.0,0.9955,0.34,45.0,6
10.2,0.9972,0.3,44.5,6
10.2,0.9972,0.3,44.5,6
9.1,0.9983,0.64,33.0,3
10.2,0.9942,0.17,39.0,6
10.7,0.9936,0.17,18.0,5
9.7,0.9956,0.47,11.0,5
9.3,0.9953,0.15,33.0,7
11.0,0.9918,0.17,13.0,5
10.8,995.0,0.68,17.0,4
10.7,992.0,275.0,19.0,5
10.7,0.9952,0.49,18.0,4
8.8,1.001,0.33,55.0,5
10.9,0.9924,0.21,23.0,7
10.5,0.9932,0.15,24.0,5
10.0,0.9937,0.19,23.0,5
10.4,0.9918,0.31,5.0,5
9.2,0.9934,0.4,15.0,5
12.6,991.0,0.37,36.0,6
9.0,0.9962,0.24,29.0,5
9.2,0.9932,0.21,52.0,6
11.3,0.9908,0.29,18.0,5
10.3,0.9962,0.29,17.0,4
10.4,0.9918,0.31,5.0,5
10.0,0.9941,0.26,29.0,5
10.7,0.9931,0.21,26.0,6
9.0,0.9981,0.51,35.0,5
10.7,0.9931,0.21,26.0,6
8.7,0.9944,0.3,48.0,4
11.6,992.0,0.26,30.0,7
9.4,0.9966,0.21,45.0,5
9.5,0.9956,0.26,35.5,5
9.5,0.9956,0.26,36.0,5
10.9,0.9949,0.26,48.0,6
9.7,1.0002,0.22,32.0,5
9.1,0.9942,0.3,62.0,6
11.1,0.9923,0.19,33.0,7
12.6,0.9917,0.33,9.0,7
11.0,0.9931,0.2,38.0,6
11.3,992.0,0.37,32.0,7
9.7,1.0002,0.22,32.0,5
10.9,0.9953,0.29,28.0,7
10.9,0.9951,0.34,25.0,5
9.3,0.9974,0.55,27.0,6
12.7,0.9904,0.4,28.0,7
10.1,0.9974,0.28,42.0,6
10.0,0.9944,0.26,43.0,5
9.8,1.0004,0.26,56.0,5
10.1,0.9952,0.34,29.0,6
9.0,0.9956,0.15,31.0,7
9.4,995.0,0.27,52.0,6
9.4,995.0,0.27,52.0,6
9.2,0.9995,0.2,43.0,6
10.1,0.9942,0.23,29.0,7
8.6,0.9977,0.31,58.0,5
11.2,992.0,0.24,21.0,8
11.2,992.0,0.24,39.0,8
9.2,0.9995,0.2,43.0,6
10.6,0.9934,0.17,17.0,7
9.3,1.0006,0.21,62.0,6
8.9,0.9982,0.21,35.0,6
10.6,0.9928,0.21,24.0,6
10.6,0.9945,0.17,29.0,7
8.8,0.9963,0.24,52.0,5
11.0,0.9906,0.24,25.0,8
10.2,0.9956,0.28,44.0,6
10.1,0.9942,0.23,29.0,7
10.1,0.9962,0.29,32.0,6
14.0,0.9894,0.29,12.0,7
9.4,995.0,0.27,52.0,6
11.8,0.9908,0.17,45.0,6
11.4,0.9914,0.16,59.0,5
10.7,0.9938,0.29,6.0,5
8.6,0.9977,0.31,58.0,5
11.5,0.9922,0.32,25.0,7
11.2,992.0,0.24,21.0,8
12.6,0.9903,0.37,27.0,7
12.6,0.9893,0.29,13.0,7
9.3,0.9952,0.22,18.0,4
12.6,0.9903,0.37,27.0,7
12.1,0.9912,0.18,15.0,6
9.9,0.9983,0.22,55.0,6
10.7,0.9937,0.18,22.0,5
10.0,0.9932,0.52,5.0,4
10.4,0.9928,0.15,33.0,8
10.5,0.9922,415.0,11.0,5
9.7,0.9976,0.45,33.0,5
10.5,0.9922,415.0,11.0,5
9.0,0.9974,0.5,26.0,5
9.2,998.0,105.0,34.0,6
10.1,0.9931,0.4,30.0,6
11.4,0.9911,0.25,40.0,7
10.8,0.9944,0.36,11.0,5
10.9,0.9937,0.23,19.0,5
9.2,0.9974,0.55,33.0,6
12.9,989.0,115.0,73.0,7
12.0,992.0,125.0,24.0,7
9.5,0.9928,0.1,21.0,5
11.8,0.9918,0.25,33.0,7
9.1,0.9936,0.2,36.0,6
9.7,0.9944,0.23,24.0,6
9.1,0.9988,0.39,28.0,5
10.0,994.0,0.22,27.0,5
10.4,0.9953,0.41,19.0,5
9.5,0.9986,0.25,30.0,6
12.3,0.9914,0.26,70.0,8
11.7,0.9934,0.31,70.0,8
9.5,996.0,0.28,39.0,5
11.5,0.9937,0.31,26.0,5
10.6,0.9921,0.16,17.0,6
10.2,998.0,0.34,30.0,5
9.5,996.0,0.28,39.0,5
10.5,0.9933,0.24,27.0,5
10.5,0.9933,0.25,27.0,5
8.9,0.9959,0.32,71.0,5
10.6,0.9936,0.27,15.0,5
9.5,0.9953,0.34,12.0,5
10.8,0.9938,0.17,29.0,6
9.5,0.9952,0.25,61.0,5
8.9,0.9959,0.32,69.0,5
8.9,0.9959,0.32,71.0,5
9.4,0.9937,0.6,24.0,4
10.6,992.0,395.0,26.0,6
9.0,0.9967,0.16,37.0,4
10.5,0.9944,0.33,26.0,4
9.0,0.9998,0.3,23.0,6
9.0,0.9998,0.3,23.0,6
9.4,0.9942,0.26,73.5,6
9.0,0.9998,0.3,23.0,6
9.6,0.9945,0.14,50.0,6
9.0,0.9998,0.3,23.0,6
10.2,0.9946,0.25,29.0,7
9.4,0.9942,0.26,73.5,6
10.4,0.9928,0.23,15.0,6
10.4,0.9946,0.24,34.0,5
9.5,0.9927,0.45,13.0,5
10.6,0.9938,0.23,22.0,6
11.0,0.9918,0.2,21.0,5
9.6,0.9945,0.14,50.0,6
9.9,0.9966,0.25,20.0,6
9.6,0.9954,0.61,15.0,5
12.8,0.9913,0.21,10.0,6
11.4,0.9931,0.22,31.0,5
10.0,0.9986,0.26,49.0,6
9.1,0.9965,0.25,57.0,5
9.4,0.9984,0.32,29.0,7
10.2,0.9952,0.25,19.0,6
9.2,0.9956,0.44,35.0,5
9.4,0.9949,0.2,31.0,5
9.6,0.9954,0.61,15.0,5
10.1,996.0,0.42,20.0,6
11.4,0.9931,0.22,31.0,5
10.6,992.0,0.26,33.0,6
12.8,0.9912,0.46,40.0,7
8.9,0.9978,0.41,65.0,5
9.3,0.9938,0.32,22.0,5
11.1,0.9914,0.21,40.0,8
9.9,0.9932,0.21,45.0,6
9.6,0.9944,0.26,5.0,5
12.8,0.9913,0.21,10.0,6
10.7,0.9948,0.25,36.0,7
9.2,998.0,0.26,29.0,6
9.1,0.9998,0.22,44.5,7
9.6,0.9964,0.37,36.0,6
9.2,0.9992,0.22,53.0,6
10.7,0.9948,0.25,36.0,7
9.1,0.9998,0.22,44.5,7
9.2,998.0,0.26,29.0,6
10.7,0.9939,0.25,14.0,7
10.8,992.0,0.18,37.0,6
10.8,0.9922,0.17,26.0,7
9.0,0.9955,0.3,35.0,5
10.7,0.9917,0.33,10.0,6
10.7,0.9917,0.33,10.0,6
9.4,0.9954,0.33,11.0,5
8.8,0.9986,0.26,61.0,6
9.0,0.9955,0.3,35.0,5
11.5,0.9917,0.21,48.0,6
12.5,0.9907,0.23,30.0,6
10.5,0.9922,0.28,14.0,6
9.7,0.9958,0.27,28.0,5
11.3,993.0,0.32,32.0,6
10.7,0.9917,0.33,10.0,6
10.8,0.9926,0.24,11.0,6
10.6,0.9959,0.28,41.0,5
11.7,0.9906,0.37,17.0,8
9.2,0.9993,0.61,24.0,5
11.1,993.0,0.26,25.0,8
11.7,0.9906,0.37,17.0,8
11.0,992.0,0.23,15.5,6
12.5,992.0,0.4,50.0,7
10.0,994.0,0.28,21.0,6
10.6,0.9959,0.28,41.0,5
12.3,0.9908,0.23,29.0,7
12.7,0.9902,0.32,19.0,6
12.3,0.9908,0.23,29.0,7
10.5,0.9943,0.18,20.0,5
12.5,0.9921,0.26,25.0,6
12.4,0.9911,0.33,18.0,3
8.7,0.9986,0.29,46.0,6
12.4,992.0,0.41,40.0,7
12.6,992.0,0.44,27.0,7
11.0,0.9943,0.39,29.0,6
10.1,0.9937,0.26,47.0,6
10.5,993.0,0.32,46.0,5
12.7,0.9902,0.32,19.0,6
10.9,0.9928,0.24,35.0,5
13.5,0.9896,0.44,35.0,7
9.7,998.0,0.25,28.0,5
9.2,0.9954,0.14,44.0,6
10.6,0.9938,0.18,33.0,7
13.3,0.9918,0.43,36.0,7
13.5,0.9896,0.44,35.0,7
10.1,0.9944,0.26,23.0,5
9.4,0.9999,0.66,62.0,4
10.6,0.9953,0.2,41.0,7
11.3,992.0,0.21,25.0,6
10.8,0.9925,0.18,20.0,7
10.4,0.9981,0.57,46.0,5
10.5,0.9952,0.26,48.0,7
9.3,0.9927,245.0,28.0,5
9.3,0.9927,245.0,24.0,6
12.2,0.9911,0.25,52.0,7
9.2,0.9936,0.16,58.0,5
10.3,0.9959,0.22,29.0,6
9.4,0.9946,0.18,28.0,6
10.2,0.9948,0.17,88.0,6
9.0,0.9955,0.29,65.0,6
9.3,0.9951,0.21,64.0,6
9.2,0.9952,0.23,63.0,6
9.4,0.9946,0.19,31.0,6
9.4,0.9946,0.18,28.0,6
9.5,0.9944,0.29,77.5,6
9.9,0.9938,0.14,15.0,5
11.1,0.9963,0.31,36.0,7
12.3,991.0,0.28,36.0,8
8.6,1.0003,0.22,45.0,7
9.4,0.9966,0.31,21.0,5
9.4,0.9993,0.35,55.0,6
8.6,1.0003,0.22,45.0,7
10.9,0.9938,0.5,23.0,5
9.4,0.9965,0.39,32.0,5
10.9,0.9938,0.5,23.0,5
9.4,0.9993,0.35,55.0,6
9.2,0.9938,0.22,20.0,6
8.6,1.0003,0.22,45.0,7
9.4,0.9966,0.31,21.0,5
10.8,0.9942,0.24,10.0,6
10.5,0.9928,0.27,14.0,6
12.5,991.0,0.16,29.0,6
12.1,0.9911,0.27,26.0,7
8.7,0.9977,0.31,51.0,5
12.7,0.9927,0.45,50.0,8
12.1,0.9911,0.27,26.0,7
12.5,991.0,0.16,29.0,6
11.4,0.9912,0.16,40.0,7
12.9,0.9907,0.21,35.0,7
12.8,0.9902,0.32,29.0,7
11.2,992.0,0.16,15.0,6
9.7,994.0,0.16,16.0,6
9.7,0.9966,0.23,54.0,6
10.3,993.0,0.17,14.0,6
11.6,993.0,0.39,10.0,4
11.6,993.0,0.41,10.0,4
9.7,0.9966,0.23,54.0,6
10.9,0.9942,0.38,30.0,6
12.6,0.9925,0.42,29.0,7
12.4,0.9925,0.34,45.0,6
11.5,0.9928,0.23,45.0,5
10.2,995.0,245.0,52.0,6
11.4,0.9939,0.2,51.0,5
9.6,0.9958,0.19,39.0,6
10.3,0.9952,0.2,60.0,6
9.3,1.0,0.59,61.0,5
10.7,0.9948,0.14,17.0,7
12.8,0.99,0.24,34.0,8
9.5,0.9958,0.14,23.0,5
10.4,0.9948,0.15,22.0,6
10.3,0.9949,0.17,14.0,6
9.9,997.0,365.0,37.0,6
10.7,0.9927,0.23,37.0,6
10.5,0.9938,0.25,16.0,5
9.6,0.9949,0.32,14.0,5
9.3,0.9953,0.31,46.0,6
10.0,997.0,0.2,63.0,6
11.2,0.9932,255.0,40.0,6
10.8,0.9927,0.15,21.0,5
10.3,0.9932,0.15,25.0,6
8.8,0.9955,0.25,59.0,5
12.8,0.9914,0.19,6.0,6
13.2,991.0,0.43,17.0,6
10.1,992.0,0.31,28.0,6
11.0,0.9924,0.2,40.0,5
10.8,0.9927,0.16,21.0,6
12.8,0.9911,0.32,28.0,7
9.2,0.9958,0.22,33.0,6
10.5,0.9928,0.26,44.0,6
11.7,0.9902,0.37,13.0,6
9.5,994.0,0.19,20.0,5
9.5,994.0,0.21,24.0,5
8.8,0.9972,0.15,24.0,6
9.3,1.0004,0.16,69.0,7
12.6,991.0,0.21,62.0,8
12.4,0.9918,0.24,26.0,6
10.1,995.0,0.21,60.0,6
11.2,0.9941,0.29,38.0,8
10.0,0.9956,0.18,40.0,5
10.0,0.9956,0.18,40.0,5
10.8,0.9959,0.58,37.0,6
10.0,0.9922,0.16,50.0,6
10.4,0.9931,0.54,13.0,5
10.8,0.9959,0.58,37.0,6
9.8,0.9984,0.25,52.0,6
12.2,0.9908,0.23,51.0,8
12.7,991.0,0.39,36.0,8
12.2,0.9928,0.46,46.0,7
11.9,0.9936,0.35,35.0,7
11.2,0.9941,0.29,38.0,8
10.4,0.9924,0.35,15.0,4
12.8,0.9917,0.57,22.0,7
12.7,0.9906,0.37,40.0,7
10.1,995.0,0.21,60.0,6
10.0,0.9956,0.18,40.0,5
9.0,0.9955,0.13,43.0,5
11.4,0.9907,0.19,38.0,5
8.9,1.0,0.22,55.0,6
9.3,0.9953,0.29,43.0,6
12.0,0.9911,0.35,35.0,8
10.8,0.9922,0.19,31.0,7
10.5,0.9951,0.12,56.0,6
10.6,0.9948,0.13,56.0,7
11.3,0.9906,0.25,42.0,7
9.5,994.0,0.32,15.0,4
11.4,0.9907,0.19,38.0,5
10.1,0.9927,0.13,35.0,7
10.9,0.9914,0.14,22.0,6
8.9,0.9958,0.27,19.0,5
8.9,1.0,0.22,55.0,6
9.3,0.9984,0.64,42.0,5
10.4,0.9941,0.28,23.0,6
12.0,0.9944,0.26,41.0,7
9.5,998.0,0.22,37.0,6
9.5,998.0,0.22,37.0,6
12.4,0.9902,0.23,24.0,7
11.2,0.9911,0.3,30.0,7
11.4,0.9929,0.27,6.0,6
11.4,993.0,0.28,10.0,6
11.1,0.9918,0.28,46.0,7
10.4,992.0,0.46,5.0,6
12.0,0.9932,0.38,36.0,7
12.3,992.0,0.43,24.0,7
9.1,994.0,0.56,28.0,6
10.5,0.9923,0.36,25.0,6
11.4,993.0,0.23,5.0,6
9.5,0.9956,0.33,26.0,5
13.7,0.9907,0.49,17.0,7
13.4,0.99,0.42,15.0,6
11.3,0.9918,0.18,12.0,7
10.0,0.9926,0.19,73.0,6
10.1,995.0,0.19,33.0,6
12.2,0.99,0.16,23.0,6
13.4,0.99,0.42,15.0,6
9.3,0.9946,135.0,19.0,6
13.7,0.9907,0.49,17.0,7
12.3,0.9898,0.19,27.0,7
11.3,0.9918,0.18,12.0,7
8.9,0.9986,0.25,35.0,7
8.9,0.9986,0.25,35.0,7
11.5,0.9928,0.2,32.0,6
8.9,0.9986,0.25,35.0,7
9.3,0.9979,0.67,57.0,6
11.1,994.0,0.4,31.0,8
10.9,0.9937,0.26,29.0,8
11.6,0.9938,0.31,11.0,5
10.2,0.9942,0.39,9.0,4
10.5,0.9944,0.22,12.0,8
11.4,993.0,0.19,16.0,6
8.9,0.9986,0.25,35.0,7
10.6,0.9932,0.2,29.0,6
11.6,0.9934,0.26,39.0,6
11.5,0.9928,0.2,32.0,6
12.3,0.9925,0.3,26.0,8
10.8,0.9944,0.29,22.0,6
11.3,0.9909,0.17,55.0,6
9.3,0.9932,415.0,22.0,5
10.0,0.9934,0.23,16.0,6
11.0,1.0001,0.55,35.5,3
10.2,992.0,0.35,18.0,5
10.8,0.9916,0.14,27.0,7
10.1,998.0,0.28,29.0,4
11.6,0.9919,0.18,17.0,6
9.1,0.9925,165.0,25.0,5
10.0,0.9977,0.25,36.0,4
10.8,0.9944,0.29,22.0,6
11.4,991.0,0.22,26.0,6
12.7,0.99,0.22,34.0,6
11.3,0.9917,0.25,35.0,5
10.4,0.9923,0.18,28.0,7
9.6,0.9928,0.22,18.0,5
10.1,0.9923,0.39,8.0,4
9.6,0.9928,0.22,18.0,5
12.1,0.9902,0.36,16.0,7
12.2,0.9893,0.29,32.0,6
11.3,0.9917,0.25,35.0,5
9.6,0.9982,0.23,19.0,5
9.2,1.0005,0.56,51.0,5
10.4,0.9923,0.18,28.0,7
9.5,0.9951,0.23,67.0,5
8.9,0.9956,0.25,67.0,5
8.8,998.0,0.26,56.0,5
10.5,0.9928,0.31,17.0,5
9.4,0.9938,0.25,27.0,5
12.2,0.9914,0.18,34.0,6
11.3,0.9955,0.43,37.0,6
12.2,0.9924,0.2,33.0,6
12.2,0.9911,0.27,35.0,6
11.2,0.9917,0.16,18.0,6
11.2,0.9917,0.16,18.0,6
11.5,0.9932,0.19,49.0,6
11.3,0.9955,0.43,37.0,6
9.3,0.9929,0.4,11.0,5
11.3,0.9955,0.43,37.0,6
11.8,0.9958,0.52,37.0,7
9.2,1.0012,0.21,50.0,5
9.2,0.9968,0.34,44.0,5
12.2,0.9911,0.27,35.0,6
12.2,0.9924,0.2,33.0,6
12.2,991.0,0.22,42.0,6
10.6,0.9946,0.11,27.0,6
12.4,0.9928,0.17,29.0,6
10.8,0.9946,145.0,54.0,6
11.2,0.9917,0.16,18.0,6
11.0,0.9918,0.19,11.0,6
12.7,0.9926,0.44,46.0,8
10.2,0.9931,0.2,19.0,5
11.5,0.9932,0.19,49.0,6
12.3,0.9903,0.25,30.0,7
9.8,0.9928,0.24,15.0,5
9.3,0.9929,0.4,11.0,5
11.8,0.9958,0.52,37.0,7
11.3,0.9955,0.43,37.0,6
11.4,0.9911,0.21,6.0,5
10.8,0.9938,0.2,39.0,6
9.5,0.9942,0.25,13.0,4
10.2,0.9945,0.08,18.0,6
10.7,0.9962,0.85,40.0,5
10.8,992.0,0.51,10.0,6
11.5,0.9927,0.22,39.0,6
10.7,0.9948,0.16,20.0,6
10.2,0.9945,0.08,18.0,6
10.1,0.9942,0.25,26.0,6
10.4,0.9952,0.16,57.0,6
9.5,0.9942,0.25,13.0,4
9.1,0.9958,0.32,8.0,3
10.6,0.9918,0.28,20.0,6
9.4,0.9932,0.15,17.0,6
9.8,1.0004,0.25,44.0,6
9.5,0.9972,0.26,68.0,6
9.3,0.9998,0.16,52.0,5
10.3,0.9918,185.0,28.0,6
11.1,0.9918,0.2,8.0,5
10.0,0.9964,0.3,47.0,5
12.3,0.9936,0.34,39.0,8
12.4,0.9931,0.35,42.0,8
12.3,0.9938,0.29,45.0,7
10.4,0.9934,0.62,6.0,5
12.1,0.99,0.27,35.0,7
12.5,0.9914,0.27,23.0,6
13.0,0.9904,0.51,14.0,6
11.0,994.0,0.19,26.0,7
10.1,0.9938,0.2,34.0,5
9.2,0.9933,0.3,17.0,5
12.6,0.9909,0.36,24.0,7
12.2,0.9942,0.17,24.0,8
9.8,0.9945,0.18,39.0,7
11.0,0.9954,0.2,51.0,6
10.0,996.0,0.26,59.0,6
9.8,0.9991,0.21,50.0,6
10.5,993.0,0.2,15.0,5
10.0,0.9942,0.18,10.0,5
11.2,0.9934,0.23,15.0,6
11.0,0.9939,0.22,29.0,7
11.2,0.9937,0.22,48.0,6
11.0,994.0,0.19,26.0,7
10.5,0.9926,155.0,34.0,6
10.6,0.9951,0.22,53.0,6
10.6,0.9952,0.24,52.0,6
12.0,0.9935,0.23,22.0,6
10.1,0.9938,0.2,34.0,5
10.1,0.9939,0.2,38.0,6
9.2,0.9933,0.3,17.0,5
11.0,0.9927,0.21,15.0,5
10.0,998.0,0.25,31.0,6
8.7,0.9997,0.21,41.0,6
8.7,0.9981,0.27,47.0,5
11.1,992.0,0.27,33.0,6
11.0,0.9954,0.28,48.0,6
11.1,992.0,0.27,33.0,6
8.7,0.9997,0.21,41.0,6
8.7,0.9981,0.27,47.0,5
11.2,0.9943,0.3,26.0,7
11.1,0.9941,0.23,61.0,7
10.8,0.9936,0.26,32.0,6
9.0,0.9996,0.18,44.0,6
10.3,0.9932,0.15,17.0,6
9.9,0.9926,0.13,6.0,5
10.0,0.9936,0.28,32.0,6
9.8,992.0,0.17,26.0,6
10.8,0.9936,0.26,32.0,6
9.0,0.9996,0.18,44.0,6
9.1,993.0,0.53,29.0,4
10.6,0.9924,0.16,27.0,6
10.6,0.9928,0.14,28.0,6
9.9,0.9926,0.13,6.0,5
10.6,0.9952,0.12,33.0,6
9.9,0.9945,0.29,35.0,6
9.9,0.9945,0.3,36.0,6
12.8,0.9903,0.36,32.0,6
10.3,0.9932,0.15,17.0,6
10.6,0.9953,0.18,36.0,6
8.7,0.9936,0.19,45.0,6
12.6,0.9912,0.21,44.0,7
11.0,0.9962,0.3,25.0,7
11.2,0.9965,0.42,32.0,7
10.7,0.9932,0.24,35.0,7
9.6,0.9967,0.23,45.0,6
10.6,0.9953,0.18,36.0,6
9.0,0.9963,0.43,12.0,4
10.5,992.0,0.35,14.0,4
12.8,991.0,0.3,33.0,6
10.1,0.9958,0.28,10.0,5
12.2,0.99,0.34,26.0,7
12.8,991.0,0.3,33.0,6
10.1,0.9958,0.28,10.0,5
10.1,0.9938,0.19,29.0,6
9.2,0.9996,0.18,36.0,5
9.9,0.9946,0.19,19.0,5
9.7,0.9974,0.3,49.0,6
9.9,0.9945,0.3,35.0,5
9.9,0.9946,0.3,36.0,5
9.7,0.9974,0.3,49.0,6
10.3,0.9957,0.22,50.0,6
10.3,0.9931,0.26,21.0,5
10.5,0.9947,0.17,23.0,4
10.5,0.9953,0.17,61.0,6
9.8,0.9931,0.27,20.0,6
10.6,0.9946,0.64,17.0,4
10.1,0.9978,0.18,54.0,5
9.0,0.9989,0.31,50.0,4
9.5,1.0004,0.31,13.0,5
11.5,0.9938,0.3,32.0,6
11.9,0.9934,0.24,46.0,7
10.1,0.9978,0.18,54.0,5
9.2,0.9956,0.25,52.0,6
8.7,0.9982,0.3,46.0,5
9.8,0.9948,0.31,34.0,5
9.2,0.9956,0.25,52.0,6
8.7,0.9982,0.3,46.0,5
11.2,0.9926,0.27,27.0,6
12.3,991.0,0.14,30.0,6
10.4,0.9945,0.12,49.0,6
10.7,0.9916,0.21,25.0,6
10.5,0.9953,0.16,9.0,6
9.4,0.9938,0.29,37.0,6
9.2,0.9956,0.27,53.0,6
11.9,0.9906,0.55,56.0,5
9.2,0.9956,0.27,53.0,6
9.9,0.9932,0.24,24.0,6
11.4,0.9914,0.33,20.0,6
9.4,0.9938,0.29,37.0,6
10.7,996.0,0.34,55.0,6
12.7,0.9906,0.39,27.0,5
13.5,0.98815,0.41,10.0,7
9.5,0.9942,0.41,39.0,5
12.9,0.9903,0.26,31.0,9
12.5,0.9906,0.32,44.0,6
9.5,0.9935,0.19,44.0,7
8.6,1.0024,0.27,59.0,5
10.0,0.9968,0.2,46.0,7
12.5,0.9906,0.32,44.0,6
10.1,0.9941,0.26,19.0,6
11.3,0.9919,0.26,28.0,7
10.6,0.9928,0.14,42.0,7
10.8,0.9958,0.29,40.0,5
10.7,0.9932,0.19,42.0,6
9.0,0.9957,0.34,61.0,6
9.2,0.9937,0.2,17.0,6
8.5,0.9982,0.37,53.0,6
11.3,0.9928,0.22,31.0,8
11.3,0.9919,0.26,28.0,7
9.4,0.9956,0.32,17.0,5
8.7,0.9957,0.44,16.0,6
9.4,0.9954,0.14,22.0,6
10.5,993.0,0.17,46.0,7
9.7,0.9954,0.26,37.0,6
10.2,0.9987,0.22,52.0,6
9.4,0.9956,0.32,17.0,5
11.5,0.9928,0.2,14.0,6
9.6,0.9951,0.15,21.0,6
11.4,993.0,0.25,6.0,5
11.5,0.9928,0.2,14.0,6
12.2,0.9926,0.28,28.0,8
11.0,0.9938,0.19,15.0,7
9.2,1.0001,0.25,50.0,6
10.2,0.9933,0.14,21.0,6
10.0,0.9952,0.49,29.0,5
9.7,0.9934,0.12,43.0,6
9.2,0.9988,0.47,42.0,5
10.5,993.0,0.22,26.0,5
10.0,0.9952,0.49,29.0,5
10.1,0.9948,0.22,42.0,6
9.1,0.9998,0.19,50.0,7
10.2,0.9971,0.3,50.0,7
9.1,0.9998,0.19,50.0,7
10.5,0.9962,0.24,50.0,7
10.1,0.9948,0.22,42.0,6
12.1,0.99,0.21,20.0,7
10.2,0.9942,0.3,31.0,5
9.4,0.9965,0.26,39.0,4
12.8,0.9912,0.31,27.0,7
9.0,0.9978,0.42,48.0,6
10.9,0.9928,0.29,29.0,4
8.8,1.0103,0.33,35.0,6
9.0,0.9956,0.46,19.0,5
10.2,0.9936,0.28,27.0,5
9.2,0.9929,0.15,21.0,5
11.3,0.9966,0.4,34.0,6
8.8,0.9964,0.31,52.0,5
9.3,996.0,325.0,53.0,5
9.4,0.9959,0.27,62.0,6
10.3,0.9954,0.26,54.0,6
10.8,0.9914,0.21,30.0,7
8.8,1.0103,0.33,35.0,6
9.0,1.0004,0.28,32.0,4
11.5,0.9911,0.13,48.0,8
10.8,0.9938,445.0,8.0,5
11.8,0.9927,0.39,33.0,6
10.5,0.9922,0.18,20.0,7
9.9,0.9924,0.31,10.0,6
9.8,0.9963,0.24,33.0,6
11.4,0.9936,0.35,27.0,7
9.3,0.9951,0.26,41.0,5
9.3,0.9951,0.27,35.0,5
10.3,0.9955,0.22,82.0,6
8.9,0.9961,0.27,65.0,5
11.4,0.9936,0.35,27.0,7
11.1,992.0,0.23,60.0,6
10.4,0.9944,0.3,42.0,6
10.1,0.9944,0.35,18.0,5
9.0,1.0008,0.32,44.0,5
11.9,0.9962,0.31,49.0,6
9.0,0.9986,0.25,55.0,7
9.0,0.9986,0.25,55.0,7
9.1,1.0,0.26,41.5,7
9.0,0.9986,0.25,55.0,7
10.0,0.9982,0.26,42.0,5
9.1,1.0,0.26,41.5,7
9.4,0.9949,0.25,118.5,3
11.4,0.9915,0.16,28.0,6
9.7,0.9951,0.43,7.0,4
9.0,0.9986,0.25,55.0,7
11.8,0.9927,0.24,41.0,6
10.2,0.9955,265.0,54.0,5
9.2,0.9952,0.12,47.0,6
11.0,0.9928,0.21,35.0,6
10.0,0.9982,0.32,47.0,6
12.2,0.9914,0.18,39.0,6
11.8,0.9927,0.24,41.0,6
11.6,0.9918,0.26,35.0,6
10.2,0.9944,0.26,25.0,6
10.3,0.9969,0.29,43.0,5
8.6,0.9955,0.27,6.0,4
9.6,0.9954,0.33,27.0,5
9.6,0.9955,0.31,25.0,5
11.3,0.9921,0.25,32.0,6
9.9,0.9934,0.24,38.0,6
9.6,0.9998,0.26,48.0,5
10.6,0.9946,0.61,25.0,4
9.8,0.9984,0.22,50.0,5
10.5,0.9924,0.31,10.0,5
10.8,0.9939,0.2,31.0,5
10.0,995.0,0.18,25.0,6
10.1,0.9957,0.34,23.0,6
9.4,0.9953,0.3,35.0,5
11.5,0.9912,0.18,43.0,8
10.8,0.9939,0.21,29.0,6
9.9,0.9921,0.27,19.0,6
9.0,0.9954,0.2,28.0,4
9.4,0.9933,0.23,24.0,6
10.8,0.9941,0.2,30.0,7
10.9,995.0,0.15,24.0,7
12.0,0.9977,0.4,33.0,6
11.5,0.9912,0.18,43.0,8
10.5,0.9945,0.13,31.0,6
9.3,0.9952,0.17,55.0,6
11.8,0.9924,0.3,28.0,6
10.0,0.9986,445.0,68.0,6
9.4,0.9953,0.3,35.0,5
11.4,0.9939,0.22,45.0,6
10.4,0.9929,0.23,40.0,6
9.5,0.9988,0.34,68.0,6
11.9,0.9906,545.0,48.0,5
11.1,0.9914,0.3,49.0,6
9.6,0.9978,0.16,50.0,6
12.0,0.9928,0.32,56.0,6
8.7,0.9948,0.22,15.0,5
9.6,0.9978,0.16,50.0,6
10.0,0.9946,0.15,19.0,5
11.4,0.9908,0.29,4.0,4
9.6,0.9954,0.37,23.0,6
12.9,0.9906,0.38,28.0,6
9.7,0.99705,0.25,47.0,6
9.3,0.9982,0.3,33.0,6
9.1,0.9932,0.22,52.0,5
8.6,0.9977,0.34,46.0,5
9.9,994.0,0.22,33.0,5
9.3,0.9982,0.3,33.0,6
10.9,0.9929,0.27,20.0,5
10.2,0.9924,0.17,45.0,6
9.7,0.9966,0.18,44.0,6
11.4,0.9921,0.16,40.0,7
9.5,0.9967,255.0,53.0,6
10.2,0.9934,0.23,43.0,7
11.1,0.9914,0.16,33.0,6
9.7,0.99705,0.25,47.0,6
9.3,0.9961,0.27,54.0,5
8.8,0.9967,0.29,56.0,5
10.6,0.9926,0.21,12.0,5
9.3,0.99605,0.62,81.0,5
10.2,0.99435,0.28,67.0,6
10.2,0.9948,0.3,31.0,6
11.0,0.9916,0.17,20.0,7
9.6,997.0,0.21,18.0,6
9.3,0.9961,0.27,54.0,5
8.8,0.9967,0.29,56.0,5
8.8,0.9961,0.32,56.0,5
8.9,0.9955,0.32,50.0,5
10.0,0.9922,0.37,58.0,5
12.2,0.9918,0.43,33.0,7
10.9,0.9955,0.39,33.0,6
9.5,0.9941,0.18,40.0,6
10.9,0.9955,0.4,32.0,6
10.9,0.9955,0.39,33.0,6
10.8,0.9924,0.19,33.0,6
12.0,0.9973,0.49,28.0,6
9.8,999.0,0.25,42.0,5
9.5,0.9941,0.18,40.0,6
11.0,0.9922,0.15,43.0,8
11.0,0.9922,0.15,43.0,8
9.8,0.9953,0.17,47.0,5
10.5,0.9945,0.32,13.0,4
11.4,0.9945,0.21,73.0,6
10.1,0.9957,0.45,17.0,6
11.6,0.9932,0.24,54.0,7
11.4,0.9945,0.21,73.0,6
11.8,0.9913,0.33,29.0,7
12.1,0.9909,0.26,50.0,7
12.0,0.9939,0.36,37.0,5
12.1,991.0,0.2,26.0,7
9.1,0.9954,0.16,26.0,5
9.3,0.9943,0.33,25.0,5
10.4,993.0,0.22,21.0,6
9.1,1.0002,0.35,42.0,5
9.4,0.9946,0.37,23.0,5
9.6,0.9953,0.37,22.0,6
12.0,0.9918,0.37,27.0,5
11.3,0.9936,0.25,37.0,8
8.7,0.9984,0.23,56.0,6
9.9,0.9956,0.26,35.0,6
9.3,0.9966,0.3,57.0,6
9.5,0.9942,0.16,14.0,5
8.7,0.9984,0.23,56.0,6
9.9,0.9956,0.26,35.0,6
9.3,0.9966,0.3,57.0,6
9.4,0.9974,0.33,29.0,5
9.4,0.9944,0.38,9.0,5
8.8,1.0008,0.2,60.0,6
9.4,0.9974,0.33,29.0,5
8.8,1.0008,0.2,60.0,6
9.9,0.9928,0.36,39.0,6
9.4,0.9944,0.38,9.0,5
12.6,0.9908,0.46,24.0,6
11.1,0.9917,0.15,18.0,6
12.8,0.9911,0.42,31.0,7
12.0,0.9912,0.3,10.0,6
12.0,0.9953,0.27,34.0,7
9.2,0.9932,0.5,46.0,4
12.3,0.9896,0.26,27.0,6
13.0,0.9889,0.33,38.0,6
12.0,0.9912,0.3,10.0,6
10.9,0.9926,0.29,23.0,5
12.8,0.9911,0.42,31.0,7
10.0,0.9964,0.19,34.0,6
9.0,0.9974,0.32,35.0,5
10.4,0.9944,0.32,13.0,5
9.0,0.9974,0.32,35.0,5
10.0,0.9964,0.19,34.0,6
10.0,0.9963,0.17,35.0,6
11.3,0.9948,0.44,41.0,7
11.3,0.9948,0.44,41.0,7
12.0,0.9953,0.49,34.0,7
11.3,0.9948,0.44,41.0,7
12.0,0.9953,0.49,34.0,7
10.6,0.9949,0.21,43.0,6
9.3,0.9988,0.55,37.0,5
9.4,0.9954,0.19,27.0,6
11.0,992.0,0.24,37.0,7
9.3,0.9984,0.34,53.0,6
9.4,0.9954,0.19,27.0,6
10.5,0.9926,0.18,24.0,5
11.0,992.0,0.24,37.0,7
9.5,0.9976,0.18,96.0,6
11.2,0.9972,0.28,32.0,6
12.3,991.0,0.34,21.0,6
9.0,998.0,0.44,44.0,5
9.0,0.9966,0.26,62.0,5
9.0,998.0,0.44,44.0,5
9.0,1.0007,0.49,34.0,5
11.4,992.0,0.24,48.0,6
11.0,0.9925,0.25,50.0,7
12.3,991.0,0.34,21.0,6
10.4,0.9934,0.18,36.0,7
10.3,0.9955,0.27,16.0,5
10.5,0.9944,0.24,44.0,7
9.8,0.9981,0.22,83.0,6
10.0,0.9968,0.91,34.0,4
9.7,0.9946,0.34,13.0,5
9.7,0.9946,0.33,14.0,5
9.8,0.9981,0.22,83.0,6
10.5,0.9946,0.18,57.0,6
10.0,997.0,0.2,78.0,6
11.5,0.9924,0.13,22.0,7
9.5,0.9958,0.28,57.0,5
10.5,994.0,0.25,25.0,6
10.2,0.9958,0.36,28.0,6
9.8,0.9984,0.27,45.0,6
11.6,0.9948,0.37,34.0,6
11.8,0.9932,0.21,41.0,7
10.1,0.9952,0.18,41.0,7
10.3,0.9924,0.19,35.0,6
10.4,0.9945,0.21,38.0,6
8.9,0.9976,0.33,26.0,5
8.9,0.9976,0.33,26.0,5
10.8,0.9938,0.29,37.0,5
9.2,0.9997,0.31,16.0,5
9.6,994.0,0.19,48.0,6
10.4,0.9921,0.2,21.0,6
8.7,0.9986,0.25,41.0,6
9.2,0.9987,0.2,14.0,6
9.2,0.9991,0.3,45.0,5
9.2,0.9987,0.2,14.0,6
9.2,0.9991,0.3,45.0,5
9.2,0.9991,0.3,45.0,5
10.2,0.9948,0.22,34.0,5
9.2,0.9987,0.2,14.0,6
9.0,993.0,0.53,39.0,5
9.7,0.9988,0.24,41.0,5
9.6,1.0,0.24,50.0,5
10.0,0.9932,0.15,24.0,5
9.2,0.9991,0.3,45.0,5
9.1,0.9989,0.33,44.0,5
8.7,1.0,0.24,40.0,5
8.7,1.0,0.24,40.0,5
9.5,0.9952,0.35,31.0,5
9.5,0.9969,0.26,73.0,6
8.9,0.9966,0.29,53.0,6
8.9,0.9966,0.29,53.0,6
9.9,0.9976,0.31,15.0,6
12.6,0.99,0.44,41.0,7
9.7,0.9988,0.23,45.0,6
10.4,0.9942,0.21,14.0,5
9.1,0.9984,0.23,26.0,6
10.4,0.9932,0.34,25.0,5
9.5,0.9969,0.26,73.0,6
8.9,0.9966,0.29,53.0,6
10.6,0.9933,0.28,16.0,5
12.0,0.9916,0.37,64.0,7
12.5,0.9914,0.36,26.0,7
9.6,0.9966,0.13,40.0,5
9.2,0.9958,0.25,54.0,5
9.9,0.9926,0.18,20.0,6
11.7,0.9939,0.3,20.0,6
9.6,0.9953,0.23,21.0,6
12.0,0.9906,0.43,27.0,6
12.5,0.9914,0.36,26.0,7
9.2,0.9958,0.25,54.0,5
9.9,0.9926,0.18,20.0,6
8.9,0.9991,0.35,54.0,6
9.0,0.9994,0.22,56.0,6
10.2,0.9976,0.26,52.5,7
9.6,0.9966,0.13,40.0,5
9.4,0.9953,0.12,27.0,5
10.4,0.9923,0.37,10.0,5
10.4,993.0,0.26,6.0,4
10.0,0.9931,0.2,15.0,6
10.0,0.9932,0.22,14.0,6
10.5,0.9926,0.25,46.0,5
11.4,0.9938,0.27,47.0,6
10.2,0.9966,0.34,46.0,5
10.4,0.9974,0.27,49.0,6
11.0,0.9924,0.49,146.5,3
10.1,0.9948,0.71,15.0,6
9.2,0.9964,0.47,27.0,5
10.3,0.9924,0.28,25.0,6
10.2,0.9966,0.34,46.0,5
10.4,0.9974,0.27,49.0,6
11.1,0.9938,0.13,34.0,7
9.9,0.9928,0.16,27.0,5
9.0,0.9959,0.31,35.0,5
8.6,1.0001,0.36,35.0,5
9.0,0.9959,0.31,35.0,5
8.6,1.0001,0.36,35.0,5
9.5,0.9968,0.25,48.0,5
9.0,0.9932,0.45,61.0,5
10.0,0.9954,0.26,39.0,6
9.0,0.9992,0.22,57.0,6
9.0,0.9932,0.45,61.0,5
10.2,0.9939,0.19,37.0,7
9.6,0.9952,0.31,29.0,5
9.7,0.9996,0.25,49.0,5
10.2,0.9966,1.005,34.0,4
13.0,0.9925,0.31,29.0,7
10.8,996.0,0.24,49.0,6
9.7,0.9996,0.25,49.0,5
9.0,0.9973,0.29,66.0,5
9.9,0.9937,0.15,16.0,5
9.2,0.9966,0.12,22.0,6
8.7,1.0017,0.32,53.0,6
10.1,993.0,0.17,13.0,5
10.1,993.0,0.17,13.0,5
9.5,0.9959,0.21,21.0,5
9.9,0.9958,0.21,11.0,5
8.7,1.0017,0.32,53.0,6
9.0,0.9958,0.31,50.0,5
8.6,0.9979,0.27,50.0,6
10.5,0.9941,0.21,13.0,6
9.5,997.0,0.23,53.0,7
10.1,0.9934,0.2,41.0,6
11.7,0.9927,0.41,49.0,7
10.7,0.9944,0.49,32.0,6
11.7,0.9927,0.41,49.0,7
9.2,0.9963,0.2,37.0,5
8.8,1.0011,0.26,33.0,5
8.8,1.0011,0.26,33.0,5
9.5,0.9959,0.27,76.0,6
10.2,0.9973,0.28,35.0,5
9.1,0.9966,0.2,30.0,6
10.5,0.9932,0.33,23.0,6
9.0,0.9984,0.38,57.0,6
8.9,999.0,0.2,53.0,8
8.9,999.0,0.2,53.0,8
8.9,999.0,0.2,53.0,8
8.9,999.0,0.2,53.0,8
8.9,999.0,0.2,53.0,8
9.1,1.0006,0.19,48.0,6
10.1,0.9937,0.16,27.0,6
10.0,0.9954,0.22,57.0,5
9.5,997.0,0.22,63.0,6
12.3,0.9912,0.33,30.0,7
9.1,0.9939,0.43,5.0,4
8.9,999.0,0.2,53.0,8
9.6,0.9957,0.12,17.0,5
11.6,0.9926,0.3,33.0,6
8.8,0.9994,0.28,47.0,6
8.9,1.0004,0.2,51.0,6
8.8,0.9994,0.28,47.0,6
8.9,1.0004,0.2,51.0,6
8.9,1.0004,0.2,51.0,6
9.0,1.0002,0.18,32.0,6
10.0,0.9922,0.31,56.0,5
10.0,0.9922,0.31,58.0,5
11.1,0.9934,0.17,43.0,6
11.6,0.9926,0.3,33.0,6
10.6,0.9941,0.26,58.0,6
8.8,0.9994,0.28,47.0,6
8.9,1.0004,0.2,51.0,6
10.1,0.9924,0.18,16.0,6
10.0,0.9948,0.15,21.0,5
12.2,0.9935,0.4,27.0,7
11.0,0.9918,0.25,20.0,6
10.0,0.9948,0.15,21.0,5
11.1,0.9924,0.18,37.0,5
10.4,0.9979,0.32,38.0,6
11.8,993.0,0.55,14.0,5
10.8,994.0,0.19,22.0,6
12.5,991.0,0.41,28.0,7
11.8,993.0,0.55,14.0,5
11.6,0.9922,0.2,12.0,7
10.4,0.9979,0.32,38.0,6
11.5,0.9937,0.26,36.0,6
10.1,0.9928,0.21,46.0,6
9.2,0.9965,0.34,45.0,6
10.1,0.9928,0.21,46.0,6
9.2,0.9991,0.43,29.0,5
8.9,0.9948,0.3,44.0,5
10.1,0.9925,0.26,5.0,5
8.9,0.9958,0.32,51.0,5
9.7,0.9962,0.21,33.0,6
9.2,0.9965,0.34,45.0,6
11.0,0.9951,0.42,22.0,6
10.7,0.9944,0.29,32.0,5
10.8,0.9916,0.25,29.0,6
9.8,0.9987,0.23,50.0,5
11.0,0.9928,0.35,11.0,5
10.4,0.9926,0.2,18.0,5
10.2,0.9934,0.27,20.0,6
10.7,0.9944,0.29,32.0,5
9.0,0.9949,0.14,22.0,5
10.6,0.9926,0.24,11.0,5
9.5,997.0,0.3,56.0,6
9.0,0.9949,0.14,22.0,5
9.2,0.9948,0.13,22.0,6
11.0,992.0,0.18,30.0,6
9.9,0.9964,385.0,22.0,6
10.6,0.9926,0.24,11.0,5
9.3,0.9982,0.33,22.0,5
9.6,0.9955,0.34,28.0,5
9.5,0.9955,0.33,29.0,5
9.7,0.9958,0.28,32.0,7
9.7,0.9997,0.23,15.0,3
8.7,1.0001,0.21,41.0,5
8.7,1.0001,0.21,41.0,5
12.4,0.9918,485.0,19.0,5
12.4,0.9918,485.0,19.0,5
10.6,0.9931,0.29,27.0,6
8.7,1.0001,0.21,41.0,5
12.0,0.9926,0.31,20.0,7
9.0,0.9966,0.29,45.0,5
8.8,0.9932,0.46,31.0,5
9.5,0.9969,0.28,58.0,5
10.8,0.9925,0.23,23.0,6
11.4,0.9914,0.17,34.0,5
10.3,996.0,0.18,38.0,5
9.5,0.9952,0.22,51.0,6
9.9,0.9934,0.27,21.0,5
10.2,0.9939,0.28,25.0,5
10.2,0.9939,0.29,26.0,5
11.0,0.9906,0.32,26.0,6
12.1,0.9901,0.33,25.0,7
9.1,0.9948,0.34,25.0,6
9.5,995.0,0.19,31.0,6
9.5,0.9953,0.23,43.0,5
9.8,0.9953,0.27,57.0,5
9.5,0.9952,0.22,51.0,6
10.3,996.0,0.18,38.0,5
9.6,0.9948,0.36,10.0,5
10.2,0.9951,0.22,39.0,6
10.5,0.9931,0.17,25.0,6
10.4,0.9962,0.45,17.0,4
9.6,0.9948,0.36,10.0,5
10.7,0.9959,0.42,18.0,5
10.5,0.9962,0.33,25.0,6
10.6,0.9958,0.3,14.0,5
9.6,0.9948,0.17,47.0,6
9.6,0.9948,0.17,47.0,6
9.5,994.0,0.17,17.0,5
9.4,0.9942,0.17,48.0,6
9.8,0.9942,0.15,29.0,6
9.6,0.9948,0.17,47.0,6
9.2,0.9964,0.25,51.0,5
9.5,0.9958,0.24,53.0,5
9.2,0.9932,0.76,27.0,5
9.4,0.9986,0.22,22.0,5
9.4,0.9986,0.22,22.0,5
9.3,0.9988,0.28,33.0,5
9.1,0.9953,0.32,5.0,5
9.5,0.9983,0.24,31.0,5
9.1,1.0,0.18,72.0,6
10.6,0.9951,0.16,43.0,5
9.5,0.9983,0.24,31.0,5
12.4,0.9906,0.28,16.0,6
8.7,0.9981,0.34,28.0,5
8.8,0.9936,0.27,35.0,5
10.6,0.9951,0.16,43.0,5
9.1,0.9953,0.32,5.0,5
9.0,1.0005,0.24,40.0,5
10.3,0.9972,0.24,46.0,6
9.1,1.0,0.18,72.0,6
9.5,0.9969,0.23,59.0,6
8.8,1.0001,0.22,44.0,5
8.8,1.0001,0.22,44.0,5
8.8,1.0001,0.22,44.0,5
9.9,0.9934,0.33,20.0,5
9.5,0.9969,0.23,59.0,6
8.8,1.0001,0.22,44.0,5
11.7,0.9902,0.2,19.0,4
10.8,993.0,0.26,26.0,5
12.0,0.9914,0.2,18.0,6
10.3,0.9941,0.16,14.0,4
9.0,0.9967,0.25,47.0,5
12.2,0.9918,0.39,36.0,7
9.9,998.0,0.26,59.0,5
9.0,0.9967,0.25,47.0,5
12.2,0.9918,0.39,36.0,7
10.1,0.9957,0.28,42.0,5
9.3,0.9986,0.43,23.0,5
9.5,0.9958,0.33,50.5,5
9.2,0.9948,0.5,36.0,6
11.7,0.9918,0.28,15.0,5
11.0,0.9923,0.35,21.0,5
9.6,0.9998,0.22,49.0,6
9.6,0.9998,0.22,49.0,6
11.9,0.9914,0.24,22.0,6
10.8,0.9939,0.26,38.0,6
10.1,0.9966,0.16,41.0,5
10.9,995.0,0.18,31.0,6
10.1,0.9966,0.16,41.0,5
10.4,994.0,0.24,19.0,5
9.2,0.9972,0.33,12.0,5
9.6,0.9998,0.28,31.0,5
9.6,0.9998,0.28,31.0,5
9.0,0.9982,0.26,64.0,5
11.5,0.9924,0.14,18.0,7
10.2,0.9972,0.21,53.0,6
9.9,997.0,0.2,49.0,6
9.6,0.9954,115.0,26.0,6
10.6,0.9962,0.29,20.0,5
9.2,0.9972,0.33,12.0,5
11.8,0.9921,0.24,31.0,6
12.2,0.9905,0.24,36.0,6
9.6,0.9998,0.28,31.0,5
10.6,993.0,0.22,15.0,6
10.3,0.9941,0.18,23.0,6
10.2,0.9994,0.93,34.0,4
10.7,0.9962,0.29,33.0,5
11.7,992.0,0.28,9.0,4
12.0,0.9922,0.25,31.0,6
10.6,994.0,0.18,26.0,6
12.2,0.9897,0.24,6.0,4
11.0,0.9954,0.33,29.0,6
12.4,0.99,0.37,29.0,7
9.4,0.9948,0.49,19.0,6
12.0,0.9922,0.25,31.0,6
11.6,998.0,0.22,55.0,5
9.4,0.9944,0.35,15.0,5
9.4,0.9944,0.35,15.0,5
9.1,0.9986,0.19,48.5,7
9.1,0.9986,0.19,48.5,7
9.1,0.9986,0.19,48.5,7
9.1,0.9986,0.19,48.5,7
9.1,0.9986,0.19,48.5,7
9.2,996.0,0.32,11.0,5
9.2,0.9999,0.32,43.0,5
9.1,0.9986,0.19,48.5,7
9.1,0.9986,0.19,48.5,7
9.2,996.0,0.32,11.0,5
9.0,0.9951,0.34,23.0,7
9.2,0.9999,0.32,43.0,5
10.8,993.0,0.24,33.0,6
9.5,0.9982,0.36,29.0,6
11.0,992.0,0.29,30.0,6
10.0,0.9963,0.32,37.0,5
9.5,995.0,0.3,38.0,5
10.1,0.9956,0.33,29.0,6
9.5,997.0,0.18,24.0,7
9.5,0.9936,0.39,14.0,5
9.5,0.9935,0.25,13.0,5
9.4,0.9963,0.18,24.0,6
9.4,0.9967,0.18,36.0,6
12.7,0.9912,0.27,29.0,6
9.7,0.9981,0.23,34.0,5
9.7,0.9966,0.28,31.0,6
9.4,0.9967,0.18,36.0,6
9.4,0.9963,0.18,24.0,6
9.5,0.9935,0.25,13.0,5
11.7,0.9902,0.22,20.0,6
11.7,0.99,0.18,26.0,6
9.7,996.0,0.26,53.0,5
9.5,0.9966,0.25,77.0,6
9.1,0.9962,0.24,31.0,5
10.3,994.0,0.28,23.0,6
9.7,996.0,0.26,53.0,5
9.9,994.0,0.24,14.0,5
9.9,0.9944,0.27,19.0,5
10.2,0.9974,0.39,35.0,5
12.1,996.0,0.24,16.0,6
11.3,0.9922,0.23,36.0,7
11.4,0.9917,0.26,13.0,5
12.2,0.9918,0.32,24.0,6
9.9,0.9936,0.24,53.0,7
10.3,0.9938,0.21,35.0,6
12.2,0.9918,0.32,24.0,6
10.4,0.9939,0.17,23.0,6
11.4,0.9917,0.26,13.0,5
9.9,0.9981,0.28,32.0,6
10.0,0.9941,0.3,16.0,5
11.5,0.9928,0.25,18.0,6
10.5,0.9952,0.28,29.0,6
12.5,0.9898,0.24,36.0,7
10.5,0.9914,0.22,40.0,6
9.9,0.9981,0.28,32.0,6
11.4,0.9957,0.45,25.0,7
9.8,998.0,0.23,44.0,6
11.4,0.9957,0.45,25.0,7
9.2,0.9986,0.23,32.0,4
8.9,0.9983,0.28,60.0,5
8.9,0.9982,0.27,64.0,5
9.5,997.0,0.2,45.0,7
11.5,0.9947,0.25,42.0,6
9.5,997.0,0.2,45.0,7
11.5,0.9947,0.25,42.0,6
9.5,0.99416,0.2,16.0,6
9.7,0.99516,0.39,10.0,5
9.7,0.99496,0.23,20.0,5
9.5,0.9974,0.44,10.0,6
9.4,0.99579,0.28,48.0,5
9.0,0.9983,0.34,37.0,4
10.6,0.99471,0.15,39.0,6
9.5,0.9974,0.44,10.0,6
9.1,0.99644,0.29,41.0,5
9.4,0.99579,0.28,48.0,5
8.8,0.99699,0.23,49.0,5
10.4,0.99758,0.23,52.0,5
8.9,0.9977,0.36,35.0,5
10.6,0.99397,0.31,28.0,7
9.0,0.9983,0.34,37.0,4
10.6,0.99471,0.15,39.0,6
10.6,0.99243,0.2,16.0,6
9.0,0.9962,0.27,45.0,5
8.8,1.00182,0.34,46.0,6
10.5,0.99384,0.18,34.0,7
9.5,0.99582,0.29,51.0,5
9.0,0.9962,0.27,45.0,5
10.4,0.9924,0.26,47.0,6
10.0,0.99466,0.21,35.0,6
10.4,0.99212,0.14,24.0,5
9.0,0.99449,0.39,34.0,6
9.3,0.99748,0.48,57.0,5
9.0,0.99449,0.39,34.0,6
9.3,0.99748,0.48,57.0,5
9.0,0.99475,0.36,20.0,6
11.5,0.99189,0.25,11.0,6
9.0,0.99827,0.3,49.0,5
10.4,0.99752,0.19,53.0,6
9.0,0.99827,0.3,49.0,5
10.6,0.99479,0.42,20.0,5
10.4,0.99752,0.19,53.0,6
8.5,0.99642,0.2,35.0,6
9.3,1.00047,0.19,47.0,6
10.5,0.99382,0.19,41.0,7
9.9,0.99784,0.25,50.0,6
10.4,0.99486,0.25,28.0,6
10.1,0.99537,0.46,10.0,5
10.5,0.99382,0.19,41.0,7
9.2,0.99838,0.29,47.0,4
9.4,0.99566,0.31,57.0,6
10.6,0.99268,0.14,25.0,6
9.4,0.99566,0.31,57.0,6
8.7,0.99468,0.4,45.0,5
10.2,0.9933,0.16,20.0,6
10.3,0.99307,0.16,18.0,6
9.5,0.99907,0.33,67.0,5
9.5,0.99907,0.33,67.0,5
9.5,0.99907,0.33,67.0,5
9.5,0.99907,0.33,67.0,5
9.4,0.99471,0.41,47.0,5
9.4,0.99471,0.43,49.0,5
9.5,0.99907,0.33,67.0,5
12.6,0.99148,0.4,26.0,7
10.5,0.99383,0.18,21.0,7
10.8,0.99365,0.17,38.0,6
9.9,0.99272,0.32,39.0,6
12.6,0.99148,0.4,26.0,7
12.2,0.99235,0.32,38.0,7
10.0,0.99508,0.42,62.0,6
10.6,0.9946,0.28,47.0,7
9.5,0.99674,0.29,66.0,6
12.8,0.99018,0.41,23.0,8
12.2,0.99235,0.32,38.0,7
12.6,0.99084,0.3,28.0,7
9.4,0.99856,0.22,25.0,5
9.0,0.99591,0.26,50.0,5
9.1,0.9975,0.44,26.0,5
9.4,0.9944,0.42,15.0,6
12.2,0.99173,0.36,40.0,7
10.0,0.99378,295.0,18.0,5
9.2,0.99805,0.21,34.0,5
9.3,0.99534,0.28,36.0,5
9.8,0.99232,0.28,11.0,6
9.2,0.99805,0.21,34.0,5
12.0,0.99078,0.22,44.0,7
9.3,0.99534,0.28,36.0,5
12.6,0.99061,0.32,15.0,7
12.2,0.99182,0.19,42.0,6
11.0,0.9966,0.42,49.0,6
12.0,0.9912,0.2,34.0,7
8.8,0.99779,0.24,51.0,5
8.9,0.99814,0.26,58.0,4
12.7,0.99096,0.4,39.0,7
11.8,0.99379,0.2,42.0,6
10.2,0.99426,445.0,11.0,5
9.9,0.99228,0.41,23.0,6
11.1,0.99335,0.2,42.0,6
9.4,0.99595,0.3,54.0,5
9.7,0.99297,0.35,7.0,6
9.7,0.99687,0.35,22.0,5
9.7,0.99297,0.35,7.0,6
9.7,0.99687,0.35,22.0,5
9.8,0.99445,0.3,29.0,5
9.3,0.9986,0.38,25.0,6
10.5,0.99154,0.3,31.0,5
9.3,0.9981,0.4,38.0,6
12.6,0.98993,0.37,64.0,8
8.9,1.00241,0.23,128.0,5
10.3,0.99716,0.27,50.0,5
10.6,0.99437,0.26,110.0,5
9.0,0.9972,0.28,61.0,4
9.7,0.99756,0.34,40.0,5
9.5,0.99509,0.23,21.0,6
10.3,0.99572,0.29,27.0,6
9.7,0.99756,0.34,40.0,5
12.3,0.99175,0.4,27.0,8
10.5,0.99254,0.17,39.0,5
9.5,0.99509,0.23,21.0,6
10.0,0.99676,0.24,41.0,6
8.8,0.9979,0.28,58.0,4
10.9,0.99194,0.23,24.0,6
12.2,0.99077,0.26,14.0,6
9.5,0.99782,0.46,19.0,5
10.0,0.99942,0.31,46.0,5
9.6,0.99708,0.25,53.0,6
8.7,0.99353,0.28,36.0,6
10.7,0.99256,0.18,46.0,7
11.1,0.99199,0.21,26.0,6
12.5,0.9918,0.48,14.0,7
10.4,0.99354,0.34,29.0,6
11.5,0.99244,0.21,20.0,5
9.4,0.99831,0.32,60.0,5
9.3,0.99396,495.0,17.0,5
10.1,0.99724,0.25,30.0,6
9.7,0.99524,0.25,14.0,5
10.5,0.9927,0.18,39.0,6
9.7,0.99802,0.24,44.0,5
9.2,0.99512,0.32,42.5,5
9.8,0.99438,0.32,24.0,5
9.0,0.99679,0.33,40.0,5
9.1,0.99652,0.3,40.0,6
10.4,0.99698,0.34,70.0,6
10.7,0.99474,0.16,29.0,6
10.5,0.99511,0.1,25.0,7
9.2,0.99582,0.45,47.0,5
11.5,0.99125,0.33,5.0,4
10.4,0.99256,0.48,5.0,3
12.0,0.9911,0.2,43.0,6
12.2,0.99168,0.32,41.0,6
12.0,0.9911,0.2,43.0,6
9.8,0.99556,0.22,24.0,6
9.3,1.00098,0.23,52.5,5
9.6,0.99516,0.27,21.0,4
9.5,0.99516,0.27,21.0,4
10.2,0.99518,0.23,37.0,6
10.4,0.99347,0.15,14.0,8
11.0,0.9929,0.26,26.0,6
10.4,0.99347,0.15,14.0,8
8.7,0.99841,0.2,56.0,5
9.9,0.99362,0.3,24.0,4
9.9,0.99361,0.3,24.0,4
11.3,0.9914,0.21,7.0,4
12.0,0.99114,0.46,28.0,8
10.7,0.9925,0.28,34.0,8
10.1,0.99453,0.24,32.0,6
9.6,0.9938,0.17,42.0,7
9.6,0.9938,0.17,43.0,6
8.7,0.99806,695.0,58.0,5
10.3,0.9961,0.27,28.0,5
9.1,1.00016,0.3,25.0,5
11.8,0.9916,0.19,13.0,6
11.9,0.99116,0.36,26.0,6
10.3,0.99319,0.16,17.0,6
10.0,0.99517,0.19,16.0,4
10.2,0.99514,0.16,18.0,4
10.0,0.99566,0.26,72.0,6
12.7,0.99166,0.33,19.0,6
9.6,0.99587,0.16,23.0,5
9.5,0.99558,0.23,59.0,5
12.7,0.99117,0.44,23.0,6
11.0,0.99399,0.31,23.0,6
9.1,0.99741,705.0,44.0,5
10.2,0.99405,0.21,23.0,4
10.1,0.99622,0.16,30.0,6
9.2,1.00051,0.27,50.0,6
9.4,0.99803,0.38,50.0,4
10.2,0.99405,0.21,23.0,4
9.2,0.99773,0.38,28.0,4
10.0,0.99397,0.24,23.0,5
10.1,0.99622,0.16,30.0,6
9.0,0.99713,815.0,45.0,5
9.5,0.99274,0.41,25.0,5
9.1,1.00118,0.36,67.0,5
13.3,0.99176,0.4,23.0,7
9.5,0.9969,0.26,53.0,5
9.2,0.99771,0.44,28.0,5
10.1,0.99411,0.24,17.0,6
9.2,0.99771,0.44,28.0,5
10.1,0.99411,0.24,17.0,6
11.2,0.99194,0.22,32.0,6
9.8,0.99558,0.34,70.0,6
11.2,0.99194,0.22,32.0,6
9.8,0.99558,0.34,70.0,6
9.4,0.99577,0.28,61.0,5
9.0,0.99564,0.29,50.0,5
9.4,0.99578,0.27,60.0,5
8.9,0.99888,0.35,63.0,6
9.1,1.00014,0.28,48.0,6
9.8,0.99441,0.35,9.0,4
9.4,0.99594,0.43,29.0,5
10.0,0.99437,0.26,34.0,6
9.4,0.99594,0.43,29.0,5
9.9,0.9979,0.27,36.0,6
10.0,0.99434,0.46,49.0,5
11.5,0.99203,0.2,13.0,6
9.2,998.0,285.0,32.0,5
10.0,0.99316,0.32,40.0,5
9.2,998.0,285.0,32.0,5
10.0,0.99314,0.34,40.5,5
10.0,0.99316,0.32,40.0,5
9.8,0.99612,0.27,21.0,6
10.5,0.99295,0.26,19.0,6
10.6,0.99394,0.27,61.0,6
9.4,0.99642,0.56,38.0,5
9.4,0.99642,0.56,38.0,5
11.0,0.99248,0.19,35.0,7
10.8,0.99268,0.2,36.0,6
9.0,0.99954,0.29,58.0,5
9.6,0.99692,0.32,47.0,6
10.6,0.99592,0.33,36.0,6
10.6,0.99592,0.33,36.0,6
9.6,0.99692,0.32,47.0,6
9.2,0.99822,0.33,31.0,5
9.2,0.99822,0.33,31.0,5
9.5,0.99402,0.26,11.0,5
9.5,0.99404,0.25,12.0,5
10.3,0.99787,0.26,37.0,7
8.8,0.99347,0.26,35.0,5
8.7,0.99838,0.28,53.0,5
8.7,0.99839,0.27,51.0,5
10.2,0.99375,0.28,27.0,6
10.1,0.99155,0.16,26.0,6
9.5,0.9936,0.34,29.0,5
9.5,0.99434,0.25,34.0,5
11.6,0.9922,0.35,23.0,7
10.7,0.99571,0.24,12.0,6
10.1,0.99658,0.29,20.0,6
11.1,0.99076,0.27,17.0,7
9.8,0.99496,0.56,19.0,5
9.0,0.9937,0.29,52.0,6
11.1,0.99076,0.27,17.0,7
9.5,0.99542,0.27,58.0,6
9.4,0.99825,0.24,18.0,6
10.2,0.99289,0.32,22.0,5
9.8,0.99432,0.37,39.5,6
9.5,0.99523,0.26,54.0,6
9.5,0.99542,0.27,58.0,6
9.0,0.9959,0.3,55.0,5
10.1,0.99543,0.28,61.0,6
8.8,0.99662,0.24,37.0,5
11.9,0.99088,0.27,25.0,6
11.9,0.99088,0.27,25.0,6
9.3,0.99922,0.28,32.0,6
10.0,0.9966,0.39,11.0,6
9.5,0.99466,0.2,49.0,5
9.3,0.99922,0.28,32.0,6
9.7,0.99836,0.31,20.0,4
9.7,0.99836,0.31,20.0,4
10.2,0.99238,0.18,45.0,5
10.8,0.99645,0.23,13.0,5
8.8,1.0,0.21,32.0,5
8.8,1.0,0.21,32.0,5
11.4,0.99376,0.26,37.0,6
8.8,1.0,0.21,32.0,5
9.8,0.99513,0.31,39.0,5
9.4,0.99556,0.34,11.0,4
9.4,0.99556,0.34,11.0,4
9.4,0.99543,0.3,54.0,6
9.4,0.99886,0.4,37.0,6
9.7,0.99526,0.32,63.0,6
12.3,0.99166,0.34,36.0,7
9.8,0.99691,0.26,45.0,6
9.0,0.99732,0.27,18.0,5
9.2,0.99573,0.28,46.0,6
9.4,0.99656,0.3,68.0,6
9.9,0.99112,175.0,20.0,6
9.8,0.99214,0.34,13.0,5
12.3,0.99165,0.34,34.0,7
11.9,0.99004,0.12,15.0,7
10.2,0.99463,0.32,33.0,6
9.5,0.99683,0.51,61.0,6
11.9,0.99004,0.12,15.0,7
9.2,0.99596,0.24,67.0,5
9.7,0.99898,0.41,28.0,5
11.5,0.99114,0.18,35.0,7
10.4,0.99508,0.17,32.0,8
11.6,0.99306,0.2,41.0,5
9.7,0.99898,0.41,28.0,5
10.4,0.99508,0.17,32.0,8
11.5,0.99114,0.18,35.0,7
10.2,0.99342,0.16,29.0,6
9.8,0.99345,0.16,27.0,6
9.0,0.99772,0.42,26.0,5
10.5,0.99239,0.3,57.0,6
9.4,0.99502,0.54,8.0,4
9.4,0.99502,0.54,8.0,4
10.8,0.99479,0.22,53.0,5
10.7,0.99207,0.23,19.0,7
10.6,0.99497,0.26,21.0,6
9.2,0.99828,0.23,15.0,6
9.5,0.99542,0.28,30.0,6
9.5,0.99542,0.28,30.0,6
10.0,0.99228,0.27,20.0,5
10.6,0.99706,0.29,34.0,5
10.6,0.99497,0.26,21.0,6
10.6,0.99669,0.27,19.5,5
9.2,0.99828,0.23,15.0,6
11.0,0.99269,0.32,28.0,6
11.2,0.99196,0.22,17.0,6
9.6,0.99662,0.5,26.0,5
9.4,0.99475,0.33,27.0,5
9.5,0.99544,0.26,62.0,6
9.3,0.99944,0.2,51.0,5
9.4,0.99475,0.33,27.0,5
9.5,0.99544,0.26,62.0,6
9.4,0.9966,0.36,8.0,5
11.2,0.99066,0.13,63.0,7
11.2,0.9907,0.15,67.0,7
11.2,0.99066,0.13,63.0,7
8.8,998.0,0.23,54.0,5
11.2,0.9907,0.15,67.0,7
11.2,0.99066,0.13,63.0,7
9.4,0.99307,255.0,17.0,5
11.1,0.99106,0.32,11.0,6
9.6,0.99696,0.28,36.0,5
11.1,0.99106,0.32,11.0,6
9.4,0.99307,255.0,17.0,5
10.6,0.99167,0.41,28.0,6
8.9,0.99902,0.37,59.0,5
12.3,0.98992,0.21,17.0,7
11.4,0.99182,0.24,39.0,5
9.6,0.99556,0.28,60.0,6
10.3,0.99582,0.24,25.0,6
11.4,0.99182,0.24,39.0,5
12.1,0.98972,0.16,29.0,6
9.9,0.99352,0.14,10.0,5
9.7,0.9946,0.34,31.0,5
10.5,0.99273,0.26,70.0,5
8.9,0.99628,0.17,85.0,6
9.4,0.99582,0.27,74.0,5
9.6,0.99553,0.25,63.0,5
12.6,0.98914,0.3,45.0,7
9.2,0.99354,0.28,49.0,6
10.4,0.99976,0.3,36.0,5
9.0,0.99808,0.18,19.0,7
9.0,0.99808,0.18,19.0,7
9.0,0.99808,0.18,19.0,7
9.0,0.99808,0.18,19.0,7
9.0,0.99808,0.18,19.0,7
9.0,0.99808,0.18,19.0,7
9.2,0.9919,0.14,15.0,6
9.0,0.99808,0.18,19.0,7
9.7,0.99499,615.0,25.0,4
10.1,0.99655,0.13,47.0,6
11.0,0.99615,0.34,24.0,7
10.8,0.99296,0.32,32.0,5
10.8,0.99482,0.21,49.0,5
13.5,0.99079,0.5,12.0,7
10.6,0.99366,0.52,18.0,5
9.8,0.99434,0.28,28.0,5
11.7,0.98958,0.22,56.0,6
9.8,0.99434,0.28,28.0,5
9.0,0.99938,0.32,58.0,6
11.3,0.99059,0.11,51.0,7
9.4,0.99835,0.26,64.0,5
11.7,0.98958,0.22,56.0,6
11.3,0.99159,0.3,37.0,7
11.3,0.99159,0.3,37.0,7
12.0,0.98931,0.2,4.0,6
10.6,0.9938,0.2,22.0,6
10.8,0.99558,0.26,47.0,6
10.8,0.99563,0.25,53.0,6
12.0,0.98931,0.2,4.0,6
9.4,0.99691,0.27,44.0,5
9.4,0.9959,0.3,61.0,5
11.3,0.99159,0.3,37.0,7
9.4,0.99628,0.36,29.0,5
12.0,0.99076,0.21,20.0,5
10.3,0.99678,0.18,47.0,7
10.3,0.99678,0.18,47.0,7
10.3,0.99678,0.18,47.0,7
11.3,0.99089,0.26,48.0,7
9.4,0.99537,0.35,31.0,6
8.7,1.0002,0.28,40.0,5
9.4,0.99628,0.36,29.0,5
11.3,0.99089,0.26,48.0,7
10.3,0.99678,0.18,47.0,7
12.0,0.99076,0.21,20.0,5
8.0,0.99332,0.19,89.0,5
10.4,0.99316,0.24,36.0,7
10.7,0.99272,0.17,39.0,7
10.2,0.99636,0.24,42.0,6
10.9,0.99202,0.6,72.0,5
10.5,0.99148,445.0,23.0,6
11.7,0.99064,0.28,36.0,7
8.6,0.99884,0.44,61.0,5
9.0,0.99773,0.24,40.0,5
8.7,1.00013,0.31,27.0,5
12.8,0.98974,0.32,26.0,6
9.0,0.99773,0.24,40.0,5
8.7,1.00013,0.31,27.0,5
11.8,0.99112,0.13,42.0,6
11.6,0.99136,0.14,36.0,6
11.8,0.99132,0.2,28.0,6
10.6,0.99642,0.15,55.0,5
9.7,0.99488,0.23,14.0,5
10.3,0.99527,0.33,24.0,5
10.2,0.99578,0.17,56.0,6
10.1,0.99352,0.12,38.0,7
10.9,0.99199,0.18,9.0,7
9.3,0.99198,0.15,43.0,5
10.2,0.99756,0.23,29.0,6
10.2,0.99578,0.17,56.0,6
9.5,0.99561,0.34,43.0,5
9.3,0.99347,0.68,25.0,5
12.9,0.98936,0.22,45.0,7
8.7,0.99786,0.28,45.0,5
9.4,0.99705,0.4,76.0,5
10.1,0.9942,0.19,71.0,5
10.0,0.9948,0.23,60.0,4
11.1,0.99116,0.14,51.0,7
10.3,0.99688,0.15,65.0,7
12.2,0.98974,0.15,27.0,6
9.3,0.99542,0.33,35.0,6
11.3,0.99154,0.3,46.0,6
10.8,0.99118,0.23,46.0,6
11.2,0.99044,0.13,15.0,8
12.5,0.9914,0.21,36.0,7
9.3,0.9979,0.4,15.0,5
12.9,0.98892,0.34,38.0,7
11.2,0.99114,0.12,21.0,7
12.6,0.99188,655.0,21.0,6
9.3,0.99583,0.26,45.0,5
12.9,0.98892,0.34,38.0,7
12.9,0.98892,0.3,38.0,7
9.5,0.99704,0.15,46.0,7
11.9,0.9911,0.37,5.0,6
10.3,0.99334,0.35,23.0,7
10.3,0.99334,0.32,23.0,7
11.2,0.99094,0.1,33.0,6
12.0,0.99014,0.25,32.0,6
9.6,0.99304,0.31,21.0,5
9.2,0.99652,0.18,29.0,6
12.9,0.98944,0.17,52.0,6
9.3,0.99772,0.19,46.0,6
12.1,0.99367,0.32,15.0,6
9.6,0.99304,0.31,21.0,5
11.2,0.99183,0.21,35.0,6
11.2,0.99126,0.16,28.0,7
12.9,0.98944,0.17,52.0,6
9.2,0.99577,0.24,56.0,5
9.3,0.99772,0.19,46.0,6
9.2,0.99652,0.18,29.0,6
9.3,0.99428,0.3,26.0,6
10.7,0.99388,0.28,26.0,6
9.8,0.99208,0.31,20.0,6
10.3,0.99256,0.23,28.0,6
10.7,0.99388,0.28,26.0,6
11.3,0.9925,0.23,26.0,6
8.8,0.99904,0.22,36.0,6
10.8,0.99216,0.18,16.0,5
9.8,0.99208,0.31,20.0,6
9.3,0.99428,0.3,26.0,6
11.5,0.99165,0.46,15.0,7
8.8,0.99924,0.23,43.0,5
8.8,0.99924,0.23,43.0,5
8.8,0.99924,0.23,43.0,5
9.4,0.9956,0.26,68.0,6
9.4,0.99562,0.26,64.0,6
9.6,0.9972,0.28,59.0,6
8.8,0.99924,0.23,43.0,5
9.3,0.9958,0.23,56.0,6
8.9,0.99976,0.25,66.0,5
8.9,0.99976,0.25,66.0,5
10.0,0.99296,0.2,25.0,5
9.1,0.9957,0.21,47.0,5
9.3,0.9958,0.23,56.0,6
9.4,0.99579,0.24,59.0,6
10.1,0.99541,0.25,46.0,6
8.9,0.99976,0.25,66.0,5
10.8,0.99518,0.16,59.0,6
10.0,0.99168,0.28,18.0,6
10.9,0.99276,0.18,53.0,6
12.0,0.99085,0.26,29.0,7
9.3,0.99873,0.37,22.0,5
12.3,0.99172,0.4,32.0,7
10.4,0.99312,0.26,29.0,6
10.9,0.99276,0.18,53.0,6
10.5,0.9972,0.23,62.0,5
9.8,0.99278,0.2,22.0,6
10.5,0.99092,0.17,34.0,6
9.9,0.9962,0.35,86.0,6
11.4,0.99053,0.29,24.0,7
9.2,0.99858,0.3,41.0,5
9.7,0.9984,0.51,30.0,5
10.0,0.99335,0.51,13.0,5
11.4,0.99053,0.29,24.0,7
10.3,0.9949,0.29,50.0,6
9.9,0.9962,0.35,86.0,6
10.5,0.99092,0.17,34.0,6
9.8,0.99532,0.2,29.0,7
9.3,0.99727,615.0,24.0,5
12.4,0.99026,0.32,25.0,7
9.3,0.99668,0.2,54.0,6
9.3,0.99727,615.0,24.0,5
9.5,0.9952,0.23,49.0,6
10.5,0.99144,0.27,9.0,6
10.5,0.99144,0.27,9.0,6
12.8,0.99015,0.44,19.0,7
10.8,0.9914,0.34,44.0,6
10.0,0.99693,0.26,48.0,6
11.8,0.99035,0.17,96.0,8
10.0,0.99693,0.26,48.0,6
11.8,0.99035,0.17,96.0,8
12.0,0.99006,0.17,38.0,6
12.6,0.99126,0.43,15.0,6
11.9,0.98994,315.0,15.0,8
10.6,0.98985,0.17,5.0,5
9.2,0.9971,0.34,47.0,5
10.0,0.99882,0.33,42.0,6
9.2,0.99477,0.12,18.0,5
9.3,0.99478,0.13,19.0,6
10.2,0.99576,0.18,25.0,6
10.2,0.99578,0.16,25.0,6
8.7,0.99354,0.26,51.0,5
10.7,0.99244,0.32,8.0,5
12.1,0.99084,0.3,4.0,6
9.5,0.99612,0.16,58.0,6
11.2,0.99356,0.27,17.0,6
12.0,0.98952,0.16,36.0,6
9.5,0.99612,0.16,58.0,6
12.1,0.99084,0.3,4.0,6
10.7,0.99244,0.32,8.0,5
8.8,0.99955,0.44,29.0,7
10.8,0.99374,0.2,36.0,6
13.1,0.9892,0.29,39.0,7
12.5,0.99144,0.39,22.0,7
11.7,0.99352,0.36,37.0,8
11.7,0.99352,0.36,37.0,8
11.6,0.9935,0.36,35.0,8
11.3,0.99237,0.2,24.0,6
12.5,0.99144,0.39,22.0,7
11.4,0.99022,0.2,42.0,5
12.2,0.99032,235.0,4.0,5
11.7,1.03898,965.0,8.0,6
10.4,0.99587,0.2,32.0,6
10.4,0.99587,0.2,32.0,6
10.4,0.99587,0.2,32.0,6
9.1,0.99976,0.24,35.0,5
12.2,0.99354,0.3,8.0,6
9.1,0.99976,0.24,35.0,5
9.4,0.99552,0.4,41.0,5
9.4,0.99552,0.4,42.0,5
10.4,0.99587,0.2,32.0,6
9.2,0.99604,0.25,61.0,5
9.4,0.99584,0.26,52.0,5
13.5,0.98894,0.37,39.0,7
9.4,0.9963,0.35,37.0,5
10.9,993.0,0.22,15.0,8
13.5,0.98894,0.37,39.0,7
9.4,0.9963,0.35,37.0,5
11.4,0.99068,0.31,34.0,7
12.4,0.98964,0.16,45.0,7
9.2,0.99604,0.25,61.0,5
9.4,0.99584,0.26,52.0,5
10.5,0.9923,0.15,8.0,6
11.5,0.99437,0.15,16.0,8
10.9,993.0,0.22,15.0,8
10.8,0.99238,0.2,36.0,6
8.9,0.99801,0.17,52.0,5
8.9,0.99802,0.18,53.0,5
9.4,0.99566,0.27,60.0,6
12.2,0.99067,0.32,25.0,7
12.1,0.99066,0.26,22.0,7
10.9,0.9929,0.3,23.0,5
10.1,0.9934,0.16,27.0,6
12.2,0.99067,0.32,25.0,7
13.0,0.98912,0.19,14.0,7
11.0,0.99066,0.36,15.0,5
10.8,0.99228,0.17,24.0,5
13.0,0.98912,0.19,14.0,7
9.3,0.9958,0.11,69.0,4
11.4,0.99052,0.21,63.0,6
9.2,0.99312,325.0,49.0,5
9.9,0.9968,0.4,42.0,5
10.5,0.99502,0.2,25.0,5
12.4,0.99084,0.27,18.0,6
9.5,0.99573,0.26,52.0,6
10.5,0.99256,0.25,41.0,6
9.1,0.9959,0.22,52.0,6
11.5,0.99084,0.14,53.0,7
11.5,0.99084,0.14,53.0,7
11.2,0.99644,0.26,31.0,5
10.8,0.99526,0.22,59.0,5
9.4,0.9954,0.45,31.0,5
11.0,0.99095,0.17,13.0,6
11.3,0.99188,0.44,22.0,7
11.2,0.9909,0.15,51.0,6
10.5,0.99256,0.25,41.0,6
9.1,0.9959,0.22,52.0,6
10.4,0.99581,0.26,35.0,6
11.2,0.99132,0.15,14.0,7
11.1,0.98936,0.22,34.0,7
11.2,0.99136,0.37,23.0,6
10.5,0.99142,375.0,17.0,6
10.0,0.99232,0.2,23.0,6
10.0,0.99232,0.22,24.0,6
10.9,993.0,0.22,24.0,5
10.9,0.99311,0.22,16.0,7
11.2,0.99132,0.15,14.0,7
11.7,0.98993,0.2,40.0,5
10.0,0.99208,0.31,55.0,5
9.5,0.99776,0.43,22.0,5
9.0,0.99839,0.24,55.0,5
10.0,0.99574,0.23,19.0,5
11.9,0.99093,0.2,37.0,5
10.6,0.99156,0.16,40.0,6
11.0,0.99278,0.21,29.0,6
11.2,0.9924,0.33,46.0,7
12.0,0.98984,0.18,29.0,7
12.6,0.99035,0.29,39.0,8
11.2,0.9924,0.33,46.0,7
10.5,0.99165,0.21,48.0,6
10.2,0.9923,0.21,66.0,6
11.0,0.99278,0.21,29.0,6
12.2,0.99008,0.11,12.0,6
12.3,0.98964,0.15,19.0,6
10.6,0.99156,0.16,40.0,6
10.4,0.9909,0.19,33.0,6
12.0,0.98984,0.18,29.0,7
12.7,0.9889,0.48,22.0,7
10.6,0.99178,0.23,18.0,5
12.3,0.99076,0.17,25.0,6
12.7,0.9889,0.48,22.0,7
11.4,0.99046,0.15,20.0,6
12.0,0.98999,0.17,93.0,7
12.4,0.98946,0.21,38.0,8
12.1,0.98976,0.23,74.0,7
11.4,0.99046,0.15,20.0,6
10.7,0.99672,0.22,57.0,5
9.3,0.99482,0.15,75.0,5
12.7,0.98945,0.32,35.0,6
11.7,0.98883,0.37,24.0,6
10.7,0.99362,0.25,22.0,5
11.8,0.99075,0.21,38.0,7
9.9,0.99436,0.24,37.0,5
13.4,0.98988,475.0,16.0,7
12.8,0.99158,0.28,30.0,7
12.8,0.99265,0.4,24.0,6
10.5,0.99195,0.41,18.0,5
11.5,0.99168,0.2,24.0,5
10.5,0.9918,0.22,5.0,4
13.0,0.99313,0.36,21.0,6
12.4,0.9895,285.0,64.0,8
10.2,0.9932,0.2,40.0,6
9.0,0.99848,0.42,67.0,5
12.0,0.9909,0.16,85.0,7
11.7,0.99014,125.0,22.0,7
10.0,0.9952,0.44,20.0,5
10.3,0.99652,0.31,42.0,5
9.0,0.99848,0.42,67.0,5
11.1,0.99104,0.18,25.0,5
9.0,0.99772,0.21,59.0,5
10.5,0.9922,0.16,37.0,6
11.9,0.99076,0.22,36.0,7
9.4,0.99622,0.36,38.0,5
11.4,0.9902,0.21,26.0,6
10.8,0.99114,0.25,40.0,7
9.8,0.9938,0.31,40.0,5
9.3,0.99594,0.26,59.0,5
11.4,0.9902,0.21,26.0,6
11.3,0.99035,0.2,22.0,6
11.3,0.99032,0.18,23.0,6
9.5,0.99558,0.37,49.0,5
9.4,0.99622,0.36,38.0,5
11.9,0.99076,0.22,36.0,7
9.3,0.99413,0.18,49.0,5
11.4,0.99043,0.14,22.0,6
11.4,0.99043,0.14,22.0,6
12.7,0.98982,0.44,57.0,6
13.5,0.98934,0.36,26.0,7
11.2,0.9902,0.28,15.0,6
10.7,0.99449,0.16,38.0,5
10.8,0.99629,0.28,13.0,4
10.5,0.9948,0.39,27.0,6
13.0,0.98984,0.44,44.0,8
10.8,0.99326,0.22,41.0,6
9.1,0.99834,0.22,39.0,6
10.1,0.99555,0.25,67.0,5
11.9,0.98975,155.0,13.0,8
12.0,0.99216,0.31,45.0,7
12.0,0.99216,0.31,45.0,7
9.1,0.99834,0.22,39.0,6
11.6,0.9901,0.21,81.0,8
11.9,0.98975,155.0,13.0,8
10.2,0.99573,0.25,69.0,6
10.8,0.99326,0.22,41.0,6
9.8,0.99215,0.21,11.0,5
11.4,0.98993,0.27,3.0,4
9.8,0.99218,0.17,11.0,5
10.1,0.99555,0.25,67.0,5
9.8,0.99564,0.12,41.0,8
9.8,0.99564,0.12,41.0,8
10.7,0.99397,0.29,49.0,6
10.6,0.99576,0.3,14.0,5
9.3,0.99601,0.26,49.0,5
9.8,0.99564,0.12,41.0,8
10.7,0.99397,0.29,49.0,6
14.0,0.98713,0.33,39.0,8
11.0,0.99308,0.29,27.0,6
11.0,0.99308,0.29,27.0,6
9.4,0.99582,0.26,55.0,6
9.0,0.99494,0.28,30.0,6
9.0,0.9929,0.28,8.0,5
10.0,0.99471,0.2,17.0,5
9.0,0.9929,0.27,9.0,5
9.0,0.9929,0.28,8.0,5
12.4,0.99037,0.29,25.0,7
11.3,0.99304,0.35,28.0,5
12.0,0.99026,0.12,36.0,6
11.7,0.98986,0.12,37.0,6
10.0,0.99471,0.2,17.0,5
13.2,0.98951,0.4,26.0,7
11.0,0.99634,0.11,41.0,7
11.0,0.99368,0.23,30.0,6
9.2,0.99792,0.38,14.0,5
13.0,0.99026,0.38,38.0,7
10.6,0.99362,0.19,38.0,5
13.0,0.98919,0.34,31.0,8
9.0,0.99835,0.23,33.0,6
9.0,0.99835,0.23,33.0,6
11.5,0.99038,0.31,52.0,5
11.0,0.99104,0.2,17.0,6
11.5,0.99038,0.31,52.0,5
9.9,0.99286,0.26,10.0,5
10.4,0.99296,0.22,31.0,6
9.0,0.99835,0.23,33.0,6
9.9,0.9954,0.19,50.0,6
11.0,0.9914,0.14,71.0,6
12.1,0.99286,0.32,34.0,6
9.7,0.99604,0.23,45.0,6
9.7,0.99604,0.23,45.0,6
12.2,0.99119,0.36,39.0,7
12.4,0.99007,0.38,31.0,7
10.5,0.99507,0.23,30.0,7
10.4,0.99596,0.2,29.0,6
12.0,0.99011,0.26,48.0,6
12.7,0.99184,0.3,4.0,6
10.9,0.99469,0.18,29.0,7
10.9,0.99469,0.18,29.0,7
10.9,0.99406,0.18,29.0,7
11.4,0.99305,0.19,17.0,7
11.0,0.99096,0.16,74.0,6
12.6,0.98956,0.27,58.0,7
11.6,0.9921,0.37,45.0,7
10.5,0.99496,0.2,29.0,7
10.9,0.99406,0.18,29.0,7
10.9,0.99406,0.18,29.0,7
12.5,0.9888,0.28,42.0,6
12.1,0.98942,0.35,32.0,8
11.3,0.99082,0.25,35.0,6
13.3,0.98802,0.32,18.0,7
10.9,0.99406,0.18,29.0,7
10.9,0.99469,0.18,29.0,7
10.5,0.99496,0.2,29.0,7
11.6,0.9921,0.37,45.0,7
11.4,0.99305,0.19,17.0,7
11.0,0.99074,0.18,26.0,6
12.1,0.98968,0.3,40.0,6
11.0,0.99096,0.16,74.0,6
12.6,0.98956,0.27,58.0,7
13.0,0.9887,0.3,54.0,7
8.8,0.99941,0.2,50.0,6
9.5,0.99388,0.25,30.5,5
11.8,0.99206,0.22,30.0,6
12.2,0.99035,0.25,29.0,6
10.7,0.99581,0.13,36.0,6
11.0,0.9976,0.45,12.0,6
11.4,0.99362,0.32,14.0,6
10.7,0.99581,0.13,36.0,6
12.0,0.99016,0.34,57.0,6
11.9,0.99176,0.22,33.0,8
11.4,0.99362,0.32,14.0,6
11.8,0.99439,0.32,3.0,6
10.6,0.99458,0.27,6.0,4
9.7,0.99418,0.74,24.0,5
11.0,0.9976,0.45,12.0,6
10.7,0.99581,0.13,36.0,6
11.0,0.99178,0.22,69.0,7
10.5,0.99456,0.22,17.0,6
10.4,0.99578,0.32,44.0,5
10.5,0.99546,0.18,21.0,6
12.0,0.99518,0.47,22.0,8
12.0,0.99518,0.47,22.0,8
9.2,0.99646,0.19,33.0,6
10.9,0.99264,0.14,15.0,5
9.5,0.99578,0.24,50.0,6
9.4,0.99604,0.25,36.0,6
11.3,0.99014,0.24,31.0,7
10.4,0.99489,0.29,26.0,5
9.4,0.99884,0.33,57.0,6
11.3,0.99054,0.23,43.0,6
8.8,0.99782,0.27,59.0,6
10.8,0.99519,0.2,58.0,5
9.4,0.99882,0.33,58.0,6
9.4,0.99884,0.33,57.0,6
9.2,0.9931,0.21,46.0,6
10.3,0.99666,0.27,15.0,6
9.9,0.99324,0.12,21.0,6
12.4,0.99086,0.24,38.0,6
11.9,0.9908,0.18,42.0,5
11.7,0.99067,0.17,33.0,6
9.4,0.99711,0.33,49.0,5
9.6,0.99452,255.0,138.5,4
9.4,0.99711,0.33,49.0,5
10.4,0.9945,0.2,78.0,7
9.5,0.99427,0.17,26.0,5
11.9,0.99152,0.15,7.0,6
12.5,0.98935,0.25,36.0,6
13.4,0.98876,0.28,6.0,5
12.7,0.99174,0.27,27.0,5
9.1,0.99572,0.25,54.0,5
10.5,0.99184,0.19,23.0,6
10.4,0.99454,0.25,58.0,5
10.4,0.99454,0.25,58.0,5
12.5,0.99164,0.28,30.0,8
10.4,0.99454,0.25,58.0,5
9.0,0.99778,0.21,77.0,5
9.8,0.9975,0.15,54.0,6
9.0,0.99778,0.21,77.0,5
10.7,0.99205,0.28,29.0,4
12.4,0.98962,0.18,28.0,6
12.5,0.99118,0.53,6.0,8
12.5,0.99164,0.28,30.0,8
12.1,0.99274,0.36,20.0,7
11.3,0.99184,0.25,95.0,6
12.0,0.99052,0.24,48.0,5
10.4,0.99546,0.25,29.0,5
12.2,0.98972,0.15,23.0,7
8.6,0.9942,0.28,24.0,5
9.1,0.99572,0.25,54.0,5
12.1,0.99022,0.28,35.0,5
12.0,0.99253,0.35,9.0,5
10.5,0.99184,0.19,23.0,6
10.4,0.99454,0.25,58.0,5
11.9,0.9903,0.35,10.0,6
13.7,0.98906,0.31,28.0,7
11.3,0.99146,0.17,33.0,6
10.5,0.9951,0.23,24.0,6
13.7,0.98906,0.31,28.0,7
10.1,995.0,0.2,38.0,3
12.3,0.98876,0.37,12.0,6
12.0,0.98956,0.36,20.0,7
11.3,0.99146,0.17,33.0,6
9.5,0.99592,0.28,61.0,6
11.4,0.99129,0.27,28.0,6
11.9,0.99064,0.25,40.0,7
10.0,0.99368,0.24,3.0,6
10.0,0.99368,0.24,3.0,6
11.3,0.99121,0.13,19.0,7
11.7,0.99104,0.78,30.0,5
11.0,0.99221,0.33,44.0,7
12.2,0.98924,0.34,34.0,7
10.7,0.99176,0.14,57.0,7
10.9,0.99432,0.26,25.0,6
10.2,0.99366,0.29,18.0,6
11.9,0.99064,0.25,40.0,7
11.1,0.99178,0.21,20.0,5
11.2,0.99126,0.26,26.0,6
11.4,0.99129,0.27,28.0,6
10.6,0.99252,0.25,31.0,6
10.3,0.99709,0.35,33.0,5
10.4,0.99513,0.3,31.0,4
11.9,0.99045,0.24,19.0,6
11.9,0.99,0.23,41.0,7
10.4,0.99305,0.23,24.0,5
9.2,0.99888,0.24,22.0,6
11.3,0.99182,0.17,37.0,6
11.3,0.99182,0.17,37.0,6
11.0,0.9913,0.21,35.0,7
11.9,0.99,0.23,41.0,7
12.9,0.98836,0.28,47.0,7
10.8,0.9897,0.19,3.0,5
9.1,0.99586,0.25,53.0,6
10.4,0.99305,0.23,24.0,5
12.9,0.98892,0.18,31.0,6
12.2,0.99156,0.18,10.0,5
9.2,0.99888,0.24,22.0,6
10.3,0.99534,0.23,41.0,5
11.0,0.99322,0.17,47.0,7
11.0,0.99296,0.3,10.0,5
11.7,0.99098,0.24,31.0,6
12.0,0.98972,0.21,37.0,6
12.7,0.98964,0.33,30.0,6
8.8,0.99918,0.35,59.0,5
11.3,0.99182,0.17,37.0,6
12.8,0.99008,0.25,38.0,6
11.2,992.0,0.16,45.0,6
8.9,0.99851,0.39,51.0,6
11.2,0.99026,0.19,52.0,5
11.1,0.9906,0.25,42.0,6
10.8,0.99293,0.22,34.0,6
9.3,0.99658,0.19,33.0,6
8.9,0.99851,0.39,51.0,6
12.7,0.9911,0.33,9.0,7
12.0,0.9904,0.17,35.0,6
11.2,0.99026,0.19,52.0,5
8.8,0.99946,0.23,37.0,6
8.8,0.99946,0.23,37.0,6
8.8,0.99946,0.23,37.0,6
10.4,0.99568,0.32,45.0,6
8.8,0.99946,0.23,37.0,6
10.4,0.99568,0.32,45.0,6
14.0,0.9907,0.39,12.0,6
8.8,0.99946,0.23,37.0,6
13.1,0.99018,0.25,51.0,6
12.3,0.98994,0.29,30.0,6
12.6,0.99075,0.4,40.0,6
12.0,0.99212,0.39,38.0,7
9.5,0.99684,0.17,28.0,5
12.0,0.99212,0.39,38.0,7
12.7,0.99036,0.36,39.0,7
10.5,0.99456,0.19,30.0,6
12.9,0.98865,0.34,6.0,6
9.5,0.99684,0.17,28.0,5
12.0,0.99212,0.39,38.0,7
12.7,0.99036,0.36,39.0,7
11.9,0.99222,0.3,20.0,6
12.0,0.99022,0.68,32.0,6
12.5,0.99076,0.34,42.0,6
12.1,0.99144,0.28,36.0,7
12.5,0.98961,0.19,22.0,6
9.9,0.9936,0.16,28.0,6
10.7,0.99126,0.17,63.0,6
12.0,0.99044,0.2,24.0,6
12.2,0.99123,0.33,34.0,8
12.4,0.99123,0.33,39.0,8
12.4,0.9916,0.36,37.0,8
10.3,0.9959,0.21,55.0,6
12.0,0.99044,0.2,24.0,6
10.5,0.9931,0.41,44.0,5
9.5,0.99422,0.15,23.0,6
10.5,0.99194,0.2,31.0,4
12.3,0.98926,0.24,31.0,6
11.9,0.99306,0.16,38.0,6
9.8,0.99164,0.12,23.0,5
12.3,0.98926,0.24,31.0,6
11.4,0.98988,0.1,17.0,7
11.0,0.99268,0.21,49.0,6
10.8,0.99373,0.3,10.0,4
12.8,0.98939,0.18,42.0,7
11.0,0.99318,0.17,42.0,8
10.2,0.99196,0.19,42.0,5
12.5,0.98952,0.28,31.0,7
11.6,0.9911,0.24,49.0,6
11.9,0.99306,0.16,38.0,6
9.8,0.99164,0.12,23.0,5
11.0,0.99111,0.16,7.0,5
10.9,0.99321,0.21,36.0,6
11.0,0.99326,0.22,35.0,7
12.5,0.99124,0.34,47.0,6
11.0,0.99326,0.22,35.0,7
12.0,0.99214,0.21,40.0,7
12.4,0.9897,0.31,46.0,7
12.5,0.99124,0.34,47.0,6
12.8,0.98915,0.42,34.0,7
11.0,0.99326,0.22,35.0,7
9.1,0.99692,0.28,34.0,5
12.4,991.0,0.45,28.0,7
12.9,0.9913,0.29,22.0,7
10.9,0.99234,0.21,24.0,6
10.8,0.99402,0.25,39.0,5
10.6,0.99678,0.21,56.0,5
9.0,0.99458,0.33,29.0,5
12.0,0.99452,0.3,52.0,6
11.8,0.99033,0.24,23.0,5
10.6,0.9927,0.18,67.0,6
12.3,0.99002,335.0,17.0,6
11.5,0.99057,0.14,20.0,6
11.1,0.99127,0.13,48.0,5
9.0,0.99458,0.33,29.0,5
9.9,0.9927,0.29,8.0,4
12.8,0.98938,0.35,37.0,7
12.9,0.99001,0.38,19.0,5
12.9,0.99386,0.24,8.0,6
12.0,0.9899,0.16,41.0,6
12.0,0.99452,0.3,52.0,6
11.2,0.9913,0.15,57.0,6
13.3,0.98916,0.33,35.0,7
9.9,0.99276,0.2,38.0,6
9.5,0.99586,0.27,52.0,6
9.4,0.99556,0.27,58.0,6
11.0,0.99158,0.2,42.0,7
9.4,0.99548,0.13,60.0,6
11.5,0.99206,0.21,27.0,6
12.5,0.99412,0.31,6.0,5
11.9,0.99364,0.2,21.0,6
10.4,0.99338,0.25,22.0,6
11.2,0.9913,0.15,57.0,6
12.5,0.99123,0.22,44.0,6
11.0,0.99216,0.23,43.0,7
9.8,0.99328,0.27,37.0,5
12.3,0.99031,0.34,29.0,7
11.0,0.9908,0.16,29.0,6
12.6,0.98871,0.3,19.0,7
11.6,0.99119,0.29,42.0,6
12.3,0.99031,0.34,29.0,7
13.4,0.99146,0.21,20.0,7
9.8,0.99328,0.27,37.0,5
11.5,0.99245,0.22,39.0,6
11.6,0.99116,0.27,46.0,6
11.1,0.9921,0.25,41.0,7
11.0,0.99216,0.23,43.0,7
11.3,0.99162,0.13,52.0,6
9.9,0.99632,0.24,64.0,6
12.6,0.99082,0.26,31.0,8
11.8,0.9905,0.3,37.0,8
11.4,0.99177,0.38,54.0,5
9.2,0.9986,0.19,39.0,6
9.2,0.9986,0.19,39.0,6
9.2,0.9986,0.19,39.0,6
9.2,0.9986,0.19,39.0,6
9.2,0.9986,0.19,39.0,6
9.2,0.9986,0.19,39.0,6
13.0,0.98923,0.32,24.0,5
9.3,1.00014,0.19,32.0,7
12.6,0.99026,0.26,36.0,8
9.6,0.99358,0.24,60.0,6
8.0,0.99688,215.0,64.0,3
11.8,0.99407,0.24,34.0,6
10.2,0.99226,0.23,39.0,6
12.7,0.99097,0.33,26.0,6
9.4,0.9976,0.38,42.0,5
10.2,0.99166,0.15,21.0,5
12.0,0.99184,0.32,27.0,7
11.3,0.99135,0.22,29.0,7
11.8,0.99074,0.23,40.0,7
10.9,0.99193,0.22,40.0,5
9.8,0.99226,0.48,32.0,4
12.2,0.99142,0.23,29.0,8
11.1,0.99091,0.16,21.0,7
9.4,0.9976,0.38,42.0,5
11.4,0.99134,0.16,23.0,6
10.2,0.99166,0.15,21.0,5
12.8,0.98964,0.32,20.0,6
10.1,0.99229,0.12,43.0,7
9.4,0.99396,0.2,35.0,6
12.2,0.99148,0.34,38.0,6
10.9,0.9913,0.21,40.0,7
10.9,0.99126,0.23,40.0,7
10.9,0.9913,0.21,40.0,7
9.4,0.99396,0.2,35.0,6
9.4,0.99562,0.28,60.0,5
11.4,0.99128,0.25,10.0,5
12.9,0.98896,0.12,21.0,8
9.4,0.99558,0.28,59.0,5
12.0,0.98961,0.17,29.0,7
10.1,0.99338,0.25,19.0,6
9.4,0.99558,0.28,59.0,5
9.4,0.99562,0.28,60.0,5
9.2,0.99572,0.25,54.0,5
11.8,0.99056,0.24,43.0,6
12.3,0.99146,0.32,31.0,7
11.4,0.99128,0.25,10.0,5
12.9,0.98896,0.12,21.0,8
12.3,0.99172,0.24,26.0,6
13.5,0.99012,0.22,36.0,7
12.8,0.98912,0.32,41.0,7
12.8,0.98902,0.19,33.0,7
12.8,0.98912,0.32,41.0,7
11.0,0.99395,0.24,124.0,3
10.6,0.99539,0.35,19.0,6
12.4,0.99129,0.46,35.0,7
12.9,0.98956,0.3,33.0,7
11.1,0.9916,0.19,67.0,7
12.9,0.98889,0.24,36.0,7
11.8,0.99012,145.0,14.0,7
9.1,0.99833,435.0,66.0,6
12.7,0.98853,0.18,19.0,7
12.0,0.98942,0.18,31.0,6
11.2,0.99266,0.32,32.0,6
12.4,0.98962,0.16,26.0,7
10.4,0.99168,0.21,48.0,5
10.4,0.9968,0.29,29.0,5
12.7,0.98934,0.26,15.0,6
12.5,0.98995,0.26,30.0,7
12.0,991.0,0.17,15.0,6
11.6,0.99152,0.17,13.0,6
12.6,0.99048,0.25,42.0,7
10.2,0.99204,0.17,62.0,5
10.4,0.99202,0.17,11.0,7
11.5,0.9906,0.24,18.0,5
11.0,0.99091,0.21,36.0,6
10.1,0.99472,0.23,45.0,6
10.5,0.99452,0.23,47.0,6
12.1,0.99177,0.22,29.0,7
9.9,0.9934,165.0,42.0,6
11.4,0.99082,425.0,23.0,6
9.5,0.99784,0.38,52.0,6
9.5,0.99784,0.38,52.0,6
9.5,0.99784,0.38,52.0,6
10.9,0.99665,0.27,6.0,6
9.5,0.99422,0.17,23.0,6
12.6,0.98999,0.3,19.0,6
9.5,0.99422,0.17,23.0,6
11.1,0.99254,0.26,34.0,5
9.5,0.99782,0.36,51.0,7
9.5,0.99784,0.38,52.0,6
10.6,0.9952,0.18,64.0,6
10.6,0.99519,0.18,64.0,6
10.8,0.99384,0.16,43.0,6
10.9,0.99665,0.27,6.0,6
9.9,0.99596,0.17,26.0,6
11.3,0.9935,0.22,41.0,6
12.6,0.98862,0.22,47.0,6
12.5,0.99151,0.36,29.0,6
12.4,0.9922,0.43,31.0,6
11.8,0.99426,0.2,29.0,7
12.2,0.99168,0.32,26.0,6
10.7,0.99556,0.2,54.0,6
11.3,0.99356,0.22,25.0,7
12.5,0.99151,0.36,29.0,6
12.4,0.9922,0.43,31.0,6
11.3,0.99072,0.18,12.0,7
9.9,0.99596,0.17,26.0,6
11.3,0.9935,0.22,41.0,6
12.6,0.98862,0.22,47.0,6
11.5,0.98954,0.2,38.0,6
12.3,0.99076,0.2,26.0,7
12.2,0.9889,0.3,31.0,6
13.2,0.98794,0.29,30.0,6
10.2,0.99207,0.18,53.0,6
11.5,0.99355,0.22,32.0,7
13.2,0.98794,0.29,30.0,6
12.2,0.9889,0.3,31.0,6
11.0,0.99336,0.15,51.0,6
13.2,0.98882,0.28,49.0,7
9.5,0.99341,0.19,57.0,5
10.2,997.0,0.22,38.0,6
10.2,0.99207,0.18,53.0,6
11.4,0.99174,0.4,51.0,6
12.5,0.99042,0.28,56.0,8
9.2,0.9984,0.36,87.0,5
12.1,0.99111,0.28,29.0,7
10.7,0.9933,0.19,51.0,7
12.1,0.99111,0.28,29.0,7
11.2,0.99316,0.22,50.0,6
10.6,0.9946,0.23,42.0,6
11.8,0.99,0.32,34.0,6
12.5,0.99042,0.28,56.0,8
9.2,0.9984,0.36,87.0,5
12.6,0.99016,0.39,22.0,6
12.8,0.99381,0.24,11.0,7
12.3,0.99144,0.29,35.0,6
12.3,0.99139,0.28,37.0,8
12.4,0.9919,0.38,35.0,6
12.3,0.99192,0.28,35.0,6
9.1,0.99576,0.25,52.0,5
9.1,0.9958,0.26,48.0,5
10.6,0.9951,0.29,43.0,6
10.3,0.99304,0.19,44.0,6
9.5,0.99657,0.33,52.0,5
11.1,0.99268,0.32,25.0,6
10.8,0.99392,0.46,18.0,6
11.2,0.99242,0.19,34.0,5
10.8,0.99392,0.46,18.0,6
11.4,0.9925,0.27,52.0,5
11.2,0.99092,0.18,9.0,6
10.2,0.99137,0.15,14.0,6
11.1,0.99268,0.32,25.0,6
9.5,0.99657,0.33,52.0,5
10.2,0.99642,0.32,63.0,6
11.0,0.9916,0.23,24.0,3
11.5,0.99458,0.3,32.0,7
9.8,0.99373,0.14,37.0,6
10.1,0.99586,0.24,56.0,6
8.8,0.99942,0.21,31.0,6
11.5,0.99458,0.3,32.0,7
12.7,0.9895,0.3,50.0,7
9.8,0.9963,0.37,34.0,6
12.9,0.9892,0.64,18.0,4
9.8,0.9963,0.37,34.0,6
12.7,0.9895,0.3,50.0,7
8.5,1.00196,0.28,30.0,5
12.7,0.99036,0.29,28.0,8
13.1,989.0,0.28,22.0,8
9.1,0.99947,0.18,48.0,5
12.5,0.9916,0.32,18.0,6
9.1,0.99945,0.17,47.0,6
9.1,0.99945,0.17,47.0,6
11.2,0.99375,0.24,63.0,6
12.5,0.9916,0.32,18.0,6
9.1,0.99947,0.18,48.0,5
9.1,0.99945,0.17,47.0,6
9.1,0.99946,0.18,45.0,6
11.5,0.99153,0.29,41.0,5
12.9,0.98834,255.0,30.0,7
12.5,0.99138,0.34,19.0,6
12.3,0.98928,0.24,26.0,6
11.4,0.99246,0.24,20.0,6
9.4,0.99576,0.4,24.0,5
9.1,0.99956,0.3,65.0,5
9.4,0.99576,0.4,24.0,5
12.0,0.99026,0.17,35.0,5
11.1,0.99174,0.25,31.0,5
11.8,0.99058,0.27,14.0,7
11.4,0.9905,0.16,36.0,6
9.1,0.99956,0.3,65.0,5
12.1,0.99192,0.15,59.0,8
10.4,0.99554,0.34,34.0,6
9.2,0.99536,0.17,33.0,6
13.0,0.99056,0.47,29.0,7
12.1,0.99192,0.15,59.0,8
11.5,0.99112,0.21,43.0,7
11.5,0.99112,0.21,43.0,7
10.0,0.99616,0.24,13.0,5
11.1,0.99266,0.34,23.0,6
12.4,0.98918,0.54,40.0,5
12.2,0.98926,0.23,29.0,6
10.6,0.99114,0.39,60.0,5
11.1,0.9912,105.0,55.0,7
13.9,0.98936,0.32,17.0,7
9.2,0.9983,0.22,68.0,6
10.5,0.99532,0.19,41.0,6
11.3,0.99189,0.24,105.0,8
12.9,0.99,0.17,38.0,6
12.9,0.98914,0.3,40.0,7
9.6,0.99537,0.29,52.0,5
12.9,0.99,0.19,41.0,6
12.9,0.99,0.17,38.0,6
8.8,0.99742,0.24,54.0,5
13.2,0.98884,0.16,27.0,8
9.2,0.9983,0.22,68.0,6
11.3,0.99189,0.24,105.0,8
10.5,0.99532,0.19,41.0,6
10.5,0.99284,0.16,24.0,6
12.6,0.99026,0.3,37.0,8
9.5,0.99297,0.22,36.0,6
9.8,0.99711,0.36,22.0,6
13.4,0.98934,0.37,19.0,8
11.8,0.9913,0.31,39.0,7
9.8,0.99711,0.36,22.0,6
13.1,0.98964,0.32,34.0,7
12.6,0.99026,0.3,37.0,8
10.4,992.0,0.22,36.0,5
13.4,0.98944,0.45,20.0,8
13.0,0.99031,0.36,14.0,7
13.4,0.98934,0.37,19.0,8
10.2,0.99393,0.21,39.0,7
11.7,0.9904,0.28,16.0,6
9.5,0.99297,0.22,36.0,6
11.7,0.99088,0.2,25.0,6
11.4,0.99254,0.28,7.0,8
11.8,0.9913,0.31,39.0,7
11.2,0.99158,0.2,24.0,6
13.0,0.99408,0.28,31.0,7
13.0,0.99408,0.28,31.0,7
10.9,0.99473,0.24,42.0,6
11.6,0.98998,0.22,38.0,7
11.3,0.99146,0.24,61.0,7
12.0,0.99742,0.43,42.0,6
10.5,0.99273,0.3,18.0,6
13.1,0.98922,0.33,30.0,7
13.0,0.99408,0.28,31.0,7
10.9,0.99473,0.24,42.0,6
9.1,0.99869,0.29,30.0,5
13.4,0.9896,0.33,21.0,7
11.5,0.99108,0.16,29.0,7
11.2,0.99134,0.2,26.0,7
10.9,0.99385,0.33,21.0,6
13.5,0.98936,0.36,35.0,7
9.1,0.99869,0.29,30.0,5
9.9,0.99606,0.26,66.0,6
10.5,0.99508,0.22,75.0,6
11.7,0.99038,0.19,22.0,7
11.0,0.99158,0.21,30.0,6
13.0,0.9932,0.35,13.0,6
13.6,0.99164,0.38,28.0,6
12.3,0.98987,0.19,22.0,7
13.3,0.98947,0.33,61.0,7
13.7,0.98819,0.29,38.0,7
11.1,0.99133,0.2,26.0,5
13.4,0.99143,0.33,46.0,7
9.1,0.99571,0.23,101.0,5
11.3,0.99139,0.23,61.0,7
9.4,0.99537,0.32,55.0,5
9.1,0.99571,0.23,101.0,5
11.6,0.99186,0.36,40.0,6
11.6,0.99186,0.36,40.0,6
12.4,0.98984,0.27,29.0,6
9.8,0.9963,0.23,65.0,6
11.1,0.99312,0.75,19.0,4
13.1,0.9897,0.35,28.0,7
9.7,0.9955,0.31,45.0,5
9.2,0.99528,0.28,49.0,5
11.7,0.99279,0.23,17.0,6
10.6,0.99704,0.22,50.0,6
9.7,0.9955,0.31,45.0,5
9.2,0.99528,0.28,49.0,5
10.9,0.9914,0.24,30.0,6
10.1,0.99224,0.27,28.0,5
12.2,0.99074,0.28,54.0,7
12.7,0.98892,0.27,27.0,6
13.0,0.98959,0.28,27.0,6
11.2,0.99212,0.26,43.0,6
9.4,0.99576,0.23,46.0,6
11.0,0.9919,0.33,49.0,6
11.0,0.9919,0.33,49.0,6
9.2,1.00037,0.2,69.0,6
9.4,0.99576,0.23,46.0,6
9.2,1.00037,0.2,69.0,6
12.3,992.0,0.47,24.0,6
11.0,0.9919,0.33,49.0,6
10.0,0.99218,0.14,48.0,6
9.0,0.99855,0.22,39.0,6
9.0,0.99855,0.22,39.0,6
9.0,0.99855,0.22,39.0,6
11.1,0.99062,0.2,49.0,6
9.9,0.99362,0.14,27.0,6
12.2,0.99324,0.21,17.0,7
11.1,0.99062,0.2,49.0,6
9.0,0.99855,0.22,39.0,6
11.8,0.99098,0.34,5.0,4
12.9,0.99036,0.64,19.0,6
9.0,0.99398,0.48,23.0,5
12.4,0.9903,0.37,42.0,6
9.0,0.99398,0.48,23.0,5
12.9,0.99036,0.64,19.0,6
11.2,0.99406,0.25,15.0,6
12.6,0.9906,0.38,7.0,6
11.5,0.99089,0.26,20.0,6
11.3,0.99096,0.15,31.0,7
11.2,0.99406,0.25,15.0,6
11.5,0.99089,0.26,20.0,6
10.5,0.9936,655.0,8.0,4
12.6,0.9906,0.38,7.0,6
11.9,0.9911,0.31,20.0,6
10.1,0.99396,0.17,24.0,6
11.0,0.99089,0.18,32.0,7
10.6,0.9968,0.28,35.0,5
11.3,0.99138,0.23,39.0,7
11.2,0.99098,0.22,5.0,4
11.5,0.99238,0.25,14.0,7
11.1,0.99244,0.3,33.0,5
12.8,0.99176,0.26,19.0,7
12.3,0.98993,0.32,12.0,6
10.4,0.9929,0.24,15.0,6
11.5,0.99238,0.25,14.0,7
11.7,0.98988,0.24,42.0,7
10.7,992.0,0.28,52.0,7
9.5,0.99784,0.19,21.0,6
9.5,0.99784,0.19,21.0,6
9.5,0.99784,0.19,21.0,6
12.0,0.99006,0.19,37.0,7
10.8,0.99211,0.28,28.0,5
10.7,0.99202,0.28,52.0,7
10.7,992.0,0.28,52.0,7
10.7,0.99332,0.19,37.0,7
12.1,0.98958,0.16,40.0,7
11.9,0.98939,0.17,55.0,7
10.8,0.99492,0.19,54.0,6
12.3,0.99043,0.2,65.0,7
9.4,0.99787,0.39,49.0,6
9.9,0.99654,0.12,32.0,6
10.4,0.99304,295.0,29.0,7
10.4,0.9952,0.26,28.0,6
12.6,0.99165,0.32,37.0,7
12.5,0.9892,0.36,31.0,6
9.4,0.99628,0.35,35.0,5
9.2,0.99604,0.38,41.0,5
11.2,0.99164,0.14,30.0,6
9.2,998.0,0.16,27.0,6
9.2,998.0,0.16,27.0,6
9.4,0.99628,0.35,35.0,5
11.2,0.99164,0.14,30.0,6
10.8,0.99226,0.16,31.0,6
9.2,998.0,0.16,27.0,6
9.2,0.99604,0.38,41.0,5
12.5,0.98914,0.24,11.0,6
9.3,0.99794,0.32,66.0,5
11.4,0.99048,0.29,20.0,5
10.0,0.99726,0.27,48.0,7
10.6,1.00295,0.45,27.0,6
10.7,0.99278,0.2,108.0,7
10.0,0.99726,0.27,48.0,7
12.5,0.98914,0.24,11.0,6
10.6,1.00295,0.45,27.0,6
12.8,0.99054,0.36,12.0,7
9.3,0.99794,0.32,66.0,5
11.4,0.99048,0.29,20.0,5
9.5,0.99459,0.37,61.0,5
9.5,0.99459,0.38,57.0,6
9.5,0.9946,0.36,61.0,6
10.8,0.99362,0.3,21.0,6
10.8,0.99362,0.3,21.0,6
8.8,0.99966,0.21,34.0,6
10.8,0.99362,0.3,21.0,6
11.0,0.99442,0.31,57.0,7
12.4,0.98918,0.58,33.0,6
11.3,0.99089,0.26,12.0,7
11.2,0.99474,0.3,23.0,7
12.5,0.99008,0.29,34.0,7
10.0,0.99348,0.13,32.0,6
11.0,0.99283,0.19,42.0,6
10.5,0.99398,0.25,56.0,6
10.5,0.99398,0.25,56.0,6
11.0,0.99283,0.19,42.0,6
11.4,0.9908,0.24,30.0,7
11.3,0.99165,0.18,50.0,6
12.2,0.99076,0.33,10.0,7
12.6,0.98942,0.29,31.0,7
11.1,0.99244,0.31,30.0,5
12.3,0.99058,0.29,34.0,6
10.4,0.99255,0.19,6.0,4
8.8,0.99916,0.32,51.0,6
9.5,0.99306,85.0,17.0,6
8.8,0.99916,0.32,51.0,6
10.4,0.99498,0.18,17.0,6
13.0,0.99,0.52,27.0,7
12.2,0.99338,0.28,25.0,7
10.5,0.99456,0.15,49.0,8
10.8,0.9926,275.0,41.0,7
13.2,0.98856,0.53,34.0,8
13.0,0.98946,0.32,46.0,8
10.0,0.99346,0.22,26.0,6
10.4,0.99268,0.6,11.0,4
12.4,0.98944,0.26,59.0,6
12.9,0.98976,0.29,54.0,8
13.2,0.98856,0.53,34.0,8
10.5,0.99523,0.21,61.0,7
13.0,0.98946,0.32,46.0,8
11.2,0.99402,0.27,2.0,5
12.7,0.98916,0.37,41.0,7
9.4,0.99655,0.21,61.0,6
12.9,0.99071,0.3,29.0,7
13.0,0.98889,0.41,26.0,8
13.6,0.98742,0.3,25.0,7
9.1,0.99336,0.34,26.0,5
10.4,992.0,0.25,42.0,6
13.6,0.98742,0.3,25.0,7
12.2,0.99275,0.58,29.0,6
8.7,1.00044,0.23,19.0,5
10.5,0.99444,0.2,19.0,7
10.2,0.99742,0.15,79.5,6
12.5,0.99228,0.22,37.0,8
11.3,0.99058,0.16,39.0,7
10.2,0.99742,0.15,79.5,6
12.6,0.99164,0.31,33.0,7
10.2,0.99742,0.15,79.5,6
9.8,0.99438,0.3,27.0,5
10.8,0.99402,0.16,39.0,5
12.5,0.99128,0.21,41.0,6
12.5,0.99228,0.22,37.0,8
11.5,991.0,0.21,37.0,7
11.4,0.9931,0.22,23.0,6
10.5,0.99444,0.2,19.0,7
12.6,0.99164,0.31,33.0,7
8.7,1.00044,0.23,19.0,5
11.0,0.99112,0.15,61.0,6
11.3,0.99058,0.16,39.0,7
10.2,0.99742,0.15,79.5,6
11.6,0.98961,0.22,32.0,6
9.8,0.99438,0.3,27.0,5
10.1,0.99344,0.3,24.0,5
9.2,0.99904,0.26,23.0,5
9.1,0.99884,0.24,26.0,6
9.1,0.99884,0.24,26.0,6
9.1,0.99884,0.24,26.0,6
9.1,0.99884,0.24,26.0,6
11.7,0.98949,0.15,45.0,6
12.6,0.99014,0.34,29.0,6
9.0,0.99786,0.35,61.0,5
10.1,0.99206,0.31,53.0,5
13.6,0.98722,0.67,5.0,5
9.1,0.99884,0.24,26.0,6
9.2,0.99666,0.2,57.0,5
8.8,0.99754,0.28,45.0,5
10.0,0.99272,0.18,34.0,4
9.1,0.99712,0.35,20.0,6
11.2,0.99104,0.22,29.0,5
9.2,0.99373,0.18,20.0,6
9.2,0.99904,0.26,23.0,5
9.5,0.9956,0.3,54.0,5
11.9,0.99095,0.34,40.0,7
9.8,0.99382,0.3,28.0,5
9.8,0.99382,0.31,29.0,5
10.8,0.99299,265.0,46.0,7
11.3,0.99048,255.0,29.0,6
12.1,0.99254,0.26,13.0,6
11.3,0.9902,0.17,22.0,7
10.8,0.99299,265.0,46.0,7
13.5,0.99012,0.2,21.0,7
10.3,0.99293,0.28,11.0,5
9.0,1.00022,0.22,58.0,6
11.6,0.99382,0.34,51.0,6
10.3,0.99293,0.28,11.0,5
12.5,0.98954,0.19,39.0,6
8.6,0.99936,0.21,28.0,5
13.4,0.9884,0.22,34.0,6
12.7,0.99144,0.32,18.0,4
9.2,0.99324,0.21,65.0,5
10.2,0.99174,0.26,18.0,6
9.0,0.99792,0.15,29.0,7
9.0,0.99792,0.15,29.0,7
9.0,0.99792,0.15,29.0,7
9.0,0.99792,0.15,29.0,7
9.0,0.99792,0.15,29.0,7
9.0,0.99792,0.15,29.0,7
9.0,0.99792,0.15,29.0,7
11.9,0.99043,0.27,45.0,5
9.0,0.99654,0.22,67.0,6
9.0,0.99758,0.24,47.0,5
11.0,0.99374,0.28,40.0,6
9.0,0.99792,0.15,29.0,7
10.0,0.99243,0.17,10.0,5
10.7,0.99216,0.26,25.0,5
10.7,0.99215,0.27,24.0,5
13.4,0.98953,0.46,29.0,8
11.0,0.99278,0.19,47.0,6
10.0,0.99243,0.17,10.0,5
10.7,0.99216,0.26,25.0,5
10.7,0.99215,0.27,24.0,5
11.0,0.99278,0.19,47.0,6
11.0,0.99186,0.2,31.0,6
11.1,0.99072,0.17,22.0,7
10.9,0.99244,0.2,10.0,5
11.5,0.99084,0.39,22.0,5
13.4,0.98953,0.46,29.0,8
9.4,0.99754,0.4,59.0,5
9.4,0.99754,0.4,59.0,5
9.4,0.99754,0.4,59.0,5
10.6,0.99567,0.24,53.0,6
9.4,0.99754,0.4,59.0,5
12.0,0.99094,0.27,15.0,4
10.2,0.99532,0.27,61.0,6
10.6,0.99567,0.24,53.0,6
13.5,0.9874,0.61,65.0,5
9.7,0.99794,0.42,61.0,5
12.2,0.99122,0.33,41.0,6
12.3,0.99226,0.33,29.0,5
12.2,0.99122,0.33,41.0,6
11.4,0.99099,0.15,38.0,7
12.7,0.99134,0.32,31.0,7
9.7,0.99794,0.42,61.0,5
10.8,0.99338,0.25,31.0,6
11.0,0.9938,0.27,23.0,6
9.5,0.9955,0.27,52.0,5
10.1,0.99776,0.25,29.0,6
13.2,0.98964,0.19,11.0,7
8.8,0.99808,0.29,61.5,5
9.5,0.99551,0.34,54.0,5
9.5,0.99548,0.27,53.0,5
9.5,0.99541,0.26,52.0,6
9.5,0.9955,0.27,52.0,5
9.5,0.99536,0.26,46.0,5
10.4,0.99524,0.25,53.0,6
9.9,0.9961,0.32,63.0,6
10.0,0.99224,0.24,22.0,5
10.1,0.99776,0.25,29.0,6
9.4,0.99702,0.13,33.0,6
9.3,0.99657,0.39,13.0,5
10.9,0.99176,0.21,21.0,5
11.4,0.99166,0.3,21.0,5
10.3,0.99242,0.2,7.0,5
11.0,0.99109,0.18,20.0,6
10.9,0.99176,0.21,21.0,5
10.8,0.99278,0.17,16.0,6
10.3,0.99242,0.2,7.0,5
11.0,0.99109,0.18,20.0,6
9.3,0.99657,0.39,13.0,5
10.2,0.99358,0.21,7.0,5
10.2,0.99358,0.21,7.0,6
10.8,0.99278,0.17,16.0,6
10.5,0.99705,0.26,42.0,3
11.1,0.9912,0.28,23.0,5
10.9,0.99176,0.21,21.0,5
11.4,0.99166,0.3,21.0,5
10.3,0.99677,0.34,31.0,5
12.9,0.99172,0.43,18.0,7
9.9,0.9953,0.41,28.0,5
11.3,0.99186,0.4,43.0,6
11.5,0.99188,0.35,36.0,6
11.5,0.99188,0.35,36.0,6
10.7,0.99158,0.3,34.0,5
10.4,0.99522,0.28,52.0,6
12.5,0.99176,0.33,39.0,6
9.5,0.99558,0.26,48.0,5
11.3,0.9911,0.24,31.0,7
13.0,0.99016,0.46,12.0,6
11.5,0.99188,0.35,36.0,6
11.5,0.98956,0.23,13.0,5
11.3,0.99186,0.4,43.0,6
13.2,0.99062,0.44,24.0,7
11.5,0.99274,0.26,23.0,7
9.6,993.0,0.31,30.0,5
9.6,993.0,0.31,30.0,5
9.7,0.9978,0.15,45.0,6
9.2,0.9946,0.41,49.0,5
8.4,0.99429,0.31,34.0,5
12.4,0.99002,0.27,41.0,6
12.4,0.99002,0.27,41.0,6
9.2,0.9946,0.41,49.0,5
8.4,0.99429,0.31,34.0,5
11.7,0.9909,0.37,24.0,6
11.0,0.99294,0.21,41.0,6
11.9,0.99044,0.26,36.0,6
13.2,0.98958,0.34,46.0,7
11.7,0.9909,0.37,24.0,6
9.1,0.9986,0.32,36.0,5
12.6,0.99262,0.24,20.0,6
9.1,0.9986,0.32,36.0,5
10.5,0.99212,0.39,23.0,6
10.6,0.99628,0.31,18.0,5
12.6,0.99262,0.24,20.0,6
13.7,0.98913,0.17,32.0,7
12.0,0.99021,0.2,38.0,6
12.5,0.99198,0.32,26.0,7
12.1,0.99226,0.12,40.0,6
11.3,0.99159,0.18,68.0,6
12.0,0.99021,0.2,38.0,6
10.3,0.99224,0.17,28.0,6
12.7,0.99068,0.21,47.0,6
9.2,0.99587,0.25,52.0,5
9.2,0.99587,0.25,52.0,5
9.5,0.99728,0.22,108.0,6
10.1,0.99364,0.27,98.0,6
10.1,0.99364,0.27,98.0,6
13.0,0.99018,0.39,17.0,7
13.1,0.98968,0.31,41.0,6
11.0,0.99178,0.23,59.0,6
9.2,0.99587,0.25,52.0,5
9.4,0.9961,0.22,112.0,6
9.5,0.99728,0.22,108.0,6
10.2,0.99534,0.23,74.0,6
10.1,0.99364,0.27,98.0,6
8.6,0.99864,0.36,63.0,4
9.0,0.99776,0.37,58.0,5
9.6,0.99545,0.26,50.0,5
9.9,0.99299,0.22,45.0,7
10.5,0.99665,0.22,54.0,5
11.4,0.99069,0.28,20.0,5
9.4,0.99692,0.35,58.0,5
11.1,0.99324,0.73,25.0,4
8.9,0.99896,0.28,42.0,6
8.9,0.99896,0.28,42.0,6
10.8,0.99226,0.2,28.0,5
12.2,0.99226,0.33,34.0,6
8.9,0.99896,0.28,42.0,6
12.5,0.99076,0.24,21.0,6
12.2,0.99226,0.33,34.0,6
12.5,0.99076,0.24,21.0,6
8.9,0.99896,0.28,42.0,6
10.8,0.9951,0.27,43.0,6
11.4,0.99234,0.38,28.0,6
10.8,0.99226,0.2,28.0,5
10.6,0.99368,0.21,47.0,5
9.2,0.9937,0.34,17.0,5
12.2,0.99151,435.0,21.0,6
12.3,0.99021,0.25,17.0,6
10.4,0.99479,0.26,40.0,6
10.4,0.9954,0.24,72.0,6
11.0,0.99176,0.23,54.0,7
10.6,0.99368,0.21,47.0,5
9.2,0.9937,0.34,17.0,5
13.5,0.99246,0.65,4.0,4
11.4,0.9908,0.22,12.0,6
11.5,0.98994,0.27,26.0,6
14.0,0.98746,455.0,33.0,7
12.5,0.99028,0.33,34.0,7
12.5,0.99028,0.33,34.0,7
12.8,0.98867,0.31,30.0,7
11.2,0.99174,0.39,45.0,7
11.2,0.99174,0.39,45.0,7
13.6,0.99021,0.37,49.0,6
9.2,0.99304,0.23,70.0,6
12.5,0.99028,0.33,34.0,7
11.1,0.99154,0.25,24.0,6
11.2,0.99174,0.39,45.0,7
14.0,0.98746,455.0,33.0,7
13.6,0.99021,0.37,49.0,6
9.4,0.9956,0.28,49.0,5
14.2,0.98779,0.35,31.0,7
13.2,0.98836,0.31,28.0,6
11.2,0.99138,0.25,24.0,6
10.2,0.99751,0.36,46.0,5
12.8,0.98867,0.31,30.0,7
10.1,0.99249,0.31,16.0,5
10.1,0.99249,0.31,16.0,5
10.3,0.99239,0.22,38.0,5
9.9,0.99512,0.14,30.0,6
11.5,0.99098,0.22,17.0,5
9.0,0.99872,0.32,27.0,5
9.0,0.99872,0.32,27.0,5
12.1,0.98894,0.28,25.0,6
13.3,0.988245,0.3,28.0,6
11.5,0.99326,0.22,43.0,8
11.0,0.99328,0.31,28.0,4
10.7,0.99222,0.27,26.0,6
9.4,0.99898,0.46,50.0,5
10.3,0.99486,0.23,16.0,6
9.3,0.99528,0.36,51.5,5
12.0,0.99062,0.18,41.0,6
11.0,0.99282,0.27,47.0,6
9.3,996.0,0.4,36.0,5
10.1,0.99138,345.0,32.0,5
11.1,0.99166,0.23,26.0,6
9.9,0.99408,0.2,26.0,6
11.0,0.99281,0.27,47.0,6
11.0,0.99282,0.27,47.0,6
12.5,0.98964,0.3,31.0,6
12.7,0.98952,0.3,41.0,7
9.3,0.99469,0.14,26.0,5
9.3,996.0,0.4,36.0,5
10.1,0.99138,345.0,32.0,5
8.8,0.9991,0.33,36.0,5
11.2,0.99047,0.16,34.0,6
10.8,0.99178,0.22,45.0,7
8.8,0.9991,0.33,36.0,5
11.2,0.99047,0.16,34.0,6
10.3,0.99207,0.24,22.0,5
12.0,0.99152,0.31,15.0,5
9.5,0.99438,185.0,36.0,6
9.5,0.99438,185.0,36.0,6
9.8,0.99622,0.43,54.0,6
9.0,0.99773,0.39,55.0,5
13.0,0.99088,0.58,40.0,7
11.8,0.99108,0.34,13.0,7
8.8,0.99803,0.35,61.0,5
11.2,0.99304,0.38,18.0,4
9.5,0.99438,185.0,36.0,6
9.4,0.99548,0.27,35.0,4
9.5,0.99551,0.29,35.0,6
10.4,0.99152,0.17,33.0,6
9.8,0.99572,0.18,42.0,7
10.4,0.99152,0.17,33.0,6
10.3,0.99244,0.37,16.0,6
9.4,0.99548,0.27,35.0,4
9.5,0.99551,0.29,35.0,6
11.9,0.9903,0.24,61.0,7
12.8,0.99162,0.32,35.0,7
13.0,0.99116,0.27,18.0,6
10.4,0.9922,0.29,41.0,7
10.4,0.99223,0.29,41.0,6
10.7,0.99481,0.22,54.0,5
10.7,0.9928,0.22,81.0,7
11.9,0.9903,0.24,61.0,7
10.4,0.99429,0.23,31.0,6
12.8,0.99162,0.32,35.0,7
9.9,0.99454,0.11,45.0,6
9.9,0.99454,0.11,45.0,6
9.4,0.99863,0.23,73.0,6
11.4,991.0,0.2,46.0,6
9.9,0.99454,0.11,45.0,6
9.4,0.99863,0.23,73.0,6
9.2,0.99317,0.2,36.0,5
10.5,0.99173,0.19,26.0,7
11.0,0.99455,0.28,32.0,7
11.0,0.99455,0.28,32.0,7
12.1,0.99186,0.37,3.0,5
11.0,0.99455,0.28,32.0,7
12.8,0.98944,0.26,37.0,7
10.5,0.9942,0.24,25.0,6
10.5,0.9942,0.24,25.0,6
10.5,0.9942,0.24,25.0,6
9.5,0.99238,0.25,21.0,5
9.2,0.99782,0.25,25.0,6
11.1,0.99111,0.14,40.0,6
12.3,0.99067,0.38,33.0,7
11.1,0.99111,0.14,40.0,6
12.6,0.98878,0.15,10.0,6
9.5,0.99238,0.25,21.0,5
9.2,0.99782,0.25,25.0,6
10.8,0.9938,0.22,40.0,6
11.3,0.99143,0.21,39.0,6
12.8,0.98944,0.26,37.0,7
10.5,0.9942,0.24,25.0,6
9.8,0.99588,0.46,56.0,6
8.5,1.00038,0.18,56.0,6
9.3,0.99424,0.32,6.0,5
9.2,0.99626,0.4,45.0,5
11.4,0.99076,0.23,32.0,6
8.5,1.00038,0.18,56.0,6
9.3,0.99424,0.32,6.0,5
8.4,0.99536,0.37,6.0,4
9.2,0.99318,0.23,35.0,5
9.2,0.99626,0.4,45.0,5
10.4,0.99726,0.19,52.0,6
11.6,0.99126,0.28,50.0,6
12.4,0.98998,0.32,37.0,6
10.4,0.99726,0.19,52.0,6
9.3,0.99304,0.26,22.0,5
12.2,0.9892,0.25,37.0,6
11.0,0.99296,0.28,33.0,6
11.4,0.99047,0.19,30.0,5
9.5,0.9924,0.29,15.0,5
9.2,0.9989,0.27,16.0,5
11.1,0.99338,0.26,23.0,6
9.2,0.9989,0.27,16.0,5
11.0,0.99404,0.2,53.0,6
9.9,0.99287,0.33,40.0,5
9.9,0.99286,0.34,43.0,5
9.5,0.9924,0.29,15.0,5
12.4,0.99058,1.1,8.0,4
9.4,0.9934,0.24,48.0,5
9.3,0.99545,0.24,45.0,5
8.7,0.9984,0.16,25.0,7
8.7,0.9984,0.16,25.0,7
8.7,0.9984,0.16,25.0,7
8.7,0.9984,0.16,25.0,7
9.0,0.99971,0.17,33.0,7
10.7,0.99546,0.19,49.0,6
10.7,0.99546,0.19,49.0,6
11.3,0.99058,0.16,32.0,6
8.7,0.9984,0.16,25.0,7
11.7,0.99314,0.3,22.0,6
9.3,0.99545,0.24,45.0,5
8.7,0.9984,0.16,25.0,7
9.0,0.99971,0.17,33.0,7
11.7,0.99314,0.3,22.0,6
10.7,0.99565,0.43,25.0,5
11.4,0.99056,0.17,38.0,6
10.7,0.99546,0.19,49.0,6
11.3,0.99058,0.16,32.0,6
10.0,0.99362,0.41,20.0,5
10.0,0.99362,0.41,20.0,5
11.2,0.99196,0.36,27.0,6
9.7,0.99255,0.17,44.0,5
12.5,0.99027,0.28,23.0,5
12.9,0.99302,0.5,32.0,8
11.8,0.99257,0.44,60.0,6
10.6,0.99506,0.38,22.0,5
11.8,0.99257,0.44,60.0,6
10.7,0.9952,0.24,54.0,6
9.9,0.99498,0.28,41.0,5
12.0,0.9903,0.26,23.0,6
10.4,0.99706,0.16,70.5,7
8.5,0.99398,0.36,11.0,5
9.9,0.99588,0.35,15.0,4
9.4,0.99691,0.25,52.5,6
10.4,0.99608,0.37,33.0,5
11.0,0.99142,0.25,21.0,6
11.0,0.99138,0.23,21.0,6
10.4,0.99432,265.0,27.0,6
9.8,0.99592,0.25,58.0,6
9.4,0.99691,0.25,52.5,6
10.6,0.99432,0.23,37.0,6
10.1,0.99266,0.3,32.0,5
11.5,0.99456,0.33,20.0,8
11.4,0.9915,0.26,14.0,6
9.2,0.99322,0.2,30.0,6
9.7,0.9927,0.21,33.0,6
11.3,0.99173,0.25,16.0,6
9.6,0.99412,0.27,36.0,6
8.9,0.99666,0.24,44.0,6
10.0,0.99425,0.14,21.0,6
9.2,0.99314,0.5,19.0,6
9.0,0.99672,0.41,20.0,6
12.8,0.99024,0.25,29.0,7
9.0,0.99672,0.41,20.0,6
9.5,0.99366,0.25,13.0,5
10.0,0.99425,0.14,21.0,6
11.0,0.99299,0.21,30.0,5
9.2,0.99314,0.5,19.0,6
10.6,0.99528,0.29,24.0,6
10.0,0.99568,0.37,54.0,5
10.0,0.99568,0.37,54.0,5
11.7,0.99062,0.31,22.0,7
12.5,0.99058,0.45,17.0,7
11.1,0.99059,0.3,36.0,7
9.7,0.99119,0.23,46.0,5
12.3,0.99727,0.3,45.0,6
12.2,0.99021,0.28,43.0,6
11.3,0.99238,255.0,46.0,6
11.6,0.99164,0.4,23.0,5
11.3,0.99006,0.21,18.0,6
11.1,0.99078,0.2,30.0,6
11.2,0.99036,0.17,32.0,6
11.3,0.99123,0.21,35.0,6
12.0,0.98978,0.26,29.0,6
8.8,0.99908,0.35,33.0,6
8.8,0.99908,0.35,33.0,6
12.0,0.99022,0.43,19.0,8
12.0,0.99024,0.4,22.0,7
9.0,0.9973,0.28,48.0,5
9.3,0.99853,0.23,42.0,6
8.7,0.99769,0.34,33.0,6
12.8,0.98954,0.44,13.0,6
11.5,0.98974,0.13,23.0,7
10.0,0.99382,0.17,44.0,5
10.0,0.99383,0.18,45.0,5
10.3,0.99538,0.31,51.0,5
10.4,0.99734,0.33,62.0,5
13.4,0.98981,0.34,18.0,7
11.2,0.99095,0.29,18.0,6
9.1,0.9964,0.31,47.0,5
9.1,0.9964,0.31,47.0,5
10.8,0.99411,0.25,24.0,6
12.5,0.9915,0.27,26.0,6
11.3,0.99234,0.26,27.0,5
12.8,0.99016,0.65,20.0,6
9.1,0.9964,0.31,47.0,5
12.7,0.98949,0.23,8.0,6
11.0,0.99287,0.18,53.0,7
10.4,0.99544,0.28,51.0,6
10.4,0.99544,0.28,51.0,6
10.7,0.9941,0.27,43.0,6
10.9,994.0,0.25,56.0,6
10.4,0.99544,0.28,51.0,6
10.4,0.99546,0.26,54.0,6
9.7,0.99737,0.13,56.0,7
11.0,0.99287,0.18,53.0,7
9.6,0.99767,0.2,8.0,6
13.9,0.98711,0.24,40.0,7
9.4,0.99714,0.48,6.0,5
12.5,0.99134,0.26,29.0,6
9.6,0.99767,0.2,8.0,6
9.5,0.9927,0.3,50.0,5
9.6,0.9948,0.32,61.0,5
9.5,0.9927,0.3,50.0,5
9.6,0.99481,0.34,63.0,5
8.7,0.99825,0.16,33.0,7
8.7,0.99825,0.16,33.0,7
8.7,0.99825,0.16,33.0,7
8.7,0.99825,0.16,33.0,7
8.7,0.99825,0.16,33.0,7
8.7,0.99825,0.16,33.0,7
10.4,0.99192,0.26,12.0,5
10.7,0.99184,0.31,13.0,5
12.0,0.99019,0.22,23.0,7
12.1,0.98998,0.23,35.0,7
13.1,0.98886,0.17,39.0,8
12.4,0.98998,0.19,30.0,6
12.6,0.98949,0.21,45.0,7
8.7,0.99825,0.16,33.0,7
12.0,0.99009,0.22,31.0,5
11.6,0.99252,0.34,14.0,6
9.3,0.99288,0.34,36.0,5
9.3,0.99659,0.24,65.0,6
11.1,0.99133,0.35,25.0,7
10.2,0.99324,0.24,68.0,6
10.6,0.99164,0.25,35.0,6
11.3,0.99107,0.19,49.0,7
9.4,0.9986,0.24,81.0,5
9.3,0.99708,0.31,31.0,6
11.1,0.99163,0.25,15.0,6
9.9,0.99605,0.38,15.0,6
11.8,0.99065,0.3,29.0,7
12.6,0.9903,0.33,24.0,7
9.4,0.9986,0.24,81.0,5
10.5,0.99236,0.27,23.0,5
12.3,0.98948,0.24,40.0,6
11.3,0.99045,0.33,25.0,6
9.6,0.9939,0.21,21.0,5
12.0,0.98985,0.22,14.0,6
11.2,0.99138,0.27,36.0,5
10.2,0.99348,0.2,28.0,6
12.4,0.99066,0.27,26.0,6
10.2,0.99348,0.2,28.0,6
13.4,0.98862,0.45,24.0,8
12.6,0.98865,0.22,25.0,6
9.8,0.99472,0.3,34.0,5
9.1,0.99792,0.36,63.0,5
12.4,0.99066,0.27,26.0,6
12.5,0.99035,0.24,28.0,6
11.7,0.99086,0.41,25.0,6
12.9,0.99013,0.24,37.0,6
10.1,0.99266,0.3,27.0,5
10.3,0.99517,0.26,33.0,6
11.7,0.99086,0.41,25.0,6
10.3,0.99666,0.32,29.0,6
10.8,991.0,0.25,42.0,7
11.2,0.99068,0.23,19.0,6
11.8,0.99084,0.23,26.0,6
9.8,0.9939,0.17,26.0,6
10.0,0.99624,0.38,32.0,6
8.8,0.99602,0.31,13.0,4
10.1,0.9926,0.38,5.0,4
9.5,0.99718,0.44,68.0,5
9.5,0.99718,0.44,68.0,5
9.5,0.99718,0.44,68.0,5
9.2,0.99344,0.38,27.0,4
12.2,0.99184,0.33,31.0,6
9.5,0.99718,0.44,68.0,5
11.3,0.99033,0.19,29.0,6
12.1,0.99248,0.28,44.0,6
9.2,0.99344,0.38,27.0,4
11.2,0.99076,0.43,6.0,4
12.5,0.99092,0.22,26.0,7
10.6,0.99486,345.0,38.0,5
10.4,0.99464,255.0,66.0,7
10.1,0.99235,0.2,16.0,7
9.9,0.99612,0.29,33.0,6
11.0,0.99202,0.26,11.0,6
10.0,0.99261,0.22,10.0,6
12.7,0.98964,0.35,29.0,6
12.1,0.99206,0.39,10.0,6
10.4,0.9938,0.23,23.0,6
10.4,0.99204,0.22,23.0,6
9.2,0.99736,0.29,21.0,5
9.2,0.99736,0.29,21.0,5
10.5,0.99192,0.23,27.0,5
9.2,0.99736,0.29,21.0,5
11.9,0.99002,0.28,38.0,7
10.1,996.0,0.26,47.0,6
11.1,0.99237,0.27,62.0,6
10.8,0.99214,0.22,69.0,7
11.8,0.99041,0.26,23.5,6
9.2,0.9982,0.36,44.0,5
9.2,0.99822,0.35,42.0,5
12.3,0.9893,0.18,21.0,6
10.1,0.99274,0.36,26.0,6
11.4,0.99105,0.14,26.0,6
10.4,0.99209,0.23,39.0,6
9.8,0.99676,0.11,44.0,6
9.9,0.99251,0.24,29.0,6
9.8,0.99676,0.11,44.0,6
11.2,0.99082,0.47,11.0,4
10.9,0.99567,0.29,25.0,5
9.2,0.99416,0.33,16.0,5
9.2,0.99416,0.33,16.0,5
12.0,0.9887,0.32,39.0,5
12.1,0.98871,0.3,37.0,6
12.4,0.99248,0.31,20.0,6
11.2,0.99184,0.36,44.0,6
12.7,0.98952,0.31,19.0,7
12.2,0.99267,0.52,23.0,6
12.2,0.99269,0.55,19.0,6
12.2,0.98912,0.2,44.0,6
11.2,0.99184,0.36,44.0,6
12.7,0.98952,0.31,19.0,7
12.7,0.9895,0.29,20.0,7
12.1,0.98999,0.22,27.0,6
9.4,0.9981,0.46,44.0,5
10.1,995.0,0.21,64.0,6
9.4,0.99848,0.42,57.0,5
8.9,0.99862,0.22,41.0,6
8.9,0.99862,0.22,41.0,6
8.9,0.99862,0.22,41.0,6
8.9,0.99862,0.22,41.0,6
13.0,0.98886,0.31,27.0,7
10.3,0.99474,0.22,37.0,5
10.1,0.99126,0.18,5.0,4
10.5,0.99691,0.24,48.0,6
8.9,0.99862,0.22,41.0,6
10.1,0.99773,0.26,23.0,5
10.1,0.99773,0.26,23.0,5
11.0,0.9928,0.2,22.0,6
11.0,0.9928,0.2,22.0,6
11.0,0.9928,0.2,22.0,6
11.0,0.9928,0.2,22.0,6
10.0,0.99288,0.28,28.0,5
10.5,0.99202,0.2,25.0,6
9.7,0.99606,0.26,28.0,6
10.1,0.99773,0.26,23.0,5
9.4,0.99922,0.21,68.0,5
11.2,0.99296,0.22,20.0,6
9.4,0.99922,0.21,68.0,5
10.8,0.99468,0.22,22.0,5
9.4,0.99922,0.21,68.0,5
11.2,0.99296,0.22,20.0,6
11.0,0.99388,0.2,31.0,6
12.4,0.99315,0.26,13.0,6
9.4,0.99478,0.28,60.0,6
9.4,0.99478,0.29,62.0,5
9.5,0.99692,0.34,22.0,5
10.0,0.99616,0.39,25.0,6
12.5,0.9902,0.26,33.0,6
10.9,0.9921,0.24,24.0,6
10.5,0.99462,0.25,21.0,6
10.8,0.99476,0.24,51.0,6
11.0,0.99178,0.22,36.0,7
11.8,0.99081,0.26,16.0,6
12.6,0.99198,0.34,16.0,6
10.2,0.99545,225.0,59.0,6
12.0,0.98997,0.23,33.0,5
12.5,0.9902,0.26,33.0,6
11.5,0.99089,0.27,19.0,6
11.94,0.99172,0.41,23.0,7
12.8933333333333,0.9901,0.41,33.0,7
9.4,0.99681,585.0,17.0,5
12.2,0.9893,0.34,58.0,7
11.94,0.99172,0.41,23.0,7
12.8933333333333,0.9901,0.41,33.0,7
9.5,0.99527,0.26,45.0,5
10.6,0.99445,0.28,27.0,6
10.5,0.99198,0.16,47.0,7
11.4666666666667,0.99085,0.27,36.0,6
11.4,0.99033,0.2,45.0,6
9.5,0.99538,0.24,47.0,5
9.2,0.99627,0.38,44.0,5
9.5,0.99538,0.24,47.0,5
10.98,0.99433,0.42,28.0,5
9.4,0.9954,0.23,47.0,5
9.5,0.99538,0.24,47.0,5
9.2,0.99627,0.38,44.0,5
8.8,0.99807,0.19,45.0,8
8.8,0.99807,0.19,45.0,8
8.8,0.99807,0.19,45.0,8
8.8,0.99807,0.19,45.0,8
8.8,0.99807,0.19,45.0,8
8.8,0.99807,0.19,45.0,8
8.8,0.99807,0.19,45.0,8
10.4,0.99232,0.24,15.0,8
8.8,0.99807,0.19,45.0,8
10.0333333333333,0.99788,0.27,36.0,6
11.3,0.99108,0.28,39.0,6
10.4,0.99234,0.22,21.0,6
9.2,0.99288,0.27,36.0,6
11.1,0.99195,0.2,21.0,6
9.2,0.99288,0.27,36.0,6
11.3,0.99121,0.23,62.0,7
9.1,0.99839,0.31,61.0,6
9.4,0.99738,0.34,43.0,5
13.2,0.98963,0.36,14.0,6
12.7,0.98946,0.31,34.0,6
10.7,0.99178,0.28,31.0,5
11.4333333333333,0.99136,0.16,34.0,6
11.1,0.99323,0.31,48.0,6
12.7,0.98946,0.31,34.0,6
10.5333333333333,0.99313,0.29,35.0,5
11.6,0.9912,0.28,50.0,6
9.53333333333333,0.99504,0.23,44.0,5
9.8,0.99461,0.34,52.0,6
10.7,0.99178,0.28,31.0,5
12.0,0.99008,0.2,36.0,6
12.8,0.98959,0.24,30.0,6
9.5,0.99663,0.31,32.0,5
10.9333333333333,0.99334,0.29,36.0,6
9.1,0.99561,0.19,63.0,5
12.6,0.98959,0.29,16.0,6
9.5,0.99663,0.31,32.0,5
10.9,0.99418,0.3,29.0,6
10.9333333333333,0.99334,0.29,36.0,6
9.6,0.9937,0.22,16.0,5
9.3,0.99372,0.23,16.0,5
11.3666666666667,0.99157,0.23,23.0,6
12.5,0.98918,0.26,24.0,6
9.5,0.9932,0.35,46.0,5
11.0,0.99235,0.32,40.0,6
9.4,0.99373,0.34,17.0,5
11.3333333333333,0.9914,0.13,32.0,6
8.8,0.99494,315.0,9.0,5
9.4,0.99373,0.34,17.0,5
11.0666666666667,0.99332,0.31,33.0,6
12.2,0.99198,0.3,27.0,6
11.0,0.99142,0.24,31.0,6
11.3333333333333,0.9914,0.13,32.0,6
9.5,0.99542,0.26,51.0,5
9.5,0.99542,0.26,51.0,5
11.0,0.9924,0.27,54.0,6
11.2,0.99112,0.21,34.0,6
9.3,0.99534,0.26,28.0,6
10.8,0.99338,0.28,30.0,4
9.2,0.99804,0.25,39.0,5
9.4,0.99899,0.22,70.0,5
9.2,0.99804,0.25,39.0,5
10.5,0.99724,0.18,53.0,6
10.8,0.99526,0.2,60.0,6
9.4,0.99676,0.24,35.0,5
9.8,0.99699,0.27,55.0,5
9.8,0.99699,0.27,55.0,5
9.8,0.99699,0.27,55.0,5
9.4,0.99676,0.24,35.0,5
9.8,0.99699,0.27,55.0,5
12.1,0.99461,0.38,30.0,6
12.3,0.99116,0.43,40.0,6
9.73333333333333,0.99362,0.22,41.0,5
9.4,0.99512,0.29,48.0,5
9.4,0.99512,0.29,48.0,5
12.8,0.9895,0.29,32.0,7
11.05,0.99043,0.19,18.0,6
9.4,0.99512,0.29,48.0,5
12.8,0.9895,0.29,32.0,7
9.73333333333333,0.99391,0.24,35.0,5
13.1,0.98963,0.3,22.0,7
11.5,0.99335,0.27,26.0,7
13.1,0.98963,0.3,22.0,7
11.5,0.99335,0.27,26.0,7
9.1,0.99824,305.0,26.0,5
9.75,0.99391,0.24,35.0,5
10.5,0.9917,0.22,24.0,6
8.8,0.99906,0.22,37.0,6
8.8,0.99906,0.22,37.0,6
8.8,0.99906,0.22,37.0,6
8.8,0.99906,0.22,37.0,6
10.5,0.9917,0.22,24.0,6
10.5,0.9917,0.22,24.0,6
8.8,0.99906,0.22,37.0,6
9.9,0.99415,0.22,30.0,6
9.9,0.99418,0.21,28.0,6
9.9,0.99611,0.32,24.0,5
12.2,0.99124,0.44,33.0,6
10.8,0.99179,0.31,59.5,6
8.7,0.99886,0.36,60.0,5
13.2,0.98924,0.38,17.0,6
12.7,0.99045,0.24,15.0,6
9.4,0.9969,0.56,55.0,5
11.2,0.99196,0.24,18.0,6
11.3333333333333,0.99339,0.29,25.0,6
11.9,0.99224,0.28,14.0,6
11.35,0.99339,0.29,25.0,6
10.5,0.99184,0.21,51.0,5
9.8,0.99428,0.47,14.0,5
9.1,0.99834,0.34,20.0,5
12.4,0.98918,0.27,36.0,6
9.1,0.99834,0.34,20.0,5
9.8,0.99428,0.47,14.0,5
11.3,0.99241,0.35,24.0,6
11.3,0.99241,0.35,24.0,6
13.1,0.98816,0.46,31.0,6
12.5,0.98916,0.38,15.0,6
10.3,0.99329,0.3,32.0,5
10.7,0.99535,0.28,51.0,6
10.4,0.99552,0.29,29.0,6
9.5,0.99514,0.3,47.0,5
9.8,0.99304,0.39,53.0,5
12.5,0.98916,0.38,15.0,6
9.4,0.9984,0.18,17.0,6
9.0,0.99911,0.28,36.0,5
9.0,0.99911,0.28,36.0,5
9.0,0.99911,0.28,36.0,5
13.0,0.98952,0.35,19.0,7
9.9,0.99403,0.22,28.0,5
9.4,0.9984,0.18,17.0,6
10.6,0.99312,0.28,29.0,6
13.4,0.98968,0.42,28.0,6
12.5,0.98946,0.32,31.0,6
9.3,0.9981,0.26,32.0,5
9.3,0.9981,0.26,32.0,5
11.0,0.99306,0.32,34.0,5
10.3,0.99378,0.25,40.0,5
11.3,0.99036,0.21,31.0,6
10.9,0.99094,0.23,35.0,6
11.3,0.9908,145.0,35.0,6
12.1,0.9899,0.2,24.0,6
11.1,0.99173,0.28,12.0,5
9.8,0.99356,0.36,24.0,5
10.1,0.99571,0.25,50.0,6
12.4,0.98945,0.22,37.0,6
12.7,0.98865,0.2,37.0,6
9.6,0.99514,0.32,53.0,5
9.6,0.99514,0.32,53.0,5
9.1,0.9943,555.0,17.0,5
12.8,0.99636,0.22,55.0,5
9.6,0.99514,0.32,53.0,5
12.4,0.98987,0.3,37.0,6
9.55,0.99288,0.28,7.0,4
9.1,0.9943,555.0,17.0,5
12.5,0.99064,0.31,12.0,6
9.9,0.99394,0.15,13.0,6
11.2,0.99175,0.13,32.0,6
13.0,0.98926,0.48,28.0,6
13.0,0.98926,0.48,28.0,6
11.7,0.99057,0.3,25.0,6
13.1,0.98898,0.28,13.0,6
12.0,0.9932,0.19,17.0,6
10.55,0.9972,0.31,30.0,6
11.45,0.9902,0.24,34.0,6
10.2,0.9988,0.23,71.0,6
11.45,0.9902,0.24,34.0,6
9.3,0.9958,0.29,60.0,5
10.8,0.9935,0.2,22.0,5
12.2,0.9925,0.38,20.0,6
11.0,992.0,0.27,36.0,6
10.4,0.9986,0.54,41.0,6
11.4,0.9914,0.25,32.0,6
14.05,0.9909,0.61,31.0,7
10.7,0.9943,0.32,20.0,5
10.2,994.0,0.28,50.0,5
11.2,0.9904,0.19,38.0,6
12.3333333333333,0.99,305.0,17.0,5
11.5,0.9902,0.26,75.0,4
9.5,0.9925,0.23,14.0,5
13.4,0.9886,0.33,35.0,6
12.5,0.9898,0.27,24.0,6
12.5,0.9898,0.27,24.0,6
11.2,0.9904,0.4,27.0,6
8.8,0.9964,0.4,28.5,5
11.2,0.9908,0.28,50.0,6
12.7,0.9899,0.32,15.0,6
9.8,993.0,0.17,26.0,6
9.8,0.9944,0.2,10.0,6
11.7,0.9956,0.13,24.0,6
9.8,0.9949,0.31,55.0,5
9.6,0.9929,0.36,48.0,5
9.8,0.9944,0.2,10.0,6
9.7,0.9975,0.18,79.0,5
10.0,995.0,0.16,59.5,6
11.7,0.9956,0.13,24.0,6
12.3,0.9946,0.27,42.0,6
9.8,993.0,0.17,26.0,6
9.0,0.9934,0.37,18.0,6
9.1,0.9984,0.26,60.5,6
9.1,0.9984,0.28,62.0,6
9.1,0.9984,0.28,62.0,6
11.4,0.9908,0.12,35.0,6
10.5,0.9963,0.25,41.0,5
12.4,0.98914,0.24,35.0,6
9.1,0.9984,0.26,60.5,6
9.1,0.9984,0.28,62.0,6
10.1,0.9937,0.18,6.0,5
10.9,993.0,0.09,24.0,6
11.05,0.9956,0.14,13.0,5
12.75,0.98963,0.28,36.0,6
12.7,0.98961,0.23,23.0,6
11.1,0.9948,0.28,16.0,5
11.1,0.9948,0.28,16.0,5
12.75,0.98963,0.28,36.0,6
13.0,0.989315,0.25,41.0,6
12.0,0.989435,0.2,32.0,6
11.5,0.9899,0.29,17.0,6
10.5,0.998275,0.46,51.0,5
11.1,0.9948,0.28,16.0,5
11.1,0.9914,0.23,20.0,6
11.1,0.9915,0.23,25.0,6
13.1,0.9924,0.55,20.0,6
12.75,0.98963,0.28,36.0,6
12.7,0.98961,0.23,23.0,6
9.6,997.0,0.45,23.0,5
11.7,0.9914,0.2,32.0,5
9.7,997.0,0.37,61.0,6
10.9,0.9944,0.21,22.0,6
10.7,0.9958,0.22,22.0,7
13.8,0.98889,0.27,29.0,6
12.15,0.989465,0.26,10.0,6
10.8,0.9954,0.18,28.0,7
10.7,0.9947,0.26,27.0,7
10.8,0.9912,0.23,31.0,7
10.8,0.9965,0.28,26.0,5
12.0,0.9948,0.36,43.5,5
10.8,0.9965,0.28,26.0,5
12.2,0.9925,0.3,17.0,6
9.4,0.9936,0.2,17.0,6
11.4,0.9898,0.29,12.0,6
12.5,0.98948,0.22,26.0,7
13.05,0.98823,0.22,29.0,7
12.4,0.9896,0.32,31.0,6
12.9,0.9908,0.2,39.0,7
12.0,0.9906,0.35,25.0,7
11.3,0.9904,0.3,23.0,5
10.0,0.99754,0.15,25.0,6
11.8,0.9898,0.13,40.0,7
9.4,0.998365,0.2,53.0,6
8.8,0.99837,0.2,44.0,6
11.1,0.99125,0.27,32.0,6
10.5,0.9943,0.37,35.0,6
9.3,0.99488,0.23,60.0,6
11.4,0.99034,0.34,12.0,6
11.8,0.99322,0.33,23.0,6
12.4,0.98895,0.29,31.0,6
11.6,0.99457,0.33,22.0,6
11.1,0.99304,0.3,30.0,5
12.4,0.98895,0.29,31.0,6
11.1,0.99331,0.33,42.0,6
11.0,0.99435,0.33,21.0,6
12.2,0.99122,0.45,27.0,6
11.0,0.99544,0.36,20.0,6
12.9,989.0,0.42,26.0,6
10.9,0.99414,0.39,29.0,6
13.4,0.99014,0.53,20.0,6
10.7,0.99551,0.66,32.0,6
11.0,0.99544,0.36,20.0,6
11.4,0.9908,0.16,23.0,7
10.2,0.9927,0.22,20.0,6
11.0,0.99244,0.23,45.0,6
9.1,0.99752,0.17,45.0,6
11.0,0.99114,0.33,40.0,6
11.5,0.99326,0.38,40.0,6
12.0,0.9906,0.29,38.0,6
11.2,993.0,0.29,16.0,5
11.2,0.99479,0.28,31.0,6
12.6,0.98942,0.36,13.0,7
11.0,0.99036,615.0,8.0,4
10.8,0.99201,0.44,12.0,6
10.9,0.99184,0.42,19.0,5
9.8,0.99441,0.34,48.0,5
9.8,0.99442,0.27,42.0,5
9.5,0.99474,0.33,27.0,5
11.2666666666667,0.9916,0.44,43.0,7
10.8,0.99198,0.28,26.0,5
13.4,0.98949,0.5,23.0,7
11.3,0.9916,0.44,43.0,7
8.9,0.99556,0.62,33.0,5
11.2,0.99151,0.38,36.0,6
11.5,0.99158,305.0,30.0,7
13.0,0.9902,0.5,35.0,7
12.6,0.99204,0.4,20.0,6
13.1,0.98988,0.4,15.0,6
11.2,0.99344,0.49,6.0,5
11.7,0.99394,0.3,50.0,6
10.9,0.99153,0.19,24.0,6
10.9,0.99153,0.19,24.0,6
11.6,0.98981,0.24,14.0,7
10.4,0.99524,0.25,43.0,7
10.9,0.99221,0.21,31.0,7
11.7,0.99394,0.3,50.0,6
10.8,0.99318,0.28,50.0,6
11.2,0.99366,0.29,49.0,6
10.0,0.99494,345.0,26.0,6
10.5666666666667,0.99212,0.51,39.0,5
11.7333333333333,0.99018,0.24,42.0,6
10.6,0.99212,0.51,39.0,5
10.5,0.99596,0.54,59.0,6
11.75,0.99018,0.24,42.0,6
11.4,0.99094,0.26,43.0,6
12.4,0.98968,0.24,25.0,7
10.1,0.99392,0.21,47.0,6
12.3,0.99024,0.29,40.0,6
13.1,0.98774,0.24,49.0,7
10.65,0.99094,0.18,24.0,7
11.4,0.99044,0.26,35.0,7
9.3,0.9938,0.61,40.0,5
10.2,0.99432,695.0,9.0,5
10.2,0.99432,695.0,9.0,5
13.1,0.98966,0.39,49.0,7
9.6,0.99309,0.38,59.0,5
12.8,0.98868,0.36,18.0,7
10.9666666666667,0.9937,0.29,55.0,7
10.9666666666667,0.9937,0.29,55.0,7
10.9666666666667,0.9937,0.29,55.0,7
11.0,0.9937,0.29,55.0,7
13.4,0.98975,0.43,43.0,6
11.2,0.98984,0.25,28.0,6
12.4,0.99063,0.33,14.0,6
11.2,0.99168,0.23,35.0,5
12.4,0.99272,0.17,44.0,6
10.1333333333333,0.99362,0.17,30.0,7
10.1333333333333,0.99365,0.16,31.0,7
12.4,0.99272,0.17,44.0,6
9.1,0.99642,0.31,36.0,5
10.15,0.99365,0.16,31.0,7
10.15,0.99362,0.17,30.0,7
11.5,0.99134,0.44,12.0,5
8.9,0.99732,285.0,57.0,6
10.4666666666667,0.99212,335.0,69.0,5
10.4666666666667,0.99212,335.0,69.0,5
11.8,0.99161,0.28,37.0,7
11.6333333333333,0.9912,0.35,41.0,7
10.6,0.99332,0.21,58.0,6
9.6,0.99636,0.25,41.0,6
11.8,0.99161,0.28,37.0,7
8.9,0.99732,285.0,57.0,6
10.5,0.99212,335.0,69.0,5
10.2,0.99271,0.63,25.0,4
13.1,0.98845,0.27,11.0,6
11.8,0.9899,0.32,15.0,6
12.2,0.99004,0.33,39.0,6
11.45,0.99097,0.24,52.0,6
10.5,0.9966,0.26,23.0,5
10.2,0.99271,0.63,25.0,4
9.0,0.99666,0.16,18.0,6
9.0,0.99666,0.16,18.0,6
9.0,0.99666,0.16,18.0,6
9.0,0.99666,0.16,18.0,6
9.1,0.99954,0.19,38.0,7
8.8,0.99414,0.36,26.0,5
9.0,0.99666,0.16,18.0,6
9.1,0.99954,0.19,38.0,7
12.9,0.99188,0.35,29.0,7
13.0,0.98926,0.15,19.0,6
12.9,0.99188,0.35,29.0,7
9.2,0.99334,0.27,34.0,6
9.8,0.99659,0.3,60.0,5
9.8,0.99659,0.3,60.0,5
10.1,0.9948,0.69,34.0,6
10.1,0.9948,0.69,34.0,6
10.9,0.99074,0.12,36.0,7
9.6,0.9955,0.36,51.0,6
10.4,0.99474,0.27,32.0,6
11.8,0.98966,0.22,25.0,7
10.8,0.99564,205.0,31.0,6
10.6,0.99246,0.33,26.0,6
12.7,0.98984,0.21,45.0,6
12.2,0.99031,0.33,27.0,7
10.8,0.99564,205.0,31.0,6
10.4,0.99474,0.27,32.0,6
11.1,0.99216,0.28,19.0,6
11.8,0.98966,0.22,25.0,7
10.0,0.99512,0.15,17.0,6
10.8,0.9909,315.0,10.0,6
10.3,0.99132,225.0,47.0,6
9.9,0.99378,0.24,32.0,6
10.0,0.99512,0.15,17.0,6
12.25,0.99044,0.27,18.0,5
10.2,0.99521,0.32,27.0,6
9.4,0.99489,0.25,37.0,6
9.7,0.99495,0.42,58.0,6
10.2,0.99521,0.32,27.0,6
10.4,0.9954,0.31,33.0,6
12.2,0.99121,0.48,35.0,6
9.4,0.99489,0.25,37.0,6
10.6,0.99478,0.21,36.0,6
10.7,0.99346,0.32,4.0,5
11.85,0.99331,0.3,13.0,5
11.7,0.99321,0.31,53.0,6
11.7,0.99321,0.31,53.0,6
10.15,0.99218,185.0,47.0,6
11.6333333333333,0.9898,0.16,31.0,6
10.8,0.99144,0.17,14.0,6
10.8,0.99143,0.16,13.0,6
12.3,0.99234,0.24,41.0,7
12.5,0.98972,0.3,33.0,6
11.65,0.9898,0.16,31.0,6
9.6,0.99308,0.32,56.0,5
10.9,0.99218,0.27,42.0,6
10.8,0.99215,0.27,36.0,6
11.2,0.99185,0.14,63.0,5
10.0,0.99438,0.24,17.0,5
10.5,0.99314,0.26,289.0,3
9.1,0.99542,0.23,61.0,6
10.5,0.99428,0.26,25.0,6
9.3,0.99943,0.34,33.0,5
9.3,0.99946,0.35,28.0,6
11.2,0.99185,0.14,63.0,5
10.6,0.99472,0.36,48.0,6
12.1,0.9891,0.25,40.0,7
12.0,0.99076,0.16,35.0,6
9.7,0.99632,0.19,40.0,6
12.4,0.99,0.29,21.0,6
13.6,0.98872,0.38,38.0,7
13.6,0.98872,0.38,38.0,7
11.8,0.99102,0.2,27.0,6
10.0,0.99388,0.17,45.0,6
10.0,0.99388,0.17,45.0,6
9.1,0.99602,0.15,46.0,6
11.9,0.99057,0.48,19.0,7
11.75,0.99072,0.4,45.0,7
11.4,0.99224,0.26,34.0,6
13.0,0.98942,0.3,18.0,8
12.4,0.99171,0.32,28.0,8
9.4,0.99352,0.19,34.0,7
9.6,0.99705,0.27,69.0,6
9.6,0.99705,0.27,69.0,6
9.6,0.99705,0.27,69.0,6
9.6,0.99705,0.27,69.0,6
9.1,0.99654,0.28,47.0,5
12.0,0.98953,0.21,17.0,7
11.2,0.99132,0.24,6.0,4
10.1,0.99204,0.27,42.0,6
10.3,0.99185,0.27,47.0,6
12.3,0.98952,0.27,31.0,6
10.55,0.99704,315.0,28.0,6
10.9,0.99032,0.59,30.0,4
9.7,0.99382,0.3,36.0,5
9.8,0.99382,0.3,34.0,5
8.9,0.9974,0.3,38.0,6
8.9,0.9974,0.3,38.0,6
10.2,0.99546,0.31,55.0,5
11.7,0.99088,0.25,28.0,7
12.8,0.98904,0.32,31.0,8
12.8,989.0,225.0,29.0,8
10.2,0.99546,0.31,55.0,5
13.55,0.98758,0.62,24.0,6
11.6,0.9901,0.3,28.0,6
8.9,0.9974,0.3,38.0,6
13.8,0.98981,785.0,23.0,6
9.4,0.9952,0.31,47.0,6
9.4,0.99519,0.32,46.0,5
10.7,0.99142,105.0,44.0,7
10.7,0.99142,105.0,44.0,7
12.3,0.9897,0.33,28.0,6
10.3,0.99684,0.32,37.0,5
10.4,0.99445,0.26,35.0,6
11.6,0.99051,0.2,45.0,7
10.7,0.99142,105.0,44.0,7
12.8,0.98986,0.28,24.0,8
11.9,0.99189,0.31,42.0,7
12.1,0.98934,0.35,9.0,4
9.2,0.99449,0.26,26.0,6
9.5,0.99566,0.28,37.0,6
11.0,0.99252,0.17,39.0,6
10.9,0.9959,0.35,10.0,5
10.4,0.9924,0.26,66.0,6
9.1,0.99482,375.0,29.0,5
11.4,0.99103,0.17,19.0,6
11.4,0.98946,0.26,46.0,7
9.7,0.99212,0.36,63.0,5
12.4,0.99052,0.4,17.0,6
13.7,0.99026,0.76,18.0,7
10.6,0.99516,0.41,54.0,6
11.2,0.99128,385.0,38.0,6
13.1333333333333,0.9891,0.27,18.0,6
12.4,0.99052,0.4,17.0,6
9.7,0.99212,0.36,63.0,5
11.0,0.99176,0.24,18.0,6
11.3,0.99162,0.23,35.0,6
12.0,0.99193,0.28,22.0,7
9.2,0.9967,0.23,54.0,5
10.7,0.99462,0.34,29.0,6
10.7,0.99462,0.34,29.0,6
11.4,0.99058,0.22,36.0,6
9.2,0.9967,0.23,54.0,5
12.1,0.99258,0.32,22.0,7
11.1,0.99138,0.29,17.0,6
9.7,0.99271,0.38,20.0,6
10.7,0.9917,0.32,17.0,5
10.9,0.99126,0.33,33.0,6
12.0,0.98986,0.37,35.0,7
10.6,0.99154,295.0,40.0,6
9.6,0.99642,0.5,18.0,5
13.1,0.99154,0.28,54.0,6
11.0,0.99313,275.0,28.0,6
11.6,0.99125,405.0,10.0,4
11.95,0.99318,0.34,44.0,7
11.1,0.99099,0.22,97.0,6
11.5,0.99004,0.28,50.0,6
11.3,0.99093,0.34,47.0,5
11.9,0.98924,0.29,38.0,6
9.5,0.99336,0.38,15.0,5
12.2,0.98944,0.3,40.0,6
12.2,0.99022,0.54,52.0,7
11.1,0.99146,0.36,67.0,6
9.6,0.99488,0.33,52.0,5
11.1,0.99146,0.36,67.0,6
9.6,0.99488,0.33,52.0,5
11.4,0.99176,0.23,12.0,5
11.4,0.99001,0.25,20.0,5
12.0666666666667,0.99005,0.35,22.0,6
9.0,0.99755,0.23,26.0,6
9.0,0.99755,0.23,26.0,6
11.4,0.99444,0.38,19.0,6
9.6,0.99502,0.35,53.0,5
11.0,0.99222,0.43,25.0,6
11.0,0.99224,0.52,24.0,6
11.2,0.99067,0.31,16.0,6
11.55,0.99069,0.22,42.0,6
13.3,0.98936,0.36,44.0,7
9.63333333333333,0.99266,0.41,22.0,5
13.6,0.98822,355.0,31.0,6
11.2,0.99138,0.41,30.0,6
13.0,0.98854,0.6,3.0,6
10.8,0.99324,0.23,42.0,6
9.8,0.99626,0.24,8.0,6
11.45,0.99188,0.32,29.0,7
12.05,0.9897,0.2,20.0,6
9.7,0.99622,0.42,50.0,5
11.9,0.99044,0.21,33.0,6
10.0,0.99282,0.2,16.0,6
9.7,0.99245,0.22,18.0,6
11.6,0.99132,0.38,34.0,7
8.8,0.99286,0.54,12.0,5
9.5,0.99234,0.53,6.0,4
9.53333333333333,0.99494,0.34,68.0,6
9.53333333333333,0.99494,0.34,68.0,6
9.4,0.9954,235.0,34.0,6
10.7,0.99184,0.32,45.0,5
11.5,0.98964,0.47,60.0,6
9.6,0.99492,0.33,68.0,5
9.55,0.99494,0.34,68.0,6
12.15,0.99168,0.21,45.0,7
13.0,0.98928,0.41,5.0,7
9.2,0.9933,0.22,38.0,5
9.4,0.9954,235.0,34.0,6
11.8,0.98938,0.34,25.0,6
10.6,0.99074,0.21,38.0,6
9.7,0.99298,0.23,29.0,5
11.2,0.99114,0.21,24.0,6
9.6,0.9949,0.32,57.0,5
9.4,0.99254,0.24,30.0,6
12.8,0.98869,0.29,20.0,7
11.8,0.98941,0.21,22.0,6
